code,name
PS0101114,ALBEHIJE PRIMARY SCHOOL
PS0101128,ARUSHA VICTORY PRIMARY SCHOOL
PS0101116,ASSALAF ISLAMIC PRIMARY SCHOOL
PS0101001,BANGATA PRIMARY SCHOOL
PS0101161,BETHANY PRIMARY SCHOOL
PS0101154,BLUE BELL PRIMARY SCHOOL
PS0101003,BWAWANI PRIMARY SCHOOL
PS0101173,CLEVER KIDS PRIMARY SCHOOL
PS0101143,DEANERY PRIMARY SCHOOL
PS0101135,DINKA PRIMARY SCHOOL
PS0101123,EBENEZER PRIMARY SCHOOL
PS0101005,EKENYWA PRIMARY SCHOOL
PS0101153,EKICA PRIMARY SCHOOL
PS0101006,EMAOI PRIMARY SCHOOL
PS0101188,EMAYAN PRIMARY SCHOOL
PS0101166,ENABOISHU PRIMARY SCHOOL
PS0101007,ENDONYOESOIYE PRIMARY SCHOOL
PS0101008,ENGALAONI PRIMARY SCHOOL
PS0101170,ENGEDEKO PRIMARY SCHOOL
PS0101130,ENGIKARET PRIMARY SCHOOL
PS0101131,ENGILANG'ET PRIMARY SCHOOL
PS0101009,ENGORIKA PRIMARY SCHOOL
PS0101184,ENGORORA BAY PRIMARY SCHOOL
PS0101010,ENGUTUKOITI PRIMARY SCHOOL
PS0101117,ENJORO PRIMARY SCHOOL
PS0101011,ENYUATA PRIMARY SCHOOL
PS0101056,ERETO  PRIMARY SCHOOL
PS0101124,EUNOTO PRIMARY SCHOOL
PS0101121,GOODWILL PRIMARY SCHOOL
PS0101129,GRACIOUS PRIMARY SCHOOL
PS0101012,GREEN ACRES PRIMARY SCHOOL
PS0101158,GREEN PASTURES PRIMARY SCHOOL
PS0101152,HEDA PRIMARY SCHOOL
PS0101136,IKIRWA PRIMARY SCHOOL
PS0101141,ILBORU LUTHERAN PRIMARY SCHOOL
PS0101013,ILBORU PRIMARY SCHOOL
PS0101014,ILKERINI PRIMARY SCHOOL
PS0101015,ILKIDING'A PRIMARY SCHOOL
PS0101016,ILKISONGO PRIMARY SCHOOL
PS0101017,ILKIUREI PRIMARY SCHOOL
PS0101125,ILKONERE PRIMARY SCHOOL
PS0101018,ILKUROTI PRIMARY SCHOOL
PS0101019,IMBIBIA PRIMARY SCHOOL
PS0101137,ISLONG PRIMARY SCHOOL
PS0101020,JK NYERERE PRIMARY SCHOOL
PS0101156,JOBREAS PRIMARY SCHOOL
PS0101022,KAMBI YA MAZIWA PRIMARY SCHOOL
PS0101023,KIGONGONI PRIMARY SCHOOL
PS0101025,KIMNYAKI PRIMARY SCHOOL
PS0101140,KINGDOM PRIMARY SCHOOL
PS0101026,KIOGA PRIMARY SCHOOL
PS0101027,KIRANYI PRIMARY SCHOOL
PS0101028,KISERIAN PRIMARY SCHOOL
PS0101029,KISONGO PRIMARY SCHOOL
PS0101030,LAMOLOKI PRIMARY SCHOOL
PS0101031,LAROI PRIMARY SCHOOL
PS0101110,LASTING BLESS PRIMARY SCHOOL
PS0101159,LEMAADILI PRIMARY SCHOOL
PS0101032,LEMANYATA PRIMARY SCHOOL
PS0101033,LEMINYOR PRIMARY SCHOOL
PS0101034,LEMUGUR PRIMARY SCHOOL
PS0101035,LENGIJAVE PRIMARY SCHOOL
PS0101036,LESIRAA PRIMARY SCHOOL
PS0101118,LIKAMBA INTEGRITY PRIMARY SCHOOL
PS0101037,LIKAMBA PRIMARY SCHOOL
PS0101038,LOOVILUKUNY PRIMARY SCHOOL
PS0101039,LORUVANI PRIMARY SCHOOL
PS0101040,LOSIKITO PRIMARY SCHOOL
PS0101041,LOSINONI PRIMARY SCHOOL
PS0101126,MAASAI JOY PRIMARY SCHOOL
PS0101043,MAJIMOTO PRIMARY SCHOOL
PS0101044,MANYIRE PRIMARY SCHOOL
PS0101106,MARGRETH ENGLANDS BURKS PRIMARY SCHOOL
PS0101045,MARURANI PRIMARY SCHOOL
PS0101047,MATIM PRIMARY SCHOOL
PS0101048,MBUYUNI PRIMARY SCHOOL
PS0101150,MIALE PRIMARY SCHOOL
PS0101049,MIDAWE PRIMARY SCHOOL
PS0101050,MIRONGOINE PRIMARY SCHOOL
PS0101051,MLANGARINI PRIMARY SCHOOL
PS0101052,MOIVO PRIMARY SCHOOL
PS0101046,MOKOLOI PRIMARY SCHOOL
PS0101002,MOSESEM PRIMARY SCHOOL
PS0101054,MRINGA PRIMARY SCHOOL
PS0101119,MSHIKAMANO PRIMARY SCHOOL
PS0101055,MUNGUSHI PRIMARY SCHOOL
PS0101057,MUSA PRIMARY SCHOOL
PS0101058,MUUNGANO PRIMARY SCHOOL
PS0101059,MWANDETI PRIMARY SCHOOL
PS0101060,MZIMUNI PRIMARY SCHOOL
PS0101061,NAMBERE PRIMARY SCHOOL
PS0101132,NAMELOK PRIMARY SCHOOL
PS0101062,NATEMA PRIMARY SCHOOL
PS0101063,NAUREI PRIMARY SCHOOL
PS0101064,NDURUMA PRIMARY SCHOOL
PS0101065,NENGUNGU PRIMARY SCHOOL
PS0101107,NEW LIFE PRIMARY SCHOOL
PS0101115,NEW VISION PRIMARY SCHOOL
PS0101066,NGARAMTONI PRIMARY SCHOOL
PS0101067,NG'IRESI PRIMARY SCHOOL
PS0101172,NGORBOB PRIMARY SCHOOL
PS0101068,NURU PRIMARY SCHOOL
PS0101071,OLBAK PRIMARY SCHOOL
PS0101072,OLCHOKI PRIMARY SCHOOL
PS0101073,OLCHOROVUS PRIMARY SCHOOL
PS0101074,OLDADAI PRIMARY SCHOOL
PS0101075,OLDENDERETI PRIMARY SCHOOL
PS0101076,OLDONYOSAMBU PRIMARY SCHOOL
PS0101077,OLDONYOSAPUK PRIMARY SCHOOL
PS0101078,OLDONYOWAS PRIMARY SCHOOL
PS0101133,OLEMEDEYE PRIMARY SCHOOL
PS0101079,OLGILAI PRIMARY SCHOOL
PS0101080,OLJORO PRIMARY SCHOOL
PS0101082,OLKOKOLA PRIMARY SCHOOL
PS0101083,OLMOTONYI PRIMARY SCHOOL
PS0101084,OLMRINGIRINGA PRIMARY SCHOOL
PS0101086,OLOKII PRIMARY SCHOOL
PS0101108,OLOMITU PRIMARY SCHOOL
PS0101085,OLORIEN VALLEY PRIMARY SCHOOL
PS0101087,OLOSIVA PRIMARY SCHOOL
PS0101088,OLTUROTO PRIMARY SCHOOL
PS0101089,OLTURUMET PRIMARY SCHOOL
PS0101155,PELICAN PRIMARY SCHOOL
PS0101157,ROCKLAND PRIMARY SCHOOL
PS0101147,SAIDE PRIMARY SCHOOL
PS0101090,SAMBASHA PRIMARY SCHOOL
PS0101160,SAMMENA PRIMARY SCHOOL
PS0101138,SAMWA PRIMARY SCHOOL
PS0101091,SASI PRIMARY SCHOOL
PS0101139,SEIA EBENEZER PRIMARY SCHOOL
PS0101092,SEKEI PRIMARY SCHOOL
PS0101093,SELIANI PRIMARY SCHOOL
PS0101148,SHINING STAR PRIMARY SCHOOL
PS0101095,SITI MWINYI PRIMARY SCHOOL
PS0101127,SONGAMBELE PRIMARY SCHOOL
PS0101112,SOTWA WILSON PRIMARY SCHOOL
PS0101134,ST AUGUSTINE PRIMARY SCHOOL
PS0101098,ST MAGRET PRIMARY SCHOOL
PS0101120,ST PAULO PRIMARY SCHOOL
PS0101142,ST. PIUS PRIMARY SCHOOL
PS0101101,THEMI YA SIMBA PRIMARY SCHOOL
PS0101102,TIMBOLO PRIMARY SCHOOL
PS0101103,TRUST ST PATRICK PRIMARY SCHOOL
PS0101096,TURKISH MAARIF PRIMARY SCHOOL
PS0101104,UMOJA PRIMARY SCHOOL
PS0101021,USHINDI PRIMARY SCHOOL
PS0101191,WILMARK PRIMARY SCHOOL
PS0101151,WINNERS PRIMARY SCHOOL
PS0101109,YAKINI PRIMARY SCHOOL
PS0102047,ANGELICO PRIMARY SCHOOL
PS0102073,ARUSHA ALLIANCE PRIMARY SCHOOL
PS0102029,ARUSHA INTERGRATED PRIMARY SCHOOL
PS0102028,ARUSHA MODERN PRIMARY SCHOOL
PS0102001,ARUSHA PRIMARY SCHOOL
PS0102137,ARUSHA ROYAL VISION PRIMARY SCHOOL
PS0102045,ASSUMPTION PRIMARY SCHOOL
PS0102066,AZIMIO PRIMARY SCHOOL
PS0102002,BARAA PRIMARY SCHOOL
PS0102113,BARBRA PRIMARY SCHOOL
PS0102102,BIBLE BAPTIST PRIMARY SCHOOL
PS0102114,BRIGHT FUTURE PRIMARY SCHOOL
PS0102176,BRIGHT SOULS PRIMARY SCHOOL
PS0102074,BURKA ESTATE PRIMARY SCHOOL
PS0102003,BURKA PRIMARY SCHOOL
PS0102097,CAMP JOSHUA PRIMARY SCHOOL
PS0102140,CANOSSA PRIMARY SCHOOL
PS0102126,CARMEL PRIMARY SCHOOL
PS0102115,CHETI PRIMARY SCHOOL
PS0102141,CLASSIC  PRIMARY SCHOOL
PS0102022,DARAJA- II PRIMARY SCHOOL
PS0102116,DOMINION PRIMARY SCHOOL
PS0102048,ELERAI PRIMARY SCHOOL
PS0102127,ELYON PRIMARY SCHOOL
PS0102058,ENALEPO PRIMARY SCHOOL
PS0102037,ENGARENAROK LUTH TETRA PRIMARY SCHOOL
PS0102038,ENGIRA PRIMARY SCHOOL
PS0102004,ENGOSENGIU PRIMARY SCHOOL
PS0102151,ENYORATA PRIMARY SCHOOL
PS0102157,ERETO PRIMARY SCHOOL
PS0102128,ERNEST MEYNER PRIMARY SCHOOL
PS0102129,ESERIAN PRIMARY SCHOOL
PS0102105,GHATI MEMORIAL PRIMARY SCHOOL
PS0102117,GLORIOUS PRIMARY SCHOOL
PS0102118,GLORYLAND PRIMARY SCHOOL
PS0102119,GOLGOTHA PRIMARY SCHOOL
PS0102106,GOOD HOPE PRIMARY SCHOOL
PS0102154,GOSHENI BLESSED PRIMARY SCHOOL
PS0102039,GREEN VALLEY PRIMARY SCHOOL
PS0102143,GREENWHICH  PRIMARY SCHOOL
PS0102046,HADY PRIMARY SCHOOL
PS0102120,HEALSUN PRIMARY SCHOOL
PS0102148,HEAVEN PRIMARY SCHOOL
PS0102178,HEDA DIVINE PRIMARY SCHOOL
PS0102049,HIGH VIEW PRIMARY SCHOOL
PS0102059,HIGHRIDGE PRIMARY SCHOOL
PS0102163,HOPE GIRLS AND BOYS PRIMARY SCHOOL
PS0102077,HOPE PRIMARY SCHOOL
PS0102033,IMANI PRIMARY SCHOOL
PS0102101,INTEGRITY PRIMARY SCHOOL
PS0102103,INTEL PRIMARY SCHOOL
PS0102130,JITIHADA PRIMARY SCHOOL
PS0102121,JOSHUA PRIMARY SCHOOL
PS0102005,KALOLENI PRIMARY SCHOOL
PS0102007,KIJENGE PRIMARY SCHOOL
PS0102034,KILIMANI PRIMARY SCHOOL
PS0102063,KIMANDOLU LUTH PRIMARY SCHOOL
PS0102006,KIMANDOLU PRIMARY SCHOOL
PS0102122,KING DAVID PRIMARY SCHOOL
PS0102123,KISIMANI PRIMARY SCHOOL
PS0102078,LADY OF MERCY PRIMARY SCHOOL
PS0102008,LEMARA PRIMARY SCHOOL
PS0102009,LEVOLOSI PRIMARY SCHOOL
PS0102040,LISE PRIMARY SCHOOL
PS0102050,LOAMO PRIMARY SCHOOL
PS0102131,LOSIYO PRIMARY SCHOOL
PS0102080,LUCKY VINCENT PRIMARY SCHOOL
PS0102107,MACHWA PRIMARY SCHOOL
PS0102081,MAGEREZA PRIMARY SCHOOL
PS0102132,MAJENGO PRIMARY SCHOOL
PS0102051,MAKUMBUSHO PRIMARY SCHOOL
PS0102060,MARANATHA MISSION PRIMARY SCHOOL
PS0102026,MAROMBOSO-BAPTIST PRIMARY SCHOOL
PS0102158,MARY IMMACULATE COMPLEX PRIMARY SCHOOL
PS0102082,MATEVES PRIMARY SCHOOL
PS0102133,MATONYOK PRIMARY SCHOOL
PS0102108,MAWENI PRIMARY SCHOOL
PS0102099,MECSON PRIMARY SCHOOL
PS0102010,MERU PRIMARY SCHOOL
PS0102083,MICHAEL PRIMARY SCHOOL
PS0102011,MKONOO PRIMARY SCHOOL
PS0102052,MOIVOI PRIMARY SCHOOL
PS0102084,MOSHONO PRIMARY SCHOOL
PS0102053,MOUNT MERU PRIMARY SCHOOL
PS0102134,MOUNT SINAI PRIMARY SCHOOL
PS0102181,MSASANI 'B' PRIMARY SCHOOL
PS0102162,MSASANI PRIMARY SCHOOL
PS0102135,MURIET DARAJANI PRIMARY SCHOOL
PS0102085,MURIET PRIMARY SCHOOL
PS0102086,MURONGOINE PRIMARY SCHOOL
PS0102041,MWANGAZA PRIMARY SCHOOL
PS0102012,NADOSOITO PRIMARY SCHOOL
PS0102087,NAKIDO PRIMARY SCHOOL
PS0102064,NALOPA PRIMARY SCHOOL
PS0102144,NARIVA HILL  PRIMARY SCHOOL
PS0102136,NEJOLA PRIMARY SCHOOL
PS0102067,NEW LIFE SOKON I PRIMARY SCHOOL
PS0102155,NEW PRECIOUS PRIMARY SCHOOL
PS0102156,NEW WISDOM PRIMARY SCHOOL
PS0102014,NGARENARO PRIMARY SCHOOL
PS0102015,NJIRO-HILL PRIMARY SCHOOL
PS0102061,NOTRE DAME PRIMARY SCHOOL
PS0102149,NYAHIRI PRIMARY SCHOOL
PS0102088,OLASITI PRIMARY SCHOOL
PS0102089,OLKERYAN PRIMARY SCHOOL
PS0102016,OLOIRIEN PRIMARY SCHOOL
PS0102032,OSUNYAI PRIMARY SCHOOL
PS0102031,PARENTS PRIMARY SCHOOL
PS0102145,PATMOS ISLANDS  PRIMARY SCHOOL
PS0102109,PEACE PRIMARY SCHOOL
PS0102152,PISON PRIMARY SCHOOL
PS0102036,PRIME PRIMARY SCHOOL
PS0102146,RENEA  PRIMARY SCHOOL
PS0102104,ROYAL PRIMARY SCHOOL
PS0102056,SALEI PRIMARY SCHOOL
PS0102017,SANAWARI PRIMARY SCHOOL
PS0102171,SHADES OF HOPE PRIMARY SCHOOL
PS0102043,SHALOM PRIMARY SCHOOL
PS0102090,SHANGARAO PRIMARY SCHOOL
PS0102091,SHEPHERDS PRIMARY SCHOOL
PS0102062,SHINDA BASIC PRIMARY SCHOOL
PS0102018,SINON PRIMARY SCHOOL
PS0102160,SOCRATES PRIMARY SCHOOL
PS0102098,SOJEMA PRIMARY SCHOOL
PS0102042,SOKONI I PRIMARY SCHOOL
PS0102019,SOMBETINI PRIMARY SCHOOL
PS0102168,SOUVENIR PRIMARY SCHOOL
PS0102092,ST ANDREWS PRIMARY SCHOOL
PS0102110,ST GEMMA GALGAN PRIMARY SCHOOL
PS0102100,ST JUDE PRIMARY SCHOOL
PS0102124,ST MARY GORETTI PRIMARY SCHOOL
PS0102111,ST MONICA PRIMARY SCHOOL
PS0102072,ST THADEUS PRIMARY SCHOOL
PS0102153,ST. ARNOLD JANSEN PRIMARY SCHOOL
PS0102125,STAR LIGHT PRIMARY SCHOOL
PS0102030,SUYE PRIMARY SCHOOL
PS0102035,SWIFTS PRIMARY SCHOOL
PS0102150,TANGANYIKA PRIMARY SCHOOL
PS0102138,TEREZA NUZZO PRIMARY SCHOOL
PS0102094,TERRAT PRIMARY SCHOOL
PS0102147,TESTMONY  PRIMARY SCHOOL
PS0102020,THEMI PRIMARY SCHOOL
PS0102071,TUISHIME PRIMARY SCHOOL
PS0102095,UHURU PEAK PRIMARY SCHOOL
PS0102021,UHURU PRIMARY SCHOOL
PS0102054,UKOMBOZI PRIMARY SCHOOL
PS0102023,UNGA-LIMITED PRIMARY SCHOOL
PS0102055,UNITY PRIMARY SCHOOL
PS0102112,UPENDO FRIENDS PRIMARY SCHOOL
PS0102096,WEMA PRIMARY SCHOOL
PS0102175,WINNING SPIRIT PRIMARY SCHOOL
PS0102159,ZASHAZ  PRIMARY SCHOOL
PS0103114,AFRICAN GALLERIA PRIMARY SCHOOL
PS0103074,AKKO PRIMARY SCHOOL
PS0103086,ANTSA PRIMARY SCHOOL
PS0103099,ASKOFU HHANDO PRIMARY SCHOOL
PS0103100,ASLIN PRIMARY SCHOOL
PS0103108,ASLINI GONGALI PRIMARY SCHOOL
PS0103001,AYALABE PRIMARY SCHOOL
PS0103054,AYALALIYO PRIMARY SCHOOL
PS0103104,AYATSERE PRIMARY SCHOOL
PS0103002,BARAKTA PRIMARY SCHOOL
PS0103055,BARAY-KHUSUMAYI PRIMARY SCHOOL
PS0103003,BASHAYKARATU PRIMARY SCHOOL
PS0103004,BASSODAWISH PRIMARY SCHOOL
PS0103083,BONDELAFARU PRIMARY SCHOOL
PS0103005,BUGER PRIMARY SCHOOL
PS0103006,BWAWANI PRIMARY SCHOOL
PS0103110,CATHERINE PRIMARY SCHOOL
PS0103007,CHANGARAWE PRIMARY SCHOOL
PS0103111,CHARM MODERN PRIMARY SCHOOL
PS0103008,CHEMCHEM PRIMARY SCHOOL
PS0103097,COSTIGAN PRIMARY SCHOOL
PS0103058,DIRANGW PRIMARY SCHOOL
PS0103009,DUMBECHAND PRIMARY SCHOOL
PS0103087,DUUMA PRIMARY SCHOOL
PS0103010,ENDABASH PRIMARY SCHOOL
PS0103063,ENDABASH-LAJA PRIMARY SCHOOL
PS0103059,ENDABASH-MANGISA PRIMARY SCHOOL
PS0103081,ENDAGESH PRIMARY SCHOOL
PS0103011,ENDALLAH PRIMARY SCHOOL
PS0103012,ENDAMAGHAN PRIMARY SCHOOL
PS0103013,ENDAMARARIEK PRIMARY SCHOOL
PS0103015,ENDASHANGWET PRIMARY SCHOOL
PS0103088,ENDESH PRIMARY SCHOOL
PS0103014,ENDONYAWE PRIMARY SCHOOL
PS0103065,ENDORO PRIMARY SCHOOL
PS0103125,ESHAW PRIMARY SCHOOL
PS0103051,EYASI PRIMARY SCHOOL
PS0103115,FATHER LIBERMANN PRIMARY SCHOOL
PS0103084,GAMDI PRIMARY SCHOOL
PS0103107,GANAKO PRIMARY SCHOOL
PS0103093,GEER PRIMARY SCHOOL
PS0103017,GENDAA PRIMARY SCHOOL
PS0103018,GETAMOCK PRIMARY SCHOOL
PS0103098,GIDAMILANDA PRIMARY SCHOOL
PS0103066,GIDBASSO PRIMARY SCHOOL
PS0103067,GILALA PRIMARY SCHOOL
PS0103019,GONGALI PRIMARY SCHOOL
PS0103072,GYEKRUM ARUSHA PRIMARY SCHOOL
PS0103016,GYEKURUM LAMBO PRIMARY SCHOOL
PS0103020,GYETIGHI PRIMARY SCHOOL
PS0103080,HARAA PRIMARY SCHOOL
PS0103075,HAREABI PRIMARY SCHOOL
PS0103078,HAYEDESH PRIMARY SCHOOL
PS0103091,HAYMU PRIMARY SCHOOL
PS0103092,JUHUDI PRIMARY SCHOOL
PS0103021,KAINAMRHOTIA PRIMARY SCHOOL
PS0103022,KAMBI YA FARU PRIMARY SCHOOL
PS0103023,KAMBI YA NYOKA PRIMARY SCHOOL
PS0103053,KAMBI YA SIMBA PRIMARY SCHOOL
PS0103024,KANSAY PRIMARY SCHOOL
PS0103113,KARATU NEW VISION PRIMARY SCHOOL
PS0103025,KARATU PRIMARY SCHOOL
PS0103047,KIBAONI PRIMARY SCHOOL
PS0103131,KILIMAMOJA HOT SPRING PRIMARY SCHOOL
PS0103026,KILIMAMOJA PRIMARY SCHOOL
PS0103027,KILIMATEMBO PRIMARY SCHOOL
PS0103073,KINIHHE PRIMARY SCHOOL
PS0103105,KISIMANGEDA PRIMARY SCHOOL
PS0103028,KITETE KCU PRIMARY SCHOOL
PS0103029,KITETE WS PRIMARY SCHOOL
PS0103119,KITUMA PRIMARY SCHOOL
PS0103118,KORIDO PRIMARY SCHOOL
PS0103030,LAGHANGARERY PRIMARY SCHOOL
PS0103031,LAJA PRIMARY SCHOOL
PS0103032,LOSITETE PRIMARY SCHOOL
PS0103060,MAGESHO PRIMARY SCHOOL
PS0103077,MAHHAHHA PRIMARY SCHOOL
PS0103122,MAJIMOTO PRIMARY SCHOOL
PS0103048,MAKHOROMBA PRIMARY SCHOOL
PS0103068,MANG'OLA BARAZANI PRIMARY SCHOOL
PS0103033,MANG'OLA CHINI PRIMARY SCHOOL
PS0103034,MANG'OLA JUU PRIMARY SCHOOL
PS0103035,MANG'OLA NT PRIMARY SCHOOL
PS0103103,MANUSAY PRIMARY SCHOOL
PS0103101,MARAR PRIMARY SCHOOL
PS0103056,MARERA PRIMARY SCHOOL
PS0103094,MARMO PRIMARY SCHOOL
PS0103052,MASABEDA PRIMARY SCHOOL
PS0103069,MATALA PRIMARY SCHOOL
PS0103070,MBUGANYEKUNDU PRIMARY SCHOOL
PS0103036,MBULUMBULU PRIMARY SCHOOL
PS0103109,MBUYUNI PRIMARY SCHOOL
PS0103095,MCHANGANI PRIMARY SCHOOL
PS0103057,MEALI PRIMARY SCHOOL
PS0103049,MENDAY PRIMARY SCHOOL
PS0103045,MIDABINI PRIMARY SCHOOL
PS0103064,MIKOCHENI PRIMARY SCHOOL
PS0103096,MOHEDAGEW PRIMARY SCHOOL
PS0103102,MURUS PRIMARY SCHOOL
PS0103121,NGORONGORO HERITAGE PRIMARY SCHOOL
PS0103046,NJIAPANDA PRIMARY SCHOOL
PS0103089,NJORO PRIMARY SCHOOL
PS0103037,OLDEANI PRIMARY SCHOOL
PS0103038,QANGDEND PRIMARY SCHOOL
PS0103039,QARU PRIMARY SCHOOL
PS0103062,QARU SARAMAY PRIMARY SCHOOL
PS0103050,QARULAMBO PRIMARY SCHOOL
PS0103040,QURUS PRIMARY SCHOOL
PS0103041,RHOTIA PRIMARY SCHOOL
PS0103082,SABASABA PRIMARY SCHOOL
PS0103061,SHANGIT PRIMARY SCHOOL
PS0103079,SHAURIAWAKI PRIMARY SCHOOL
PS0103117,SIMBA MILIMA PRIMARY SCHOOL
PS0103044,SLAHHAMO PRIMARY SCHOOL
PS0103042,SUMAWE PRIMARY SCHOOL
PS0103112,TIDIVI PRIMARY SCHOOL
PS0103043,TLOMA PRIMARY SCHOOL
PS0103090,TUMAINI JUNIOR  PRIMARY SCHOOL
PS0103128,TUMAINI TX PRIMARY SCHOOL
PS0103071,UMBANG'W PRIMARY SCHOOL
PS0103076,UMOJA PRIMARY SCHOOL
PS0103106,YAMAWEEGA PRIMARY SCHOOL
PS0104031,ABERNATHY PRIMARY SCHOOL
PS0104036,BUGURUNI PRIMARY SCHOOL
PS0104001,ELANG'ATADAPASH PRIMARY SCHOOL
PS0104002,ELERAI PRIMARY SCHOOL
PS0104029,EMURUTOTO PRIMARY SCHOOL
PS0104059,ENDIRIMA PRIMARY SCHOOL
PS0104003,ENGARENAIBOR PRIMARY SCHOOL
PS0104004,ENGIKARETI PRIMARY SCHOOL
PS0104062,ENGONGOSUNYAI PRIMARY SCHOOL
PS0104023,EORENDEKE PRIMARY SCHOOL
PS0104005,GELAI BOMBA PRIMARY SCHOOL
PS0104006,GELAI LUMBWA PRIMARY SCHOOL
PS0104049,GREEN EDEN PRIMARY SCHOOL
PS0104054,ILCHANG'SAPUKIN PRIMARY SCHOOL
PS0104007,ILOIRIENITO PRIMARY SCHOOL
PS0104068,IRKASWA 'B' PRIMARY SCHOOL
PS0104024,IRKASWA PRIMARY SCHOOL
PS0104032,IRNG'ONG'WEN PRIMARY SCHOOL
PS0104056,JEONDONG ENGASURAI PRIMARY SCHOOL
PS0104055,JEONDONG IMATIAN PRIMARY SCHOOL
PS0104008,KAMWANGA PRIMARY SCHOOL
PS0104052,KARAO PRIMARY SCHOOL
PS0104009,KETUMBEINE PRIMARY SCHOOL
PS0104010,KIMOKOUWA PRIMARY SCHOOL
PS0104040,KIMWATI PRIMARY SCHOOL
PS0104011,KISERIAN PRIMARY SCHOOL
PS0104030,KITARINI PRIMARY SCHOOL
PS0104021,KITENDENI PRIMARY SCHOOL
PS0104012,LERANG'WA PRIMARY SCHOOL
PS0104041,LESING'ITA PRIMARY SCHOOL
PS0104050,LONGIDO MODERN PRIMARY SCHOOL
PS0104013,LONGIDO PRIMARY SCHOOL
PS0104057,LOONDOLWA PRIMARY SCHOOL
PS0104042,LOPOLOSEK PRIMARY SCHOOL
PS0104022,LOSIRWA PRIMARY SCHOOL
PS0104046,MAASAI PRIMARY SCHOOL
PS0104033,MAGADINI PRIMARY SCHOOL
PS0104037,MAIROWA INTERGRITY PRIMARY SCHOOL
PS0104043,MANGULA PRIMARY SCHOOL
PS0104065,MASAI LAND PRIMARY SCHOOL
PS0104014,MATALE PRIMARY SCHOOL
PS0104051,MELOC PRIMARY SCHOOL
PS0104015,MUNDARARA PRIMARY SCHOOL
PS0104058,NAADARE PRIMARY SCHOOL
PS0104048,NAIBORSOIT PRIMARY SCHOOL
PS0104016,NAMANGA PRIMARY SCHOOL
PS0104060,NAMELOK PRIMARY SCHOOL
PS0104038,NEW VISION ENGIKARET PRIMARY SCHOOL
PS0104017,NGEREYANI PRIMARY SCHOOL
PS0104027,NGOSWAK PRIMARY SCHOOL
PS0104025,NOONDOTO PRIMARY SCHOOL
PS0104026,OLCHORONYOKIE PRIMARY SCHOOL
PS0104018,OLMOLOG PRIMARY SCHOOL
PS0104047,OLMOTI PRIMARY SCHOOL
PS0104044,OLTEPES PRIMARY SCHOOL
PS0104035,ORBOMBA PRIMARY SCHOOL
PS0104053,ORMEE  PRIMARY SCHOOL
PS0104039,RANCH PRIMARY SCHOOL
PS0104028,SINONIK PRIMARY SCHOOL
PS0104019,SINYA PRIMARY SCHOOL
PS0104045,SOKON PRIMARY SCHOOL
PS0104034,ST THERESA PRIMARY SCHOOL
PS0104020,TINGATINGA PRIMARY SCHOOL
PS0105157,AKERI HOPE PRIMARY SCHOOL
PS0105001,AKERI PRIMARY SCHOOL
PS0105188,ALBERT THE GREAT PRIMARY SCHOOL
PS0105002,AMANI PRIMARY SCHOOL
PS0105003,AMBURENI PRIMARY SCHOOL
PS0105159,ANGAZA LUTHERAN PRIMARY SCHOOL
PS0105153,BETHLEHEM STAR PRIMARY SCHOOL
PS0105161,BLUE SKY PRIMARY SCHOOL
PS0105136,CAPRICORN PRIMARY SCHOOL
PS0105004,CHEMCHEM PRIMARY SCHOOL
PS0105133,CHERITH JUNIOR PRIMARY SCHOOL
PS0105109,DAVIS PREPARATORY PRIMARY SCHOOL
PS0105151,DESTINY PRIMARY SCHOOL
PS0105140,DIAMOND PRIMARY SCHOOL
PS0105005,DOLLY PRIMARY SCHOOL
PS0105148,EAST MERU COMMUNITY  PRIMARY SCHOOL
PS0105119,ELIZABETH CENTRE PRIMARY SCHOOL
PS0105006,EMMANUEL PRIMARY SCHOOL
PS0105007,ENGATANI PRIMARY SCHOOL
PS0105100,ENGEJISOSIA PRIMARY SCHOOL
PS0105122,ENYORATA PRIMARY SCHOOL
PS0105132,ESTHA MEMORIAL ACADEMY PRIMARY SCHOOL
PS0105008,ETINGARE PRIMARY SCHOOL
PS0105175,FAYE CRANE CHEMCHEM PRIMARY SCHOOL
PS0105009,FIKIRIA KWANZA PRIMARY SCHOOL
PS0105154,GRACE ULONG'A PRIMARY SCHOOL
PS0105112,HARADALI PRIMARY SCHOOL
PS0105162,HOLY PEAK PRIMARY SCHOOL
PS0105010,ILKIRIMUNI PRIMARY SCHOOL
PS0105011,IMBASENI PRIMARY SCHOOL
PS0105137,IMBASSENY PEACE PRIMARY SCHOOL
PS0105165,JALIGREEN PRIMARY SCHOOL
PS0105167,JOY'S MILLENIUM PRIMARY SCHOOL
PS0105111,KALOLENI PRIMARY SCHOOL
PS0105012,KANDASHE PRIMARY SCHOOL
PS0105013,KARANGAI PRIMARY SCHOOL
PS0105172,KERIKENY PRIMARY SCHOOL
PS0105014,KIKATITI PRIMARY SCHOOL
PS0105042,KIKULETWA PRIMARY SCHOOL
PS0105015,KIKWE PRIMARY SCHOOL
PS0105016,KILIMANI PRIMARY SCHOOL
PS0105017,KILINGA PRIMARY SCHOOL
PS0105123,KIMANDAFU PRIMARY SCHOOL
PS0105018,KIMOSONU PRIMARY SCHOOL
PS0105019,KIMUNDO PRIMARY SCHOOL
PS0105020,KING'ORI PRIMARY SCHOOL
PS0105120,KIRENGA PRIMARY SCHOOL
PS0105022,KISIMIRI CHINI PRIMARY SCHOOL
PS0105023,KISIMIRI JUU PRIMARY SCHOOL
PS0105021,KITEFU PRIMARY SCHOOL
PS0105170,KIWAHUMU PRIMARY SCHOOL
PS0105110,KIWAWA PRIMARY SCHOOL
PS0105024,KOLILA PRIMARY SCHOOL
PS0105144,KOMBO PRIMARY SCHOOL
PS0105025,KWATULELE PRIMARY SCHOOL
PS0105026,KWAUGORO PRIMARY SCHOOL
PS0105027,LEGANGA PRIMARY SCHOOL
PS0105028,LEGURUKI PRIMARY SCHOOL
PS0105101,LENDOIYA PRIMARY SCHOOL
PS0105029,LERAI PRIMARY SCHOOL
PS0105030,LOSITETI PRIMARY SCHOOL
PS0105134,MAASAI VISION PRIMARY SCHOOL
PS0105031,MAJENGO PRIMARY SCHOOL
PS0105032,MAJI YA CHAI PRIMARY SCHOOL
PS0105033,MAKIBA PRIMARY SCHOOL
PS0105034,MAKUMIRA PRIMARY SCHOOL
PS0105035,MALULA PRIMARY SCHOOL
PS0105036,MANYATA PRIMARY SCHOOL
PS0105155,MANYOTA PRIMARY SCHOOL
PS0105040,MAREU PRIMARY SCHOOL
PS0105052,MARIADO PRIMARY SCHOOL
PS0105037,MARORONI PRIMARY SCHOOL
PS0105038,MARUANGO PRIMARY SCHOOL
PS0105113,MAUA PRIMARY SCHOOL
PS0105041,MAVINUNI PRIMARY SCHOOL
PS0105039,MAWENI PRIMARY SCHOOL
PS0105121,MBAASENY PRIMARY SCHOOL
PS0105102,MBORENYI PRIMARY SCHOOL
PS0105169,MERU VISION PRIMARY SCHOOL
PS0105044,MFULONYI PRIMARY SCHOOL
PS0105103,MIEMBENI PRIMARY SCHOOL
PS0105045,MIGANDINI PRIMARY SCHOOL
PS0105046,MIKUNGANI PRIMARY SCHOOL
PS0105047,MIKUUNI PRIMARY SCHOOL
PS0105048,MIRIRINI PRIMARY SCHOOL
PS0105049,MOIVARO PRIMARY SCHOOL
PS0105050,MOWARA PRIMARY SCHOOL
PS0105051,MSITU WA MBOGO PRIMARY SCHOOL
PS0105116,MUKURU PRIMARY SCHOOL
PS0105053,MULALA PRIMARY SCHOOL
PS0105054,MWAKENY PRIMARY SCHOOL
PS0105055,NAMBALA PRIMARY SCHOOL
PS0105138,NARIVA ACADEMY PRIMARY SCHOOL
PS0105184,NASHOLI PRIMARY SCHOOL
PS0105056,NASULA PRIMARY SCHOOL
PS0105168,NAZARETH LERAI PRIMARY SCHOOL
PS0105099,NAZARETI PRIMARY SCHOOL
PS0105058,NDOOMBO PRIMARY SCHOOL
PS0105160,NEW HOPE PRIMARY SCHOOL
PS0105059,NGABOBO PRIMARY SCHOOL
PS0105104,NGANANA PRIMARY SCHOOL
PS0105060,NGARENANYUKI PRIMARY SCHOOL
PS0105068,NGONGONGARE PRIMARY SCHOOL
PS0105125,NGORIKA HAPPY WATOTO PRIMARY SCHOOL
PS0105069,NGURDOTO PRIMARY SCHOOL
PS0105143,NGURUMA PRIMARY SCHOOL
PS0105061,NGYANI PRIMARY SCHOOL
PS0105062,NGYEKU PRIMARY SCHOOL
PS0105129,NIRUVANDE PRIMARY SCHOOL
PS0105064,NKOAKIRIKA PRIMARY SCHOOL
PS0105063,NKOAMANGASHA PRIMARY SCHOOL
PS0105067,NKOANEKOLI PRIMARY SCHOOL
PS0105057,NKOANRUA PRIMARY SCHOOL
PS0105065,NKOANSIYO PRIMARY SCHOOL
PS0105066,NKOARANGA PRIMARY SCHOOL
PS0105072,NKOASENGA PRIMARY SCHOOL
PS0105105,NOSEIYA PRIMARY SCHOOL
PS0105106,NRUMANGENY PRIMARY SCHOOL
PS0105071,NSHUPU PRIMARY SCHOOL
PS0105070,NTUWE PRIMARY SCHOOL
PS0105114,NURU PRIMARY SCHOOL
PS0105073,OLDEVES PRIMARY SCHOOL
PS0105074,OLKUNG'WADO PRIMARY SCHOOL
PS0105075,PATANDI PRIMARY SCHOOL
PS0105076,PATANUMBE PRIMARY SCHOOL
PS0105130,PEACE MATUNDA PRIMARY SCHOOL
PS0105156,PIERALBA PRIMARY SCHOOL
PS0105077,POLI PRIMARY SCHOOL
PS0105150,PRECIOUS PRIMARY SCHOOL
PS0105079,SAKILA PRIMARY SCHOOL
PS0105078,SAMARIA PRIMARY SCHOOL
PS0105080,SANGANANU PRIMARY SCHOOL
PS0105117,SAVANA PRIMARY SCHOOL
PS0105171,SAYUNI PRIMARY SCHOOL
PS0105081,SEELA PRIMARY SCHOOL
PS0105149,SHAKINA PRIMARY SCHOOL
PS0105145,SHIKABANIA PRIMARY SCHOOL
PS0105177,SHINE PRIMARY SCHOOL
PS0105084,SHISHTONY PRIMARY SCHOOL
PS0105096,SILVERLEAF PRIMARY SCHOOL
PS0105186,SILVERMERU PRIMARY SCHOOL
PS0105158,SIMBA VISION ACADEMY PRIMARY SCHOOL
PS0105082,SINAI PRIMARY SCHOOL
PS0105083,SING'ISI PRIMARY SCHOOL
PS0105115,SLUYS ANDERSON PRIMARY SCHOOL
PS0105085,SONGORO PRIMARY SCHOOL
PS0105139,ST. FRANCIS DE SALE PRIMARY SCHOOL
PS0105173,STAR PRIMARY SCHOOL
PS0105043,STEPS PRIMARY SCHOOL
PS0105174,SUN OF HOPE PRIMARY SCHOOL
PS0105164,SUNSHIELD PRIMARY SCHOOL
PS0105086,SURA PRIMARY SCHOOL
PS0105087,SURUMALA PRIMARY SCHOOL
PS0105088,TANZANIA ADVENTIST PRIMARY SCHOOL
PS0105127,TANZANITE PRIMARY SCHOOL
PS0105089,TENGERU PRIMARY SCHOOL
PS0105124,TENGERU PRIMARY SCHOOL
PS0105163,THE SCHOOL OF KELLY PRIMARY SCHOOL
PS0105135,TUMAINI MISSION TRUST PRIMARY SCHOOL
PS0105090,TUVAILA PRIMARY SCHOOL
PS0105091,ULONG'A PRIMARY SCHOOL
PS0105118,UPENDO ACADEMY PRIMARY SCHOOL
PS0105092,UPENDO PRIMARY SCHOOL
PS0105093,URAKI PRIMARY SCHOOL
PS0105094,URISHO PRIMARY SCHOOL
PS0105095,USA PRIMARY SCHOOL
PS0105108,USHILI PRIMARY SCHOOL
PS0105097,VALESKA PRIMARY SCHOOL
PS0105142,WORSEG VISION PRIMARY SCHOOL
PS0105126,YOUNG ROSES PRIMARY SCHOOL
PS0106032,ARKARIA PRIMARY SCHOOL
PS0106001,ARKATANI PRIMARY SCHOOL
PS0106077,BANDARI PRIMARY SCHOOL
PS0106043,BARAKA PRIMARY SCHOOL
PS0106086,DRIVE CHANGE PRIMARY SCHOOL
PS0106036,ELUWAI PRIMARY SCHOOL
PS0106089,EMAIRETE PRIMARY SCHOOL
PS0106070,EMBURIS PRIMARY SCHOOL
PS0106074,ENDEPES PRIMARY SCHOOL
PS0106054,ENG'AROJI PRIMARY SCHOOL
PS0106002,ENGARUKA CHINI PRIMARY SCHOOL
PS0106003,ENGARUKA JUU PRIMARY SCHOOL
PS0106081,ENGARUKA PRIMARY SCHOOL
PS0106055,ENGIRGIR PRIMARY SCHOOL
PS0106004,ENGUIKI PRIMARY SCHOOL
PS0106005,ESILALEI PRIMARY SCHOOL
PS0106047,EUNOTO PRIMARY SCHOOL
PS0106068,HIHA PRIMARY SCHOOL
PS0106050,IRMORIJO PRIMARY SCHOOL
PS0106078,JAERIM PRIMARY SCHOOL
PS0106046,JANGWANI PRIMARY SCHOOL
PS0106040,KHATAMULANBIYAA PRIMARY SCHOOL
PS0106006,KIGONGONI PRIMARY SCHOOL
PS0106038,KILIMATINDE PRIMARY SCHOOL
PS0106080,KIPOK PRIMARY SCHOOL
PS0106056,LAIBONI PRIMARY SCHOOL
PS0106079,LAKE MANYARA PRIMARY SCHOOL
PS0106007,LASHAINE PRIMARY SCHOOL
PS0106045,LEMOOT PRIMARY SCHOOL
PS0106008,LENDIKINYA PRIMARY SCHOOL
PS0106073,LENGIJAPE PRIMARY SCHOOL
PS0106075,LENGILORIT PRIMARY SCHOOL
PS0106052,LENGOLWA PRIMARY SCHOOL
PS0106009,LEPURKO PRIMARY SCHOOL
PS0106010,LOLKISALE PRIMARY SCHOOL
PS0106060,LOOSINGIRANI PRIMARY SCHOOL
PS0106048,LOSIKITO PRIMARY SCHOOL
PS0106011,LOSIMINGORI PRIMARY SCHOOL
PS0106059,LOSIRWA PRIMARY SCHOOL
PS0106088,LUCAS MHINA PRIMARY SCHOOL
PS0106012,MAJENGO PRIMARY SCHOOL
PS0106013,MAKUYUNI PRIMARY SCHOOL
PS0106014,MANYARA PRIMARY SCHOOL
PS0106015,MAZOEZI PRIMARY SCHOOL
PS0106042,MBAASH PRIMARY SCHOOL
PS0106016,MBUYUNI PRIMARY SCHOOL
PS0106017,MESERANI CHINI PRIMARY SCHOOL
PS0106018,MESERANI JUU PRIMARY SCHOOL
PS0106065,MEYER'S PRIMARY SCHOOL
PS0106019,MFEREJI PRIMARY SCHOOL
PS0106044,MIGOMBANI PRIMARY SCHOOL
PS0106020,MLIMANI PRIMARY SCHOOL
PS0106021,MOITA BWAWANI PRIMARY SCHOOL
PS0106022,MOITA KILORITI PRIMARY SCHOOL
PS0106023,MONDULI JUU PRIMARY SCHOOL
PS0106062,MONDULI VALLEY PRIMARY SCHOOL
PS0106041,MSWAKINI JUU PRIMARY SCHOOL
PS0106024,MSWAKINI PRIMARY SCHOOL
PS0106025,MTI MMOJA PRIMARY SCHOOL
PS0106026,MTO WA MBU PRIMARY SCHOOL
PS0106051,MWALIMU ANNA ACADEMY PRIMARY SCHOOL
PS0106033,NAALARAMI PRIMARY SCHOOL
PS0106039,NAFCO PRIMARY SCHOOL
PS0106027,NAITI PRIMARY SCHOOL
PS0106028,NAITOLIA PRIMARY SCHOOL
PS0106063,NANINA PRIMARY SCHOOL
PS0106057,NANJA PRIMARY SCHOOL
PS0106076,NASHIPAY PRIMARY SCHOOL
PS0106064,NDINYIKA PRIMARY SCHOOL
PS0106029,NDUKUSI PRIMARY SCHOOL
PS0106067,NGALAWA ACADEMY PRIMARY SCHOOL
PS0106030,NGARASHI PRIMARY SCHOOL
PS0106037,OLARASH PRIMARY SCHOOL
PS0106035,OLTUKAI PRIMARY SCHOOL
PS0106066,OOLA ACADEMY PRIMARY SCHOOL
PS0106034,ORKEESWA PRIMARY SCHOOL
PS0106058,PERFECT PRIMARY SCHOOL
PS0106069,SASA PRIMARY SCHOOL
PS0106031,SELELA PRIMARY SCHOOL
PS0106049,SINONI PRIMARY SCHOOL
PS0106061,SIRONGA PRIMARY SCHOOL
PS0106053,SOKOINE PRIMARY SCHOOL
PS0106072,ST.JUDE THADEUS PRIMARY SCHOOL
PS0107001,ALAILELAI PRIMARY SCHOOL
PS0107002,ARASH PRIMARY SCHOOL
PS0107068,BISIKENE PRIMARY SCHOOL
PS0107066,BRIGHT PRIMARY SCHOOL
PS0107003,BULATI PRIMARY SCHOOL
PS0107080,BUTEMINE PRIMARY SCHOOL
PS0107077,CHRISTOPHER HALLORAN PRIMARY SCHOOL
PS0107079,DIGODIGO GCCT PRIMARY SCHOOL
PS0107004,DIGODIGO PRIMARY SCHOOL
PS0107078,EMBAASI PRIMARY SCHOOL
PS0107005,ENDULEN PRIMARY SCHOOL
PS0107030,ENGARESERO PRIMARY SCHOOL
PS0107006,ENGUSEROSAMBU PRIMARY SCHOOL
PS0107069,EREKO PRIMARY SCHOOL
PS0107007,ESERE PRIMARY SCHOOL
PS0107076,ILTULELE PRIMARY SCHOOL
PS0107075,INDOINYO PRIMARY SCHOOL
PS0107008,IRKEEPUSI PRIMARY SCHOOL
PS0107071,IRKIPOR PRIMARY SCHOOL
PS0107020,JEMA PRIMARY SCHOOL
PS0107009,KAKESIO PRIMARY SCHOOL
PS0107034,KAPENJIRO PRIMARY SCHOOL
PS0107050,KIRTALO PRIMARY SCHOOL
PS0107010,KISANGIRO PRIMARY SCHOOL
PS0107062,LEMISHIRI PRIMARY SCHOOL
PS0107049,LOLIONDO GCCT PRIMARY SCHOOL
PS0107011,LOLIONDO PRIMARY SCHOOL
PS0107070,LORESHO PRIMARY SCHOOL
PS0107027,LORIEN PRIMARY SCHOOL
PS0107084,LOSIRWA PRIMARY SCHOOL
PS0107029,LOSOITO PRIMARY SCHOOL
PS0107058,LUMO PRIMARY SCHOOL
PS0107028,MAALON PRIMARY SCHOOL
PS0107061,MAGERI PRIMARY SCHOOL
PS0107059,MAIROWA PRIMARY SCHOOL
PS0107012,MAKAO MAPYA PRIMARY SCHOOL
PS0107013,MALAMBO PRIMARY SCHOOL
PS0107063,MAMA SARA PRIMARY SCHOOL
PS0107067,MARIE CORRENSON PRIMARY SCHOOL
PS0107081,MASAMBURAI PRIMARY SCHOOL
PS0107051,MASUSU PRIMARY SCHOOL
PS0107064,MDITO PRIMARY SCHOOL
PS0107037,MGONGO PRIMARY SCHOOL
PS0107040,MISIGIYO PRIMARY SCHOOL
PS0107014,MOKILAL PRIMARY SCHOOL
PS0107052,MONDOROS PRIMARY SCHOOL
PS0107038,MONIC PRIMARY SCHOOL
PS0107053,NAAN PRIMARY SCHOOL
PS0107015,NAINOKANOKA PRIMARY SCHOOL
PS0107016,NAIYOBI PRIMARY SCHOOL
PS0107056,NASERIAN PRIMARY SCHOOL
PS0107044,NDIAN PRIMARY SCHOOL
PS0107035,NG'ARWA PRIMARY SCHOOL
PS0107046,NGOILE PRIMARY SCHOOL
PS0107045,NJOROI PRIMARY SCHOOL
PS0107054,OLALAA PRIMARY SCHOOL
PS0107017,OLBALBAL PRIMARY SCHOOL
PS0107055,OLCHANIMELOK PRIMARY SCHOOL
PS0107018,OLDONYOSAMBU PRIMARY SCHOOL
PS0107043,OLDONYOWAS PRIMARY SCHOOL
PS0107019,OLOIPIRI PRIMARY SCHOOL
PS0107048,OLOIROBI PRIMARY SCHOOL
PS0107021,OLOLOSOKWAN PRIMARY SCHOOL
PS0107036,OLPIRO PRIMARY SCHOOL
PS0107060,ORKIU PRIMARY SCHOOL
PS0107072,ORMANIE PRIMARY SCHOOL
PS0107031,OSINONI PRIMARY SCHOOL
PS0107039,PINYINYI PRIMARY SCHOOL
PS0107022,PIYAYA PRIMARY SCHOOL
PS0107047,RERA PRIMARY SCHOOL
PS0107023,SAKALA PRIMARY SCHOOL
PS0107024,SALE PRIMARY SCHOOL
PS0107025,SAMUNGE PRIMARY SCHOOL
PS0107041,SENDUI PRIMARY SCHOOL
PS0107026,SOITSAMBU PRIMARY SCHOOL
PS0107074,ST. LUKE PRIMARY SCHOOL
PS0107042,SUKENYA PRIMARY SCHOOL
PS0107057,TINAGA PRIMARY SCHOOL
PS0107065,TUMAINI PRIMARY SCHOOL
PS0107032,WASSO PRIMARY SCHOOL
PS0107033,YASIMDITO PRIMARY SCHOOL
PS0202112,ABC CAPITAL PRIMARY SCHOOL
PS0202105,ACCT PRIMARY SCHOOL
PS0202339,AFAP PRIMARY SCHOOL
PS0202097,AFRICAN PRIMARY SCHOOL
PS0202100,AGNES MICHAEL PRIMARY SCHOOL
PS0202271,AHEEP PRIMARY SCHOOL
PS0202052,AIR WING PRIMARY SCHOOL
PS0202261,AL-BAYAAN PRIMARY SCHOOL
PS0202111,AL-FAROUQ PRIMARY SCHOOL
PS0202068,AL-FURQAAN PRIMARY SCHOOL
PS0202099,AL-HILAL PRIMARY SCHOOL
PS0202041,AL-MADRASA-TUS-ASAIFIYA-TUL--PRIMA PRIMARY SCHOOL
PS0202001,AMANA PRIMARY SCHOOL
PS0202009,AMANI PRIMARY SCHOOL
PS0202090,ANDREWS PRIMARY SCHOOL
PS0202161,BANGULO PRIMARY SCHOOL
PS0202116,BARIADI PRIMARY SCHOOL
PS0202194,BATIVALLEY PRIMARY SCHOOL
PS0202196,BENEDICT PRIMARY SCHOOL
PS0202246,BIN' OMUKAMA PRIMARY SCHOOL
PS0202212,BLESSED HILL PRIMARY SCHOOL
PS0202248,BLUE NILE PRIMARY SCHOOL
PS0202250,BOANERGES PRIMARY SCHOOL
PS0202002,BOMA PRIMARY SCHOOL
PS0202193,BOMBAMBILI PRIMARY SCHOOL
PS0202173,BONYOKWA PRIMARY SCHOOL
PS0202276,BRI MINDS PRIMARY SCHOOL
PS0202236,BRIGHT AFRICAN PRIMARY SCHOOL
PS0202285,BRIGHT ANGELS PRIMARY SCHOOL
PS0202315,BRIGHT CAPITAL PRIMARY SCHOOL
PS0202054,BUGURUNI KISIWANI PRIMARY SCHOOL
PS0202087,BUGURUNI MOTO MPYA PRIMARY SCHOOL
PS0202003,BUGURUNI PRIMARY SCHOOL
PS0202005,BUGURUNI-VIZIWI PRIMARY SCHOOL
PS0202006,BUNGE PRIMARY SCHOOL
PS0202141,BUYUNI-II PRIMARY SCHOOL
PS0202053,BWAWANI PRIMARY SCHOOL
PS0202244,CACEJES PRIMARY SCHOOL
PS0202142,CHANIKA PRIMARY SCHOOL
PS0202029,CHRISTTHEKING PRIMARY SCHOOL
PS0202197,CLICK PRIMARY SCHOOL
PS0202296,CREST PRIMARY SCHOOL
PS0202191,DADDY PRIMARY SCHOOL
PS0202209,DAILY LIFE PRIMARY SCHOOL
PS0202326,DAR ES SALAAM BLUE SKY 'B' PRIMARY SCHOOL
PS0202121,DARAJANI PRIMARY SCHOOL
PS0202247,DECENT PRIMARY SCHOOL
PS0202046,DIAMOND PRIMARY SCHOOL
PS0202264,DR ELIMU PRIMARY SCHOOL
PS0202252,EGALITARIAN PRIMARY SCHOOL
PS0202190,ERMELINDA PRIMARY SCHOOL
PS0202222,FORTUNE PRIMARY SCHOOL
PS0202108,FOUNTAIN GATE ACADEMY PRIMARY SCHOOL
PS0202273,FREEDOM AND VICTORY PRIMARY SCHOOL
PS0202200,FULL GOSPEL PRIMARY SCHOOL
PS0202106,GENIUS KINGS' PRIMARY SCHOOL
PS0202008,GEREZANI PRIMARY SCHOOL
PS0202260,GIFT PRIMARY SCHOOL
PS0202292,GISELA JUNIOR PRIMARY SCHOOL
PS0202224,GISELA PRIMARY SCHOOL
PS0202129,GOF PRIMARY SCHOOL
PS0202227,GOGO PRIMARY SCHOOL
PS0202272,GOLDEN HILL PRIMARY SCHOOL
PS0202084,GONGO LA MBOTO JICA PRIMARY SCHOOL
PS0202076,GONGOLAMBOTO JESHINI  PRIMARY SCHOOL
PS0202153,GREENHILL PRIMARY SCHOOL
PS0202274,HARGICO PRIMARY SCHOOL
PS0202103,HAVARD PRIMARY SCHOOL
PS0202042,HEKIMA PRIMARY SCHOOL
PS0202282,HELLEN PRIMARY SCHOOL
PS0202096,HERITAGE PRIMARY SCHOOL
PS0202183,HEROES PRIMARY SCHOOL
PS0202130,HIGHLIGHT PRIMARY SCHOOL
PS0202094,HIGHMOUNT PRIMARY SCHOOL
PS0202199,HOLY FAMILY PRIMARY SCHOOL
PS0202237,HOPE PRIMARY SCHOOL
PS0202102,ILALA ISLAMIC PRIMARY SCHOOL
PS0202011,ILALA PRIMARY SCHOOL
PS0202162,IMANI ACADEMY CENTRE PRIMARY SCHOOL
PS0202154,JITIHADA PRIMARY SCHOOL
PS0202329,JOPAM PRIMARY SCHOOL
PS0202048,JUHUDI PRIMARY SCHOOL
PS0202198,KABBY PRIMARY SCHOOL
PS0202134,KAMENE PRIMARY SCHOOL
PS0202205,KANANURA PRIMARY SCHOOL
PS0202013,KARAKATA PRIMARY SCHOOL
PS0202151,KEREZANGE PRIMARY SCHOOL
PS0202265,KIBADENI PRIMARY SCHOOL
PS0202174,KIBAGA PRIMARY SCHOOL
PS0202155,KIBOGA PRIMARY SCHOOL
PS0202208,KICHANGANI PRIMARY SCHOOL
PS0202275,KIDOLE PRIMARY SCHOOL
PS0202287,KIDS BRIDGE PRIMARY SCHOOL
PS0202257,KIDUGALO PRIMARY SCHOOL
PS0202157,KIFURU PRIMARY SCHOOL
PS0202163,KIGEZI PRIMARY SCHOOL
PS0202055,KIGILAGILA PRIMARY SCHOOL
PS0202168,KIGOGO FRESH PRIMARY SCHOOL
PS0202125,KIGOLU PRIMARY SCHOOL
PS0202181,KILIMANI PRIMARY SCHOOL
PS0202040,KIMANGA PRIMARY SCHOOL
PS0202167,KIMWANI PRIMARY SCHOOL
PS0202137,KING DAVID (2019) PRIMARY SCHOOL
PS0202110,KINGDOM HERITAGE PRIMARY SCHOOL
PS0202254,KINYAMWEZI MPYA PRIMARY SCHOOL
PS0202255,KINYEREZI ADVENTIST PRIMARY SCHOOL
PS0202258,KINYEREZI ISLAMIC PRIMARY SCHOOL
PS0202216,KINYEREZI JICA PRIMARY SCHOOL
PS0202146,KINYEREZI PRIMARY SCHOOL
PS0202117,KIPAWA LIBERMANN PRIMARY SCHOOL
PS0202156,KIPUNGUNI PRIMARY SCHOOL
PS0202082,KISUKURU PRIMARY SCHOOL
PS0202016,KISUTU PRIMARY SCHOOL
PS0202175,KITONGA PRIMARY SCHOOL
PS0202147,KITUNDA PRIMARY SCHOOL
PS0202266,KIVULE ANNEX PRIMARY SCHOOL
PS0202158,KIVULE PRIMARY SCHOOL
PS0202019,KIWALANI PRIMARY SCHOOL
PS0202210,KIYOMBO PRIMARY SCHOOL
PS0202049,KOMBO PRIMARY SCHOOL
PS0202192,KWILA PRIMARY SCHOOL
PS0202159,LAWRENCE CITIZENS PRIMARY SCHOOL
PS0202207,LEDACTOM PRIMARY SCHOOL
PS0202277,LILASIA PRIMARY SCHOOL
PS0202056,LIWITI PRIMARY SCHOOL
PS0202107,LOVENESS JUNIOR SCHOOL PRIMARY SCHOOL
PS0202226,LUBAKAYA PRIMARY SCHOOL
PS0202180,LUKOONI PRIMARY SCHOOL
PS0202020,LUMUMBA PRIMARY SCHOOL
PS0202123,LUSASARO PRIMARY SCHOOL
PS0202010,MAARIFA PRIMARY SCHOOL
PS0202182,MACEDONIA PRIMARY SCHOOL
PS0202057,MAENDELEO PRIMARY SCHOOL
PS0202228,MAFANIKIO PRIMARY SCHOOL
PS0202128,MAGHOROFANI PRIMARY SCHOOL
PS0202164,MAGOLE PRIMARY SCHOOL
PS0202085,MAGOZA PRIMARY SCHOOL
PS0202243,MAI PRIMARY SCHOOL
PS0202086,MAJANI YA CHAI PRIMARY SCHOOL
PS0202213,MAJMAAL BAHRAIN PRIMARY SCHOOL
PS0202143,MAJOHE PRIMARY SCHOOL
PS0202234,MAJORITY PRIMARY SCHOOL
PS0202058,MAKTABA PRIMARY SCHOOL
PS0202242,MALEN PRIMARY SCHOOL
PS0202186,MARILYNN PRIMARY SCHOOL
PS0202077,MARKAZISLAMIC PRIMARY SCHOOL
PS0202239,MARY MOTHER OF MERCY PRIMARY SCHOOL
PS0202263,MARY'S CAMP PRIMARY SCHOOL
PS0202178,MASAKA PRIMARY SCHOOL
PS0202172,MBONDOLE PRIMARY SCHOOL
PS0202021,MCHIKICHINI PRIMARY SCHOOL
PS0202115,MEMON PRIMARY SCHOOL
PS0202232,MGEULE PRIMARY SCHOOL
PS0202233,MGIKUMBE PRIMARY SCHOOL
PS0202185,MICHAEL MAUSA PRIMARY SCHOOL
PS0202047,MIEMBENI PRIMARY SCHOOL
PS0202139,MIKONGENI PRIMARY SCHOOL
PS0202022,MINAZI MIREFU PRIMARY SCHOOL
PS0202059,MISEWE PRIMARY SCHOOL
PS0202206,MISITU PRIMARY SCHOOL
PS0202160,MISSIONKITUNDA PRIMARY SCHOOL
PS0202176,MJI MPYA PRIMARY SCHOOL
PS0202061,MKOANI PRIMARY SCHOOL
PS0202023,MNAZI-MMOJA PRIMARY SCHOOL
PS0202088,MOGO PRIMARY SCHOOL
PS0202091,MONGOLA NDEGE PRIMARY SCHOOL
PS0202122,MONTESSORI MSIMBAZI PRIMARY SCHOOL
PS0202223,MOSHI FOUNTAIN PRIMARY SCHOOL
PS0202189,MOUNT PLEASANT PRIMARY SCHOOL
PS0202286,MOUNT THOMAS PRIMARY SCHOOL
PS0202101,MOUNT ZION PRIMARY SCHOOL
PS0202025,MSIMBAZI PRIMARY SCHOOL
PS0202024,MSIMBAZI-MSETO PRIMARY SCHOOL
PS0202267,MSONGOLA MPYA PRIMARY SCHOOL
PS0202144,MSONGOLA PRIMARY SCHOOL
PS0202037,MTAKUJA PRIMARY SCHOOL
PS0202062,MTAMBANI PRIMARY SCHOOL
PS0202026,MTENDENI PRIMARY SCHOOL
PS0202235,MTUKI HIGHLAND PRIMARY SCHOOL
PS0202138,MUHANGA PRIMARY SCHOOL
PS0202027,MUHIMBILI PRIMARY SCHOOL
PS0202118,MUUNGANO PRIMARY SCHOOL
PS0202145,MVUTI PRIMARY SCHOOL
PS0202065,MWALE PRIMARY SCHOOL
PS0202179,MWANAGATI PRIMARY SCHOOL
PS0202064,MWANGAZA PRIMARY SCHOOL
PS0202133,MWENYEHERI ANUARITE PRIMARY SCHOOL
PS0202078,MZAMBARAUNI PRIMARY SCHOOL
PS0202240,MZINGA B PRIMARY SCHOOL
PS0202204,MZINGA PRIMARY SCHOOL
PS0202313,MZIZIMA  PRIMARY SCHOOL
PS0202131,NEW GENERATION PRIMARY SCHOOL
PS0202169,NEWVIBE PRIMARY SCHOOL
PS0202259,NGOLOKA PRIMARY SCHOOL
PS0202249,NURU ANGAVU PRIMARY SCHOOL
PS0202187,NYAMATA PRIMARY SCHOOL
PS0202245,NYANTIRA MENNONITE PRIMARY SCHOOL
PS0202170,NYEBURU PRIMARY SCHOOL
PS0202188,NYIWA PRIMARY SCHOOL
PS0202150,NZASA PRIMARY SCHOOL
PS0202028,OLYMPIO PRIMARY SCHOOL
PS0202211,PAMOJA PRIMARY SCHOOL
PS0202092,PATMO JUNIOR PRIMARY SCHOOL
PS0202214,PUGU BOMBANI PRIMARY SCHOOL
PS0202148,PUGU-KAJIUNGENI PRIMARY SCHOOL
PS0202149,PUGU-STATION PRIMARY SCHOOL
PS0202071,QIBLATAINEMPS PRIMARY SCHOOL
PS0202098,QUEEN'S PRIMARY SCHOOL
PS0202241,REAL HOPE VISION PRIMARY SCHOOL
PS0202095,REMINANT PRIMARY SCHOOL
PS0202202,ROSALIA PRIMARY SCHOOL
PS0202126,RUGWA PRIMARY SCHOOL
PS0202109,SABISA PRIMARY SCHOOL
PS0202231,SAI PRIMARY SCHOOL
PS0202251,SAKILIGHT PRIMARY SCHOOL
PS0202045,SEGEREA ADVENTIST PRIMARY SCHOOL
PS0202050,SEGEREA PRIMARY SCHOOL
PS0202217,SERENGETI PRIMARY SCHOOL
PS0202124,ST JOSEPH BENEDICT COTTOLENGO PRIMARY SCHOOL
PS0202114,ST SCHOLASTICA PRIMARY SCHOOL
PS0202080,ST THERESE OF LISIEUX PRIMARY SCHOOL
PS0202072,ST. AUGUSTINE'S PRIMARY SCHOOL
PS0202079,ST. JOSEPH'SMILLENIUM  PRIMARY SCHOOL
PS0202135,ST.ANTHONY OF PADUA PRIMARY SCHOOL
PS0202140,ST.COLUMBA'S PARISH PRIMARY SCHOOL
PS0202201,ST.JAMES PRIMARY SCHOOL
PS0202044,ST-MARY'S-INT-ACADPRYMARY PRIMARY SCHOOL
PS0202113,STMAXIMILIAN PRIMARY SCHOOL
PS0202328,SUNNI MUSLIM JAMAAT PRIMARY SCHOOL
PS0202073,TABATA JICA PRIMARY SCHOOL
PS0202031,TABATA PRIMARY SCHOOL
PS0202203,THUKAD PRIMARY SCHOOL
PS0202281,TICHTECK PRIMARY SCHOOL
PS0202127,TIGOHANE PRIMARY SCHOOL
PS0202225,TRINITY KINGDOM PRIMARY SCHOOL
PS0202074,TUMAINI PRIMARY SCHOOL
PS0202177,TUMAININKEREZANGE PRIMARY SCHOOL
PS0202165,TUNGINI PRIMARY SCHOOL
PS0202083,TUSIIME PRIMARY SCHOOL
PS0202253,UAMUZI PRIMARY SCHOOL
PS0202032,UHURU-MCHANGANYIKO PRIMARY SCHOOL
PS0202033,UHURU-WASICHANA PRIMARY SCHOOL
PS0202075,UKONGA JICA PRIMARY SCHOOL
PS0202034,UKONGA PRIMARY SCHOOL
PS0202136,ULONGONI 'A' PRIMARY SCHOOL
PS0202081,ULONGONI PRIMARY SCHOOL
PS0202066,UMOJA PRIMARY SCHOOL
PS0202063,UMOJA WA MATAIFA PRIMARY SCHOOL
PS0202038,UPANGA PRIMARY SCHOOL
PS0202195,UPENDO MONTESSORI PRIMARY SCHOOL
PS0202220,URSULINE PRIMARY SCHOOL
PS0202119,USHINDI PRIMARY SCHOOL
PS0202314,VICENT PRIMARY SCHOOL
PS0202218,VIKONGORO PRIMARY SCHOOL
PS0202036,VINGUNGUTI  PRIMARY SCHOOL
PS0202171,VIWEGE PRIMARY SCHOOL
PS0202270,WEST DAR ES SALAAM PRIMARY SCHOOL
PS0202219,WINGA PRIMARY SCHOOL
PS0202229,YANGE YANGE PRIMARY SCHOOL
PS0202221,YELLOW STONE PRIMARY SCHOOL
PS0202035,YOMBO PRIMARY SCHOOL
PS0202166,YONGWE PRIMARY SCHOOL
PS0202279,YOUNG ANGELS PRIMARY SCHOOL
PS0202184,ZABIKHA PRIMARY SCHOOL
PS0202039,ZANAKI PRIMARY SCHOOL
PS0202350,ZANAKI VISION PRIMARY SCHOOL
PS0202256,ZAVALA PRIMARY SCHOOL
PS0202230,ZAWADI PRIMARY SCHOOL
PS0202238,ZEDI PRIMARY SCHOOL
PS0202215,ZIMBILI PRIMARY SCHOOL
PS0202152,ZINGIZIWA PRIMARY SCHOOL
PS0205062,ABC CAPITAL PRIMARY SCHOOL
PS0205001,ALGEBRA ISLAMIC PRIMARY SCHOOL
PS0205002,AMKA PRIMARY SCHOOL
PS0205003,BETHANIA PRIMARY SCHOOL
PS0205004,BOHARI PRIMARY SCHOOL
PS0205027,BRISBANE PRIMARY SCHOOL
PS0205005,BUYUNI I PRIMARY SCHOOL
PS0205006,CAPACITY BUILDING PRIMARY SCHOOL
PS0205007,CHEKENI MWASONGA PRIMARY SCHOOL
PS0205072,CROWN PRIMARY SCHOOL
PS0205010,DAARUL-ARQAM PRIMARY SCHOOL
PS0205058,DARAJANI PRIMARY SCHOOL
PS0205057,DOLPHIN PRIMARY SCHOOL
PS0205068,DREAM LAND PRIMARY SCHOOL
PS0205059,EKISHA PRIMARY SCHOOL
PS0205009,EXCEL PRIMARY SCHOOL
PS0205012,FRAY LUIS AMIGO PRIMARY SCHOOL
PS0205013,GEZAULOLE PRIMARY SCHOOL
PS0205055,GLORIOUS PRIMARY SCHOOL
PS0205011,GOLDLAND PRIMARY SCHOOL
PS0205014,GOMVU PRIMARY SCHOOL
PS0205095,GRACARLS PRIMARY SCHOOL
PS0205015,GRACE PRIMARY SCHOOL
PS0205054,GREENLAND PRIMARY SCHOOL
PS0205008,HANNAH BENNIE PRIMARY SCHOOL
PS0205016,HERI FANAKA PRIMARY SCHOOL
PS0205050,HOLLINESS PRIMARY SCHOOL
PS0205053,IVY FIRST PRIMARY SCHOOL
PS0205077,JANATU ISLAMIC PRIMARY SCHOOL
PS0205065,JUHUDI PRIMARY SCHOOL
PS0205018,KIBADA PRIMARY SCHOOL
PS0205083,KIBUGUMO ISLAMIC PRIMARY SCHOOL
PS0205019,KIBUGUMO PRIMARY SCHOOL
PS0205020,KICHANGANI PRIMARY SCHOOL
PS0205017,KIGAMBONI ISLAMIC PRIMARY SCHOOL
PS0205021,KIGAMBONI PRIMARY SCHOOL
PS0205047,KIGOGO PRIMARY SCHOOL
PS0205022,KIJAKA PRIMARY SCHOOL
PS0205023,KIMBIJI PRIMARY SCHOOL
PS0205024,KISARAWE II PRIMARY SCHOOL
PS0205025,KISIWANI PRIMARY SCHOOL
PS0205026,KIVUKONI PRIMARY SCHOOL
PS0205028,MAHENGE PRIMARY SCHOOL
PS0205036,MALAIKA PRIMARY SCHOOL
PS0205029,MAWENI PRIMARY SCHOOL
PS0205030,MBUTU PRIMARY SCHOOL
PS0205031,MEKA PRIMARY SCHOOL
PS0205032,MIKENGE PRIMARY SCHOOL
PS0205033,MIZIMBINI PRIMARY SCHOOL
PS0205034,MJIMWEMA PRIMARY SCHOOL
PS0205035,MKAMBA PRIMARY SCHOOL
PS0205037,MKUNDI PRIMARY SCHOOL
PS0205038,MUHIMBILI II PRIMARY SCHOOL
PS0205039,MWONGOZO PRIMARY SCHOOL
PS0205056,OMAYA PRIMARY SCHOOL
PS0205040,PEMBA MNAZI PRIMARY SCHOOL
PS0205041,RAHALEO PRIMARY SCHOOL
PS0205070,RAHMAN PRIMARY SCHOOL
PS0205087,RAINBOW CHRISTIAN JUNIOR PRIMARY SCHOOL
PS0205079,RUPIA PRIMARY SCHOOL
PS0205042,SANTA LUKAS PRIMARY SCHOOL
PS0205078,SARANGA PRIMARY SCHOOL
PS0205082,SHAKUR PRIMARY SCHOOL
PS0205069,SKY KIGAMBONI PRIMARY SCHOOL
PS0205052,ST JOSEPH THE WORKER PRIMARY SCHOOL
PS0205066,TAWHEED ISLAMIC PRIMARY SCHOOL
PS0205043,TUNDWI SONGANI PRIMARY SCHOOL
PS0205044,TUNGI PRIMARY SCHOOL
PS0205045,UFUKONI PRIMARY SCHOOL
PS0205046,UNGINDONI PRIMARY SCHOOL
PS0205048,VIJIBWENI PRIMARY SCHOOL
PS0205049,VUMILIA UKOONI PRIMARY SCHOOL
PS0205051,YALEYALE PUNA PRIMARY SCHOOL
PS0203141,ABEL MEMORIAL PRIMARY SCHOOL
PS0203015,ALI HASSAN MWINYI ELITE PRIMARY SCHOOL
PS0203069,ALI HASSAN MWINYI PRIMARY SCHOOL
PS0203139,ALLY HAPI PRIMARY SCHOOL
PS0203177,ALPHA PRIMARY SCHOOL
PS0203111,ANSWAAR PRIMARY SCHOOL
PS0203175,ASSUMPTER DIGITAL PRIMARY SCHOOL
PS0203126,ATLAS MADALE PRIMARY SCHOOL
PS0203045,BAHARI PRIMARY SCHOOL
PS0203016,BAJEVIRO PRIMARY SCHOOL
PS0203127,BENACO PRIMARY SCHOOL
PS0203002,BOKO NHC PRIMARY SCHOOL
PS0203001,BOKO PRIMARY SCHOOL
PS0203102,BONGOYO PRIMARY SCHOOL
PS0203170,BRAIN YIELD PRIMARY SCHOOL
PS0203046,BRIGHT HOPE PRIMARY SCHOOL
PS0203003,BUNJU A PRIMARY SCHOOL
PS0203061,BUNJU B PRIMARY SCHOOL
PS0203169,BUNJU MKOANI PRIMARY SCHOOL
PS0203128,C.W KISARO PRIMARY SCHOOL
PS0203047,CANOSSA PRIMARY SCHOOL
PS0203072,CHANGANYIKENI PRIMARY SCHOOL
PS0203073,CITY PRIMARY SCHOOL
PS0203004,DAYSTAR PRIMARY SCHOOL
PS0203168,DE PAUL PRIMARY SCHOOL
PS0203062,DEBUGENE PRIMARY SCHOOL
PS0203030,DEEP SEA PRIMARY SCHOOL
PS0203103,DRIVE IN PRIMARY SCHOOL
PS0203094,EAST AFRICA PRIMARY SCHOOL
PS0203048,EDUCATION PLUS PRIMARY SCHOOL
PS0203144,ELESIA CHRISTABEL PRIMARY SCHOOL
PS0203185,ELITE DIGNITY PRIMARY SCHOOL
PS0203150,ERASTUS PRIMARY SCHOOL
PS0203005,FAITH PRIMARY SCHOOL
PS0203017,FEZA PRIMARY SCHOOL
PS0203176,FEZA SHAMSIYE PRIMARY SCHOOL
PS0203031,GILMAN RUTIHINDA PRIMARY SCHOOL
PS0203203,GLOBAL PRIMARY SCHOOL
PS0203063,GODEN PRIMARY SCHOOL
PS0203032,GONZAGA PRIMARY SCHOOL
PS0203104,GOOD SAMARITAN PRIMARY SCHOOL
PS0203006,GOSHENI PRIMARY SCHOOL
PS0203129,GREEN ACRES PRIMARY SCHOOL
PS0203013,HANANASIF PRIMARY SCHOOL
PS0203070,HAZINA PRIMARY SCHOOL
PS0203122,HEKIMA PRIMARY SCHOOL
PS0203089,HOPE AND JOY PRIMARY SCHOOL
PS0203049,JANGWANI BEACH PRIMARY SCHOOL
PS0203019,KAWE B PRIMARY SCHOOL
PS0203018,KAWE PRIMARY SCHOOL
PS0203130,KELAND PRIMARY SCHOOL
PS0203153,KHERI MISSINGA PRIMARY SCHOOL
PS0203033,KIGOGO PRIMARY SCHOOL
PS0203174,KIHONZILE PRIMARY SCHOOL
PS0203037,KIJITONYAMA KISIWANI PRIMARY SCHOOL
PS0203184,KILIMAHEWA JUU PRIMARY SCHOOL
PS0203084,KILIMANI PRIMARY SCHOOL
PS0203131,KINGDOM PRIMARY SCHOOL
PS0203112,KINONDONI PRIMARY SCHOOL
PS0203132,KISAUKE PRIMARY SCHOOL
PS0203090,KIUMBAGENI PRIMARY SCHOOL
PS0203042,KUMBUKUMBU PRIMARY SCHOOL
PS0203050,KUNDUCHI PRIMARY SCHOOL
PS0203154,KWANZA PRIMARY SCHOOL
PS0203142,LACHISH PRIMARY SCHOOL
PS0203020,LIBERMANN PRIMARY SCHOOL
PS0203156,LIBERMANN VIZIWI PRIMARY SCHOOL
PS0203199,LITTLE ANGELS PRIMARY SCHOOL
PS0203143,LIVINGSTONE PRIMARY SCHOOL
PS0203007,LOCEE PRIMARY SCHOOL
PS0203074,LONDA PRIMARY SCHOOL
PS0203021,LUGALO PRIMARY SCHOOL
PS0203186,LYCEUM PRIMARY SCHOOL
PS0203148,MAARIFA ISLAMIC PRIMARY SCHOOL
PS0203066,MABWEPANDE PRIMARY SCHOOL
PS0203051,MAKINI PRIMARY SCHOOL
PS0203075,MAKONGO PRIMARY SCHOOL
PS0203078,MAKUMBUSHO PRIMARY SCHOOL
PS0203038,MAPAMBANO PRIMARY SCHOOL
PS0203034,MAPINDUZI PRIMARY SCHOOL
PS0203085,MBEZI  JUU PRIMARY SCHOOL
PS0203022,MBEZI BEACH PRIMARY SCHOOL
PS0203086,MBEZI NDUMBWI PRIMARY SCHOOL
PS0203064,MBOPO PRIMARY SCHOOL
PS0203105,MBUYUNI PRIMARY SCHOOL
PS0203091,MBWENI PRIMARY SCHOOL
PS0203079,MCHANGANI PRIMARY SCHOOL
PS0203096,MIKOCHENI ISLAMIC PRIMARY SCHOOL
PS0203095,MIKOCHENI PRIMARY SCHOOL
PS0203116,MIKUMI PRIMARY SCHOOL
PS0203145,MILESTONES PRIMARY SCHOOL
PS0203080,MINAZINI PRIMARY SCHOOL
PS0203023,MIRAMBO PRIMARY SCHOOL
PS0203152,MIVUMONI PRIMARY SCHOOL
PS0203065,MJI MPYA PRIMARY SCHOOL
PS0203014,MKUNGUNI PRIMARY SCHOOL
PS0203035,MKWAWA PRIMARY SCHOOL
PS0203008,MOGA PRIMARY SCHOOL
PS0203133,MOTHER OF MERCY PRIMARY SCHOOL
PS0203092,MOUNT EVEREST PRIMARY SCHOOL
PS0203087,MOUNT KIBO PRIMARY SCHOOL
PS0203140,MOUNT SINAI PRIMARY SCHOOL
PS0203107,MSASANI B PRIMARY SCHOOL
PS0203108,MSASANI ISLAMIC PRIMARY SCHOOL
PS0203106,MSASANI PRIMARY SCHOOL
PS0203114,MSISIRI B PRIMARY SCHOOL
PS0203113,MSISIRI PRIMARY SCHOOL
PS0203052,MTAKUJA PRIMARY SCHOOL
PS0203043,MTAMBANI ISLAMIC PRIMARY SCHOOL
PS0203009,MTAMBANI PRIMARY SCHOOL
PS0203053,MTONGANI PRIMARY SCHOOL
PS0203024,MWALIMU JULIUS KAMBARAGE NYERERE PRIMARY SCHOOL
PS0203081,MWANANYAMALA B PRIMARY SCHOOL
PS0203082,MWANANYAMALA KISIWANI PRIMARY SCHOOL
PS0203039,MWANGAZA PRIMARY SCHOOL
PS0203040,MWENGE PRIMARY SCHOOL
PS0203119,MWL. NYERERE PRIMARY SCHOOL
PS0203115,MWONGOZO PRIMARY SCHOOL
PS0203117,MZIMUNI PRIMARY SCHOOL
PS0203134,NAKASANGWE PRIMARY SCHOOL
PS0203120,NDUGUMBI PRIMARY SCHOOL
PS0203093,NEW ERA PRIMARY SCHOOL
PS0203010,NEW HAZINA PRIMARY SCHOOL
PS0203135,NURU NJEMA PRIMARY SCHOOL
PS0203193,NURU NJEMA TEGETA PRIMARY SCHOOL
PS0203181,NURUNJEMA HALISI PRIMARY SCHOOL
PS0203109,OYSTERBAY PRIMARY SCHOOL
PS0203198,PALACE PRIMARY SCHOOL
PS0203110,PENINSULA PRIMARY SCHOOL
PS0203200,PENUEL MWANZO PRIMARY SCHOOL
PS0203054,PIUS MSEKWA PRIMARY SCHOOL
PS0203149,PRESTIGE PRIMARY SCHOOL
PS0203055,PRINCES GATE PRIMARY SCHOOL
PS0203056,PWANI PRIMARY SCHOOL
PS0203146,REDAVE PRIMARY SCHOOL
PS0203158,REV. FR. JACQUES VAN GINNIKEN PRIMARY SCHOOL
PS0203025,RIGHTWAY PRIMARY SCHOOL
PS0203216,RIVERSTONE PRIMARY SCHOOL
PS0203057,ROYAL ELITE PRIMARY SCHOOL
PS0203136,SALASALA PRIMARY SCHOOL
PS0203118,SHEIKHAT HISSA PRIMARY SCHOOL
PS0203041,SHEKILANGO PRIMARY SCHOOL
PS0203097,SHREE HINDU MANDAL PRIMARY SCHOOL
PS0203011,SIYA MODERN PRIMARY SCHOOL
PS0203058,SKY PRIMARY SCHOOL
PS0203026,ST. ALOYSIUS PRIMARY SCHOOL
PS0203077,ST. COLUMBAS PRIMARY SCHOOL
PS0203098,ST. FLORENCE ACADEMY PRIMARY SCHOOL
PS0203059,ST. JOSEPH PRIMARY SCHOOL
PS0203088,ST. MARY MBEZI BEACH PRIMARY SCHOOL
PS0203147,ST. THOMAS PRIMARY SCHOOL
PS0203012,STAMARIA SALOME PRIMARY SCHOOL
PS0203151,STAR LIGHT PRIMARY SCHOOL
PS0203044,SUNRAY PRIMARY SCHOOL
PS0203099,SUNRISE PRIMARY SCHOOL
PS0203125,TANDALE MAGHARIBI PRIMARY SCHOOL
PS0203124,TANDALE PRIMARY SCHOOL
PS0203194,TEGETA PRIMARY SCHOOL
PS0203067,TEJ PRIMARY SCHOOL
PS0203197,TRINITY PRIMARY SCHOOL
PS0203027,TUMAINI PRIMARY SCHOOL
PS0203121,TURIANI PRIMARY SCHOOL
PS0203157,TURKISH MAARIF PRIMARY SCHOOL
PS0203068,TUWAPENDE WATOTO PRIMARY SCHOOL
PS0203182,TWIGA PRIMARY SCHOOL
PS0203028,UKWAMANI PRIMARY SCHOOL
PS0203060,UNUNIO PRIMARY SCHOOL
PS0203100,USHINDI PRIMARY SCHOOL
PS0203137,UWATA MADALE PRIMARY SCHOOL
PS0203029,VALENTINE ELITE PRIMARY SCHOOL
PS0203083,VICTORIA PRIMARY SCHOOL
PS0203138,WAZO HILL PRIMARY SCHOOL
PS0206059,A H MWINYI PRIMARY SCHOOL
PS0206047,AGAPE DAR ES SALAAM PRIMARY SCHOOL
PS0206077,AL-HIJRA ISLAMIC PRIMARY SCHOOL
PS0206085,AL-IHYAU DIN PRIMARY SCHOOL
PS0206183,AL-NAHDHWA TEMEKE PRIMARY SCHOOL
PS0206075,ALQAADIRIYYA PRIMARY SCHOOL
PS0206041,AMANI PRIMARY SCHOOL
PS0206105,ANLEX PRIMARY SCHOOL
PS0206095,ANNETTE-B PRIMARY SCHOOL
PS0206134,ASSWIDDIQ PRIMARY SCHOOL
PS0206001,AZIMIO PRIMARY SCHOOL
PS0206060,BAHATI PRIMARY SCHOOL
PS0206031,BARRACKS PRIMARY SCHOOL
PS0206034,BILAL-COMPREHENSIVE PRIMARY SCHOOL
PS0206033,BOKORANI PRIMARY SCHOOL
PS0206035,BRAINTRUST PRIMARY SCHOOL
PS0206180,BRISBANE PRIMARY SCHOOL
PS0206002,BUZA PRIMARY SCHOOL
PS0206057,BWAWANI PRIMARY SCHOOL
PS0206115,CHAMAZI ISLAMIC PRIMARY SCHOOL
PS0206129,CHAMAZI PRIMARY SCHOOL
PS0206003,CHANG'OMBE PRIMARY SCHOOL
PS0206061,CHARAMBE PRIMARY SCHOOL
PS0206056,CHEMCHEM PRIMARY SCHOOL
PS0206137,COMPLEX PRIMARY SCHOOL
PS0206132,CORNERSTONE PRIMARY SCHOOL
PS0206098,DORIS PRIMARY SCHOOL
PS0206156,DOVYA PRIMARY SCHOOL
PS0206140,DYNAMIC PRIMARY SCHOOL
PS0206143,EPIPHANY PRIMARY SCHOOL
PS0206117,FAHARI PRIMARY SCHOOL
PS0206167,FAITH PRIMARY SCHOOL
PS0206109,FARAJA PRIMARY SCHOOL
PS0206076,GOODSHEPHERD PRIMARY SCHOOL
PS0206162,GOROKA 'A' PRIMARY SCHOOL
PS0206099,GREAT VISION PRIMARY SCHOOL
PS0206073,HEKIMA PRIMARY SCHOOL
PS0206182,HIGHBRIDGE PRIMARY SCHOOL
PS0206087,HOLY CROSS PRIMARY SCHOOL
PS0206114,HOLY UNION PRIMARY SCHOOL
PS0206004,JESHI-LA-WOKOVU PRIMARY SCHOOL
PS0206042,JITIHADA PRIMARY SCHOOL
PS0206078,JUHUDI PRIMARY SCHOOL
PS0206108,KAMO PRIMARY SCHOOL
PS0206113,KARUME PRIMARY SCHOOL
PS0206138,KATAVI PRIMARY SCHOOL
PS0206120,KAZAURA PRIMARY SCHOOL
PS0206006,KEKO-MAGURUMBASI PRIMARY SCHOOL
PS0206005,KEKO-MWANGA PRIMARY SCHOOL
PS0206160,KENT PRIMARY SCHOOL
PS0206007,KIBASILA PRIMARY SCHOOL
PS0206079,KIBONDEMAJI PRIMARY SCHOOL
PS0206043,KIBURUGWA PRIMARY SCHOOL
PS0206062,KIGUNGA PRIMARY SCHOOL
PS0206037,KILAKALA PRIMARY SCHOOL
PS0206088,KILAMBA PRIMARY SCHOOL
PS0206086,KILIMAHEWA PRIMARY SCHOOL
PS0206044,KINGUGI PRIMARY SCHOOL
PS0206169,KIPONZA PRIMARY SCHOOL
PS0206157,KISEWE PRIMARY SCHOOL
PS0206045,KIUNGANI PRIMARY SCHOOL
PS0206029,KIZINGA PRIMARY SCHOOL
PS0206046,KIZUIANI PRIMARY SCHOOL
PS0206144,KONGOWE ISLAMIC PRIMARY SCHOOL
PS0206127,KONGOWE PRIMARY SCHOOL
PS0206008,LASSANA PRIMARY SCHOOL
PS0206063,LIKWATI PRIMARY SCHOOL
PS0206139,LILLIES PRIMARY SCHOOL
PS0206010,LIONESS-MIBURAN PRIMARY SCHOOL
PS0206173,LONGQUAN BODHI PRIMARY SCHOOL
PS0206074,MAARIFA PRIMARY SCHOOL
PS0206011,MABATINI PRIMARY SCHOOL
PS0206014,MADENGE PRIMARY SCHOOL
PS0206058,MAENDELEO PRIMARY SCHOOL
PS0206080,MAJIMATITU PRIMARY SCHOOL
PS0206101,MAMAISARA PRIMARY SCHOOL
PS0206181,MAQBOUL PRIMARY SCHOOL
PS0206036,MARTEN LUMBANGA PRIMARY SCHOOL
PS0206107,MARY OUR HELP PRIMARY SCHOOL
PS0206013,MARYDESTINY PRIMARY SCHOOL
PS0206103,MATER DEI PRIMARY SCHOOL
PS0206048,MBAGALA ANNEX PRIMARY SCHOOL
PS0206083,MBAGALA ISLAMIC PRIMARY SCHOOL
PS0206053,MBAGALA KUU PRIMARY SCHOOL
PS0206012,MBAGALA PRIMARY SCHOOL
PS0206126,MBANDE PRIMARY SCHOOL
PS0206064,MCHIKICHINI PRIMARY SCHOOL
PS0206111,MGENINANI PRIMARY SCHOOL
PS0206015,MGULANI PRIMARY SCHOOL
PS0206100,MIANZINI PRIMARY SCHOOL
PS0206123,MIKWAMBE PRIMARY SCHOOL
PS0206171,MIKWAMBE PRIMARY SCHOOL
PS0206084,MJIMPYA PRIMARY SCHOOL
PS0206116,MKOMBOZI MONTESSORI PRIMARY SCHOOL
PS0206170,MKONDOGWA  PRIMARY SCHOOL
PS0206081,MONTFORT PRIMARY SCHOOL
PS0206052,MORINGE PRIMARY SCHOOL
PS0206096,MOSES PRIMARY SCHOOL
PS0206121,MSUFINI PRIMARY SCHOOL
PS0206054,MTONI KIJICHI PRIMARY SCHOOL
PS0206017,MTONI PRIMARY SCHOOL
PS0206093,MTONI SABASABA PRIMARY SCHOOL
PS0206065,MWANGAZA PRIMARY SCHOOL
PS0206097,MWANGAZA PRIMARY SCHOOL
PS0206128,MZINGA PRIMARY SCHOOL
PS0206055,NZASA PRIMARY SCHOOL
PS0206104,OASIS PRIMARY SCHOOL
PS0206118,OCEAN VIEW PRIMARY SCHOOL
PS0206142,PACIFIC PRIMARY SCHOOL
PS0206161,PIUS PRIMARY SCHOOL
PS0206172,PONDE PRIMARY SCHOOL
PS0206024,POSTMODERN PRIMARY SCHOOL
PS0206020,RANGITATU PRIMARY SCHOOL
PS0206184,RENIE PRIMARY SCHOOL
PS0206130,RUFU PRIMARY SCHOOL
PS0206066,RUVUMA PRIMARY SCHOOL
PS0206016,RUWIJA PRIMARY SCHOOL
PS0206102,SACRED HEART PRIMARY SCHOOL
PS0206122,SAKU PRIMARY SCHOOL
PS0206133,SALAAM PRIMARY SCHOOL
PS0206039,SANDALI PRIMARY SCHOOL
PS0206071,SHALOM PRIMARY SCHOOL
PS0206021,SOKOINE PRIMARY SCHOOL
PS0206050,ST MARY'S-INTER MBAGALA PRIMARY SCHOOL
PS0206106,ST. THERESE PRIMARY SCHOOL
PS0206067,TAIFA PRIMARY SCHOOL
PS0206022,TANDIKA PRIMARY SCHOOL
PS0206019,TANEEM PRIMARY SCHOOL
PS0206145,TEMEKE ISLAMIC PRIMARY SCHOOL
PS0206023,TEMEKE PRIMARY SCHOOL
PS0206124,TEMEKE SDA PRIMARY SCHOOL
PS0206146,THADO PRIMARY SCHOOL
PS0206125,TOANGOMA PRIMARY SCHOOL
PS0206051,TWIGA PRIMARY SCHOOL
PS0206040,UKOMBOZI PRIMARY SCHOOL
PS0206068,UMOJA PRIMARY SCHOOL
PS0206135,UNIQUE PRIMARY SCHOOL
PS0206025,UNITY PRIMARY SCHOOL
PS0206094,UNUBINI PRIMARY SCHOOL
PS0206119,UPENDO PRIMARY SCHOOL
PS0206141,UPEO ISLAMIC PRIMARY SCHOOL
PS0206174,USHIRIKA  PRIMARY SCHOOL
PS0206032,UWANJA WA NDEGE PRIMARY SCHOOL
PS0206089,VETERINARY PRIMARY SCHOOL
PS0206168,VIKUNAI PRIMARY SCHOOL
PS0206026,WAILES PRIMARY SCHOOL
PS0206069,YEMENI PRIMARY SCHOOL
PS0206027,YOMBO-DOVYA PRIMARY SCHOOL
PS0206028,YOMBO-VITUKA PRIMARY SCHOOL
PS0206038,YUSUPH R MAKAMBA PRIMARY SCHOOL
PS0204066,ALI HASSAN MWINYI ISLAMIC PRIMARY SCHOOL
PS0204065,ALLIANCE PRIMARY SCHOOL
PS0204001,AMANI PRIMARY SCHOOL
PS0204238,AMOR PRIMARY SCHOOL
PS0204067,ANAZAK PRIMARY SCHOOL
PS0204068,ANINY NNDUMI PRIMARY SCHOOL
PS0204143,ARISE PRIMARY SCHOOL
PS0204164,ATHALIA PRIMARY SCHOOL
PS0204069,ATLAS PRIMARY SCHOOL
PS0204172,AUGUSTINE PRIMARY SCHOOL
PS0204070,AUREKE PRIMARYSCHOOL PRIMARY SCHOOL
PS0204002,BARAFU PRIMARY SCHOOL
PS0204071,BARNEY PRIMARY SCHOOL
PS0204072,BELU PRIMARY SCHOOL
PS0204073,BETA PRIMARY SCHOOL
PS0204074,BETHEL MISSION PRIMARY SCHOOL
PS0204149,BETHEL-MSAKUZI PRIMARY SCHOOL
PS0204181,BLESSED PRIMARY SCHOOL
PS0204195,BRAGGIN PRIMARY SCHOOL
PS0204192,BRIGHT JUNIORS PRIMARY SCHOOL
PS0204075,BROOKSIDE PRIMARY SCHOOL
PS0204003,BRYCESON PRIMARY SCHOOL
PS0204160,BUBBLE GUPPIES  PRIMARY SCHOOL
PS0204173,BWAWANI PRIMARY SCHOOL
PS0204076,CALVARY MONTESSOR PRIMARY SCHOOL
PS0204150,CASTLE HILLS PRIMARY SCHOOL
PS0204077,DAR TRUST FUND PRIMARY SCHOOL
PS0204145,DARBRIDGE PRIMARY SCHOOL
PS0204139,DARE INTEGRATED PRE-AND PRIMARY SCHOOL
PS0204171,DERBAB PRIMARY SCHOOL
PS0204134,DIVINE PRIMARY SCHOOL
PS0204209,DODAN PRIMARY SCHOOL
PS0204024,DORCUS NURSERY AND PRIMARY SCHOOL
PS0204004,DR.OMARI ALLY JUMA PRIMARY SCHOOL
PS0204078,EBONITE PRIMARY SCHOOL
PS0204137,EKARUWA PRE-AND PRIMARY SCHOOL
PS0204207,ELIMU HOUSE PRIMARY SCHOOL
PS0204118,ELIZABETH PRIMARY SCHOOL
PS0204080,EMI PRIMARY SCHOOL
PS0204081,EMMANUEL PRIMARY SCHOOL
PS0204154,EZANUEL PRIMARY SCHOOL
PS0204082,FILBERT BAYI PRIMARY SCHOOL
PS0204083,FOUNTAIN OF JOY PRIMARY SCHOOL
PS0204147,FRANCL PRIMARY SCHOOL
PS0204200,FROZEN MOUNTAIN PRIMARY SCHOOL
PS0204140,FUTURE STARS PRIMARY SCHOOL
PS0204084,GIFT SKILFUL  NURSERY AND PRIMARY SCHOOL
PS0204213,GOBA MPAKANI PRIMARY SCHOOL
PS0204005,GOBA PRIMARY SCHOOL
PS0204085,GODIANA PRIMARY SCHOOL
PS0204175,GOLANI 'B'  PRIMARY SCHOOL
PS0204006,GOLANI PRIMARY SCHOOL
PS0204126,GOLDENLIGHT PRIMARY SCHOOL
PS0204086,GRACE PRIMARY SCHOOL
PS0204087,GREEN BELT PRIMARY SCHOOL
PS0204155,HAKI PRIMARY SCHOOL
PS0204217,HARAI PRIMARY SCHOOL
PS0204088,HEKIMA WALDOF PRIMARY SCHOOL
PS0204089,HELLEN'S PRIMARY SCHOOL
PS0204090,HIGHRIDGE PRIMARY SCHOOL
PS0204007,HONDOGO PRIMARY SCHOOL
PS0204008,IDRIS ABDUL  WAKIL PRIMARY SCHOOL
PS0204141,IMMACULATE HEART OF MARY PRIMARY SCHOOL
PS0204091,IMMACULATE NURSERY AND PRIMARY SCHOOL
PS0204127,JERUSALEM PRIMARY SCHOOL
PS0204188,JERUSALEM STAR PRIMARY SCHOOL
PS0204009,JESHINI PRIMARY SCHOOL
PS0204010,JITIHADA PRIMARY SCHOOL
PS0204170,JORVING JUNIOR PRIMARY SCHOOL
PS0204132,JOY CARE PRE-AND PRIMARY SCHOOL
PS0204011,KARUME PRIMARY SCHOOL
PS0204012,KAWAWA PRIMARY SCHOOL
PS0204187,KEN PRIMARY SCHOOL
PS0204212,KIBAMBA 'B' PRIMARY SCHOOL
PS0204013,KIBAMBA PRIMARY SCHOOL
PS0204014,KIBANGU PRIMARY SCHOOL
PS0204092,KIBANGU RUGE PRIMARY SCHOOL
PS0204015,KIBESA PRIMARY SCHOOL
PS0204016,KIBWEGERE PRIMARY SCHOOL
PS0204017,KILIMANI PRIMARY SCHOOL
PS0204018,KILUNGULE PRIMARY SCHOOL
PS0204019,KILUVYA PRIMARY SCHOOL
PS0204020,KIMARA 'B' PRIMARY SCHOOL
PS0204021,KIMARA BARUTI PRIMARY SCHOOL
PS0204022,KING'AZI PRIMARY SCHOOL
PS0204023,KING'ONGO PRIMARY SCHOOL
PS0204093,KINGS PRIMARY SCHOOL
PS0204156,KONSALT PRIMARY SCHOOL
PS0204025,KULANGWA PRIMARY SCHOOL
PS0204026,KUNGURU PRIMARY SCHOOL
PS0204027,KWEMBE PRIMARY SCHOOL
PS0204148,LEGEND PRIMARY SCHOOL
PS0204182,LIBERTY PRIMARY SCHOOL
PS0204186,LITO ANGELES PRIMARY SCHOOL
PS0204094,LITTLE WOOD PRIMARY SCHOOL
PS0204177,LIVING MINDS PRIMARY SCHOOL
PS0204174,LUGURUNI PRIMARY SCHOOL
PS0204095,LUQMAN PRIMARY SCHOOL
PS0204028,MABIBO PRIMARY SCHOOL
PS0204133,MACRINE PRIMARY SCHOOL
PS0204138,MAKABE HILLTOP PRE PRIMARY SCHOOL
PS0204029,MAKABE PRIMARY SCHOOL
PS0204030,MAKAMBA PRIMARY SCHOOL
PS0204031,MAKOKA PRIMARY SCHOOL
PS0204033,MAKUBURI JESHINI PRIMARY SCHOOL
PS0204032,MAKUBURI PRIMARY SCHOOL
PS0204096,MALAIKA PRIMARY SCHOOL
PS0204159,MALAMBA KWETU PRIMARY SCHOOL
PS0204034,MALAMBAMAWILI PRIMARY SCHOOL
PS0204035,MANZESE PRIMARY SCHOOL
PS0204152,MARIA MISSION PRIMARY SCHOOL
PS0204097,MATSAPA PRIMARY SCHOOL
PS0204037,MAVURUNZA PRIMARY SCHOOL
PS0204129,MAWO PRIMARY SCHOOL
PS0204039,MBEZI LUIS PRIMARY SCHOOL
PS0204038,MBEZI PRIMARY SCHOOL
PS0204040,MBURAHATI PRIMARY SCHOOL
PS0204176,MECKIE PRIMARY SCHOOL
PS0204041,MIANZINI PRIMARY SCHOOL
PS0204042,MILENIA YA TATU PRIMARY SCHOOL
PS0204043,MLIMANI DEMONSTRATION PRIMARY SCHOOL
PS0204203,MLIMBO PRIMARY SCHOOL
PS0204098,MONT PRIMARY SCHOOL
PS0204128,MORE LIGHT NURSERY AND PRIMARY SCHOOL
PS0204146,MOTHER EMILIE DORMAN PRIMARY SCHOOL
PS0204099,MOTHER MARY PRIMARY SCHOOL
PS0204100,MOUNT CALVARY PRIMARY SCHOOL
PS0204101,MOUNT MORIAH PRIMARY SCHOOL
PS0204166,MOUNT RUNGWE PRIMARY SCHOOL
PS0204226,MOUNT RUNGWE-KIBWEGERE PRIMARY SCHOOL
PS0204102,MOUNT SAYUNI PRIMARY SCHOOL
PS0204103,MOUNTAIN HILL PRIMARY SCHOOL
PS0204044,MPAKANI PRIMARY SCHOOL
PS0204211,MSAKUZI KUSINI PRIMARY SCHOOL
PS0204045,MSAKUZI PRIMARY SCHOOL
PS0204046,MSEWE PRIMARY SCHOOL
PS0204047,MSHIKAMANO PRIMARY SCHOOL
PS0204048,MSIGANI PRIMARY SCHOOL
PS0204157,MSINGWA PRIMARY SCHOOL
PS0204049,MSUMI PRIMARY SCHOOL
PS0204104,MT. KILIMANJARO PRIMARY SCHOOL
PS0204105,MT. THERESIA PRIMARY SCHOOL
PS0204050,MUGABE PRIMARY SCHOOL
PS0204106,MUUNGANO PRIMARY SCHOOL
PS0204162,MWENDO PRIMARY SCHOOL
PS0204107,NABA PRIMARY SCHOOL
PS0204227,NASA PRIMARY SCHOOL
PS0204199,NICE FUTURE PRIMARY SCHOOL
PS0204108,NICOSTA PRIMARY SCHOOL
PS0204161,NILAH PRIMARY SCHOOL
PS0204109,PARADIGMS PRIMARY SCHOOL
PS0204124,PEACE AND LOVE NURSERY AND PRIMARY SCHOOL
PS0204180,POWER MISSION PRIMARY SCHOOL
PS0204110,PRECIOUS PRIMARY SCHOOL
PS0204167,PROSPERITY PRIMARY SCHOOL
PS0204151,RAINBOW KING'AZI PRIMARY SCHOOL
PS0204052,REGINALD MENGI PRIMARY SCHOOL
PS0204224,RHEBENDAS PRIMARY SCHOOL
PS0204111,ROSAMI PRIMARY SCHOOL
PS0204131,SAFI  PRIMARY SCHOOL
PS0204112,SAHARA PRIMARY SCHOOL
PS0204113,SAKANA PRIMARY SCHOOL
PS0204053,SARANGA PRIMARY SCHOOL
PS0204142,SEASON PRIMARY SCHOOL
PS0204054,SINZA PRIMARY SCHOOL
PS0204158,SNOW WHITE PRIMARY SCHOOL
PS0204116,ST. ANN'S PRIMARY SCHOOL
PS0204117,ST. CLARET PRIMARY SCHOOL
PS0204119,ST. FELISTA PRIMARY SCHOOL
PS0204120,ST. MAGRETH PRIMARY SCHOOL
PS0204222,ST. RITA PRIMARY SCHOOL
PS0204130,STAR PRE-AND PRIMARY SCHOOL
PS0204189,TANZANITE PRIMARY SCHOOL
PS0204055,TEGETA 'A' PRIMARY SCHOOL
PS0204056,TEMBONI PRIMARY SCHOOL
PS0204121,TOP STAR PRIMARY SCHOOL
PS0204122,TOPLAYER PRIMARY SCHOOL
PS0204193,TREHNA PRIMARY SCHOOL
PS0204057,UBUNGO KISIWANI PRIMARY SCHOOL
PS0204058,UBUNGO NHC PRIMARY SCHOOL
PS0204059,UBUNGO PLAZA PRIMARY SCHOOL
PS0204060,UKOMBOZI PRIMARY SCHOOL
PS0204061,UMOJA PRIMARY SCHOOL
PS0204062,UPENDO PRIMARY SCHOOL
PS0204064,UZURI PRIMARY SCHOOL
PS0204123,VERITAS PRIMARY SCHOOL
PS0204169,VICTORY ADONAI NURSERY AND PRIMARY SCHOOL
PS0204179,VICTORY CHRISTIAN PRIMARY SCHOOL
PS0204153,WHITE ROSE PRIMARY SCHOOL
PS0204125,WORLD KIDS PRIMARY SCHOOL
PS0301001,ASANJE PRIMARY SCHOOL
PS0301002,BABAYU PRIMARY SCHOOL
PS0301003,BAHI MAKULU PRIMARY SCHOOL
PS0301004,BAHI MISHENI PRIMARY SCHOOL
PS0301005,BAHI SOKONI PRIMARY SCHOOL
PS0301006,BANKOLO PRIMARY SCHOOL
PS0301007,CHALI IGONGO PRIMARY SCHOOL
PS0301008,CHALI ISANGA PRIMARY SCHOOL
PS0301009,CHALI MAKULU PRIMARY SCHOOL
PS0301010,CHIBAYA PRIMARY SCHOOL
PS0301011,CHIBELELA PRIMARY SCHOOL
PS0301012,CHIDETE PRIMARY SCHOOL
PS0301013,CHIDILO PRIMARY SCHOOL
PS0301014,CHIFUTUKA PRIMARY SCHOOL
PS0301015,CHIGULUKA PRIMARY SCHOOL
PS0301016,CHIKOLA PRIMARY SCHOOL
PS0301072,CHIKOPELO BWAWANI PRIMARY SCHOOL
PS0301017,CHIKOPELO PRIMARY SCHOOL
PS0301018,CHILUNGULU PRIMARY SCHOOL
PS0301019,CHIMENDELI PRIMARY SCHOOL
PS0301080,CHIONA PRIMARY SCHOOL
PS0301020,CHIPANGA A PRIMARY SCHOOL
PS0301021,CHIPANGA B PRIMARY SCHOOL
PS0301022,CHITALALO PRIMARY SCHOOL
PS0301023,CHONDE PRIMARY SCHOOL
PS0301024,IBIHWA PRIMARY SCHOOL
PS0301025,IBUGULE PRIMARY SCHOOL
PS0301026,ILINDI PRIMARY SCHOOL
PS0301027,ISANGHA PRIMARY SCHOOL
PS0301028,IWUMBA PRIMARY SCHOOL
PS0301029,KICHANGANI PRIMARY SCHOOL
PS0301030,KIGWE PRIMARY SCHOOL
PS0301031,KIGWE VIZIWI PRIMARY SCHOOL
PS0301032,KISIMA CHA NDEGE PRIMARY SCHOOL
PS0301033,KONGOGO PRIMARY SCHOOL
PS0301034,KUSILA PRIMARY SCHOOL
PS0301035,LAMAITI PRIMARY SCHOOL
PS0301036,LUKALI PRIMARY SCHOOL
PS0301037,MAGAGA PRIMARY SCHOOL
PS0301038,MAKANDA PRIMARY SCHOOL
PS0301039,MAPANGA PRIMARY SCHOOL
PS0301040,MAPINDUZI PRIMARY SCHOOL
PS0301041,MAYAMAYA PRIMARY SCHOOL
PS0301042,MCHITO PRIMARY SCHOOL
PS0301043,MGONDO PRIMARY SCHOOL
PS0301044,MINDOLA PRIMARY SCHOOL
PS0301045,MKAKATIKA PRIMARY SCHOOL
PS0301046,MKONDAI PRIMARY SCHOOL
PS0301047,MNKOLA PRIMARY SCHOOL
PS0301048,MPALANGA PRIMARY SCHOOL
PS0301079,MPAMANTWA BARABARANI PRIMARY SCHOOL
PS0301049,MPAMANTWA PRIMARY SCHOOL
PS0301050,MPHANGWE PRIMARY SCHOOL
PS0301051,MPINGA PRIMARY SCHOOL
PS0301081,MSIGALA PRIMARY SCHOOL
PS0301052,MSISI PRIMARY SCHOOL
PS0301053,MTITAA PRIMARY SCHOOL
PS0301054,MUNDEMU PRIMARY SCHOOL
PS0301055,MWITIKIRA PRIMARY SCHOOL
PS0301056,MZOGOLE PRIMARY SCHOOL
PS0301057,NAGULO BAHI PRIMARY SCHOOL
PS0301058,NGHOMBOLOLA PRIMARY SCHOOL
PS0301059,NGHULUGANO PRIMARY SCHOOL
PS0301060,NGUJI PRIMARY SCHOOL
PS0301061,NHOLI PRIMARY SCHOOL
PS0301062,NHYINILA PRIMARY SCHOOL
PS0301063,NKHOME PRIMARY SCHOOL
PS0301064,NONDWA PRIMARY SCHOOL
PS0301065,SANDULI PRIMARY SCHOOL
PS0301066,SOKOINE PRIMARY SCHOOL
PS0301076,SUGUTA PRIMARY SCHOOL
PS0301067,SULUNGAI PRIMARY SCHOOL
PS0301068,TINAI PRIMARY SCHOOL
PS0301069,UHELELA PRIMARY SCHOOL
PS0301078,ZAMAHERO PRIMARY SCHOOL
PS0301070,ZANKA PRIMARY SCHOOL
PS0301071,ZEJELE PRIMARY SCHOOL
PS0306001,AMANI PRIMARY SCHOOL
PS0306002,AZIMIO PRIMARY SCHOOL
PS0306003,BUIGIRI BLIND PRIMARY SCHOOL
PS0306004,BUIGIRI MISHENI PRIMARY SCHOOL
PS0306005,CHALINZE PRIMARY SCHOOL
PS0306006,CHALULA PRIMARY SCHOOL
PS0306007,CHAMPUMBA PRIMARY SCHOOL
PS0306008,CHAMWINO PRIMARY SCHOOL
PS0306009,CHANHUMBA PRIMARY SCHOOL
PS0306010,CHENENE PRIMARY SCHOOL
PS0306011,CHIBOLI PRIMARY SCHOOL
PS0306117,CHIBULUNJE PRIMARY SCHOOL
PS0306012,CHICHINKA PRIMARY SCHOOL
PS0306013,CHIFUKULO PRIMARY SCHOOL
PS0306130,CHIKOTI PRIMARY SCHOOL
PS0306014,CHILANJILILO PRIMARY SCHOOL
PS0306015,CHILONWA PRIMARY SCHOOL
PS0306016,CHINANGALI I PRIMARY SCHOOL
PS0306017,CHINANGALI II PRIMARY SCHOOL
PS0306018,CHINOJE PRIMARY SCHOOL
PS0306019,CHINUGULU PRIMARY SCHOOL
PS0306020,CHISOLO PRIMARY SCHOOL
PS0306021,CHITA PRIMARY SCHOOL
PS0306022,CHITABULI PRIMARY SCHOOL
PS0306137,CHITELECHE PRIMARY SCHOOL
PS0306023,CHIWONA PRIMARY SCHOOL
PS0306024,CHIWONDO PRIMARY SCHOOL
PS0306025,DABALO PRIMARY SCHOOL
PS0306122,EPIPHANY -DODOMA PRIMARY SCHOOL
PS0306026,FUFU PRIMARY SCHOOL
PS0306027,GWANDI PRIMARY SCHOOL
PS0306028,HANDALI PRIMARY SCHOOL
PS0306029,HANETI PRIMARY SCHOOL
PS0306030,HUMEKWA PRIMARY SCHOOL
PS0306031,HUZI PRIMARY SCHOOL
PS0306032,IDIFU PRIMARY SCHOOL
PS0306033,IGAMBA PRIMARY SCHOOL
PS0306034,IGANDU PRIMARY SCHOOL
PS0306035,IGUNGULI PRIMARY SCHOOL
PS0306036,IKOMBO PRIMARY SCHOOL
PS0306037,IKOMBOLINGA PRIMARY SCHOOL
PS0306038,IKOWA PRIMARY SCHOOL
PS0306039,ILANGALI PRIMARY SCHOOL
PS0306040,ILEWELO PRIMARY SCHOOL
PS0306041,ILOLO PRIMARY SCHOOL
PS0306042,IRINGA MVUMI PRIMARY SCHOOL
PS0306043,ITISO PRIMARY SCHOOL
PS0306044,IZAVA PRIMARY SCHOOL
PS0306045,JITEGEMEE PRIMARY SCHOOL
PS0306046,JUHUDI PRIMARY SCHOOL
PS0306047,KALEMBO PRIMARY SCHOOL
PS0306048,KALENGA PRIMARY SCHOOL
PS0306049,KAMBARAGE PRIMARY SCHOOL
PS0306050,KAWAWA PRIMARY SCHOOL
PS0306051,KIMEJI PRIMARY SCHOOL
PS0306134,KIZIGO PRIMARY SCHOOL
PS0306052,KWAHEMU PRIMARY SCHOOL
PS0306053,LOJE PRIMARY SCHOOL
PS0306054,LOWASA PRIMARY SCHOOL
PS0306055,LUSINDE PRIMARY SCHOOL
PS0306056,MAFURUNGU PRIMARY SCHOOL
PS0306057,MAGUNGU PRIMARY SCHOOL
PS0306120,MAHAMA PRIMARY SCHOOL
PS0306058,MAHATA PRIMARY SCHOOL
PS0306059,MAJELEKO PRIMARY SCHOOL
PS0306060,MAJENGO MAPYA PRIMARY SCHOOL
PS0306061,MAKANG'WA PRIMARY SCHOOL
PS0306123,MAKIBRILLIANT PRIMARY SCHOOL
PS0306062,MAKOJA PRIMARY SCHOOL
PS0306063,MALECELA PRIMARY SCHOOL
PS0306064,MANCHALI PRIMARY SCHOOL
PS0306065,MANDA PRIMARY SCHOOL
PS0306066,MANYEMBA PRIMARY SCHOOL
PS0306067,MANZASE PRIMARY SCHOOL
PS0306068,MANZILANZI PRIMARY SCHOOL
PS0306069,MAPINDUZI PRIMARY SCHOOL
PS0306115,MATEMBE PRIMARY SCHOOL
PS0306131,MAUMI PRIMARY SCHOOL
PS0306070,MAZENGO PRIMARY SCHOOL
PS0306125,MBELEZUNGU PRIMARY SCHOOL
PS0306135,MBUGANI PRIMARY SCHOOL
PS0306136,MCHOYA PRIMARY SCHOOL
PS0306071,MEMBE PRIMARY SCHOOL
PS0306072,MGUNGA PRIMARY SCHOOL
PS0306073,MIGANGA PRIMARY SCHOOL
PS0306126,MIZENGO PINDA PRIMARY SCHOOL
PS0306133,MJELO PRIMARY SCHOOL
PS0306074,MKAPA PRIMARY SCHOOL
PS0306075,MLAZO PRIMARY SCHOOL
PS0306076,MLEBE PRIMARY SCHOOL
PS0306077,MLIMWA PRIMARY SCHOOL
PS0306078,MLODA PRIMARY SCHOOL
PS0306079,MLOWA BARABARANI PRIMARY SCHOOL
PS0306080,MLOWA BWAWANI PRIMARY SCHOOL
PS0306081,MNASE PRIMARY SCHOOL
PS0306082,MONDOMELA PRIMARY SCHOOL
PS0306083,MPWAYUNGU PRIMARY SCHOOL
PS0306084,MSAMALO PRIMARY SCHOOL
PS0306118,MSANGA B PRIMARY SCHOOL
PS0306085,MSANGA PRIMARY SCHOOL
PS0306086,MUGU PRIMARY SCHOOL
PS0306087,MUHEME PRIMARY SCHOOL
PS0306088,MUUNGANO PRIMARY SCHOOL
PS0306089,MVUMI MAKULU PRIMARY SCHOOL
PS0306090,MVUMI MISHENI PRIMARY SCHOOL
PS0306091,MVUMI PRIMARY SCHOOL
PS0306092,MWIYENDAJE PRIMARY SCHOOL
PS0306093,MZULA PRIMARY SCHOOL
PS0306094,NAGULO MWITIKIRA PRIMARY SCHOOL
PS0306095,NAYU PRIMARY SCHOOL
PS0306096,NDEBWE PRIMARY SCHOOL
PS0306097,NDOGOWE PRIMARY SCHOOL
PS0306098,NGHAHELEZE PRIMARY SCHOOL
PS0306099,NGHAMBAKU PRIMARY SCHOOL
PS0306100,NHINHI PRIMARY SCHOOL
PS0306101,NKWENDA PRIMARY SCHOOL
PS0306116,NYAMALELA PRIMARY SCHOOL
PS0306102,NYAMIGOHA PRIMARY SCHOOL
PS0306103,NYERERE PRIMARY SCHOOL
PS0306104,NZALI PRIMARY SCHOOL
PS0306119,PRINCE OF PEACE PRIMARY SCHOOL
PS0306105,SASAJILA PRIMARY SCHOOL
PS0306106,SEGALA PRIMARY SCHOOL
PS0306107,SOLOWU PRIMARY SCHOOL
PS0306108,SULI PRIMARY SCHOOL
PS0306109,UGUZI PRIMARY SCHOOL
PS0306110,UMOJA PRIMARY SCHOOL
PS0306111,UWANJA WA NDEGE PRIMARY SCHOOL
PS0306124,WALI PRIMARY SCHOOL
PS0306112,WILIKO PRIMARY SCHOOL
PS0306113,WILUNZE PRIMARY SCHOOL
PS0306132,YOBO PRIMARY SCHOOL
PS0306114,ZAJILWA PRIMARY SCHOOL
PS0307001,ARAA PRIMARY SCHOOL
PS0307002,BAABA PRIMARY SCHOOL
PS0307003,BABAYU PRIMARY SCHOOL
PS0307004,BANGUMA PRIMARY SCHOOL
PS0307005,BIRISE PRIMARY SCHOOL
PS0307006,BUBUTOLE PRIMARY SCHOOL
PS0307007,BUGENIKA PRIMARY SCHOOL
PS0307008,CHAMBALO PRIMARY SCHOOL
PS0307009,CHANDAMA PRIMARY SCHOOL
PS0307010,CHANGAMKA PRIMARY SCHOOL
PS0307011,CHANG'OMBE PRIMARY SCHOOL
PS0307012,CHASE PRIMARY SCHOOL
PS0307013,CHEKU PRIMARY SCHOOL
PS0307014,CHEMBA PRIMARY SCHOOL
PS0307015,CHEMKA PRIMARY SCHOOL
PS0307016,CHINYIKA PRIMARY SCHOOL
PS0307017,CHIOLI  PRIMARY SCHOOL
PS0307018,CHUKURUMA PRIMARY SCHOOL
PS0307019,CHURUKU PRIMARY SCHOOL
PS0307020,DALAI PRIMARY SCHOOL
PS0307021,DEDU PRIMARY SCHOOL
PS0307022,DINAE PRIMARY SCHOOL
PS0307100,DONSEE PRIMARY SCHOOL
PS0307023,DOYO PRIMARY SCHOOL
PS0307024,FARKWA PRIMARY SCHOOL
PS0307025,GOIMA PRIMARY SCHOOL
PS0307026,GONGA PRIMARY SCHOOL
PS0307027,GWANDI PRIMARY SCHOOL
PS0307028,HAMAI PRIMARY SCHOOL
PS0307029,HAMIA PRIMARY SCHOOL
PS0307111,HANAA PRIMARY SCHOOL
PS0307117,HANDA 'B' PRIMARY SCHOOL
PS0307030,HANDA PRIMARY SCHOOL
PS0307031,HAWELO PRIMARY SCHOOL
PS0307032,HUMEKWA PRIMARY SCHOOL
PS0307033,IGUNGA PRIMARY SCHOOL
PS0307034,ISINI PRIMARY SCHOOL
PS0307035,ISUSUMYA PRIMARY SCHOOL
PS0307036,ITOLWA PRIMARY SCHOOL
PS0307037,JANGALO PRIMARY SCHOOL
PS0307038,JENJELUSE PRIMARY SCHOOL
PS0307039,JINJO PRIMARY SCHOOL
PS0307040,JOGOLO PRIMARY SCHOOL
PS0307109,KALOLENI PRIMARY SCHOOL
PS0307041,KAMBI YA NYASA PRIMARY SCHOOL
PS0307042,KELEMA BALAI PRIMARY SCHOOL
PS0307043,KELEMA MAZIWANI PRIMARY SCHOOL
PS0307044,KHUBUNKO PRIMARY SCHOOL
PS0307045,KIDOKA PRIMARY SCHOOL
PS0307046,KILIMBA PRIMARY SCHOOL
PS0307047,KINKIMA PRIMARY SCHOOL
PS0307048,KINYAMSINDO PRIMARY SCHOOL
PS0307049,KISANDE PRIMARY SCHOOL
PS0307050,KUBI PRIMARY SCHOOL
PS0307051,KURIO PRIMARY SCHOOL
PS0307052,KUU PRIMARY SCHOOL
PS0307053,KWAMTORO PRIMARY SCHOOL
PS0307054,LAHODA PRIMARY SCHOOL
PS0307055,LALTA PRIMARY SCHOOL
PS0307110,LUGOBA PRIMARY SCHOOL
PS0307056,MACHIGA PRIMARY SCHOOL
PS0307057,MADAHA PRIMARY SCHOOL
PS0307113,MAGANDI PRIMARY SCHOOL
PS0307058,MAGASA PRIMARY SCHOOL
PS0307101,MAGUNGU PRIMARY SCHOOL
PS0307059,MAKAMAKA PRIMARY SCHOOL
PS0307060,MAKORONGO PRIMARY SCHOOL
PS0307061,MANANTU PRIMARY SCHOOL
PS0307114,MANGASTA PRIMARY SCHOOL
PS0307062,MAPANGO PRIMARY SCHOOL
PS0307108,MASIMBA PRIMARY SCHOOL
PS0307063,MAZIWA PRIMARY SCHOOL
PS0307064,MBARADA PRIMARY SCHOOL
PS0307065,MENGU PRIMARY SCHOOL
PS0307115,MIALO PRIMARY SCHOOL
PS0307066,MIRAMBO PRIMARY SCHOOL
PS0307112,MKADINDE PRIMARY SCHOOL
PS0307067,MLONGIA PRIMARY SCHOOL
PS0307068,MOMBOSE PRIMARY SCHOOL
PS0307069,MONDO PRIMARY SCHOOL
PS0307070,MOTTO PRIMARY SCHOOL
PS0307071,MPENDO PRIMARY SCHOOL
PS0307106,MRIJO CHINI 'B' PRIMARY SCHOOL
PS0307072,MRIJO CHINI PRIMARY SCHOOL
PS0307073,MRIJO JUU PRIMARY SCHOOL
PS0307074,MSAADA PRIMARY SCHOOL
PS0307075,MSERA PRIMARY SCHOOL
PS0307076,MTAKUJA PRIMARY SCHOOL
PS0307099,MUUNGANO PRIMARY SCHOOL
PS0307077,MWAIKISABE PRIMARY SCHOOL
PS0307078,MWAILANJE PRIMARY SCHOOL
PS0307079,NDOROBONI PRIMARY SCHOOL
PS0307080,NKULARI PRIMARY SCHOOL
PS0307081,OLBOLOTI PRIMARY SCHOOL
PS0307082,OMBIRI PRIMARY SCHOOL
PS0307083,PANGALUA PRIMARY SCHOOL
PS0307084,PARANGA PRIMARY SCHOOL
PS0307085,PIHO PRIMARY SCHOOL
PS0307086,PONGAI PRIMARY SCHOOL
PS0307087,ROFATI PRIMARY SCHOOL
PS0307088,SANZAWA PRIMARY SCHOOL
PS0307089,SONGAMBELE PRIMARY SCHOOL
PS0307090,SONGOLO PRIMARY SCHOOL
PS0307091,SORI PRIMARY SCHOOL
PS0307092,SOYA PRIMARY SCHOOL
PS0307093,TAKWA PRIMARY SCHOOL
PS0307102,TAMKA PRIMARY SCHOOL
PS0307103,TANDALA B PRIMARY SCHOOL
PS0307094,TANDALA PRIMARY SCHOOL
PS0307095,TUMBAKOSE PRIMARY SCHOOL
PS0307096,WAIDA PRIMARY SCHOOL
PS0307097,WAIRO PRIMARY SCHOOL
PS0307098,WISUZAJE PRIMARY SCHOOL
PS0302155,ALMES PRIMARY SCHOOL
PS0302001,AMANI PRIMARY SCHOOL
PS0302151,AMMAR PRIMARY SCHOOL
PS0302153,ANTONIA PRIMARY SCHOOL
PS0302135,BEN CARSON PRIMARY SCHOOL
PS0302116,BLESSED MABUBA PRIMARY SCHOOL
PS0302120,BROTHER MARTIN PRIMARY SCHOOL
PS0302115,CAPITAL PRIMARY SCHOOL
PS0302002,CHADULU PRIMARY SCHOOL
PS0302051,CHAHWA PRIMARY SCHOOL
PS0302067,CHAMWINO 'B' PRIMARY SCHOOL
PS0302003,CHAMWINO PRIMARY SCHOOL
PS0302103,CHANG'OMBE 'B' PRIMARY SCHOOL
PS0302079,CHANG'OMBE PRIMARY SCHOOL
PS0302076,CHEMCHEMI PRIMARY SCHOOL
PS0302073,CHIDACHI PRIMARY SCHOOL
PS0302018,CHIDIDIMO PRIMARY SCHOOL
PS0302052,CHIGONGWE PRIMARY SCHOOL
PS0302019,CHIHANGA PRIMARY SCHOOL
PS0302089,CHIHIKWI PRIMARY SCHOOL
PS0302020,CHIHONI PRIMARY SCHOOL
PS0302170,CHIKOLE PRIMARY SCHOOL
PS0302099,CHIKOWA PRIMARY SCHOOL
PS0302004,CHINANGALI PRIMARY SCHOOL
PS0302061,CHISICHILI PRIMARY SCHOOL
PS0302148,CHIWONDO PRIMARY SCHOOL
PS0302064,CHIZOMOCHE PRIMARY SCHOOL
PS0302021,CHOLOLO PRIMARY SCHOOL
PS0302060,DAR-UL-MUSLIMEEN PRIMARY SCHOOL
PS0302070,DCT BISHOP STANWAY PRIMARY SCHOOL
PS0302068,DCT HOLY TRINITY PRIMARY SCHOOL
PS0302140,DODOMA IMAAN PRIMARY SCHOOL
PS0302166,DODOMA TALENT PRIMARY SCHOOL
PS0302108,DODOMA VIZIWI PRIMARY SCHOOL
PS0302005,DODOMA-MAKULU PRIMARY SCHOOL
PS0302006,DODOMA-MLIMANI PRIMARY SCHOOL
PS0302156,EAST AFRICA-DODOMA PRIMARY SCHOOL
PS0302106,EL- SHADDAI PRIMARY SCHOOL
PS0302132,ELLEN WHITE PRIMARY SCHOOL
PS0302136,FEZA-DODOMA PRIMARY SCHOOL
PS0302129,FOUNTAIN DODOMA PRIMARY SCHOOL
PS0302022,GAWAYE PRIMARY SCHOOL
PS0302062,GENERAL MUSUGURI PRIMARY SCHOOL
PS0302137,GLORIA IHUMWA PRIMARY SCHOOL
PS0302145,GREEN HARVEST NURSERY AND PRIMARY SCHOOL
PS0302113,HERMIT PRIMARY SCHOOL
PS0302100,HIJRA PRIMARY SCHOOL
PS0302133,HOLY FACE PRIMARY SCHOOL
PS0302023,HOMBOLO  BWAWANI PRIMARY SCHOOL
PS0302024,HOMBOLO  MAKULU PRIMARY SCHOOL
PS0302090,IGNATIUS PRIMARY SCHOOL
PS0302025,IHUMWA PRIMARY SCHOOL
PS0302134,ILAKOZE PRIMARY SCHOOL
PS0302121,ILAZO PRIMARY SCHOOL
PS0302085,IPAGALA 'B'  PRIMARY SCHOOL
PS0302049,IPAGALA PRIMARY SCHOOL
PS0302026,IPALA PRIMARY SCHOOL
PS0302118,ISLAAHI PRIMARY SCHOOL
PS0302048,IYUMBU PRIMARY SCHOOL
PS0302161,JEHOVAH SHALOM PRIMARY SCHOOL
PS0302165,JESA PRIMARY SCHOOL
PS0302171,JITEGEMEE PRIMARY SCHOOL
PS0302007,KALOLENI PRIMARY SCHOOL
PS0302077,KAMBARAGE PRIMARY SCHOOL
PS0302128,KANAAN PRIMARY SCHOOL
PS0302160,KATO VICTORIA PRIMARY SCHOOL
PS0302027,KIKOMBO PRIMARY SCHOOL
PS0302091,KIKUYU 'B' PRIMARY SCHOOL
PS0302008,KIKUYU PRIMARY SCHOOL
PS0302104,KISASA PRIMARY SCHOOL
PS0302065,KITELELA PRIMARY SCHOOL
PS0302009,KIWANJA CHA NDEGE PRIMARY SCHOOL
PS0302010,KIZOTA PRIMARY SCHOOL
PS0302101,KUSENHA PRIMARY SCHOOL
PS0302053,LUGALA PRIMARY SCHOOL
PS0302131,LWAMBO PRIMARY SCHOOL
PS0302028,MAHOMA MAKULU PRIMARY SCHOOL
PS0302029,MAHOMANYIKA PRIMARY SCHOOL
PS0302011,MAKOLE PRIMARY SCHOOL
PS0302058,MAKUTUPORA PRIMARY SCHOOL
PS0302030,MAPINDUZI PRIMARY SCHOOL
PS0302086,MARIA DE MATTIAS PRIMARY SCHOOL
PS0302080,MARTIN LUTHER PRIMARY SCHOOL
PS0302092,MASEYA PRIMARY SCHOOL
PS0302031,MATUMBULU PRIMARY SCHOOL
PS0302167,MAYETO PRIMARY SCHOOL
PS0302012,MAZENGO PRIMARY SCHOOL
PS0302032,MBABALA PRIMARY SCHOOL
PS0302054,MBALAWALA PRIMARY SCHOOL
PS0302013,MBWANGA PRIMARY SCHOOL
PS0302033,MCHEMWA PRIMARY SCHOOL
PS0302097,MEDELI PRIMARY SCHOOL
PS0302081,MHANDE PRIMARY SCHOOL
PS0302141,MICAIH PRIMARY SCHOOL
PS0302034,MICHESE PRIMARY SCHOOL
PS0302126,MISERICODIA PRIMARY SCHOOL
PS0302082,MKAPA PRIMARY SCHOOL
PS0302035,MKONZE PRIMARY SCHOOL
PS0302055,MKOYO PRIMARY SCHOOL
PS0302063,MLANGWA PRIMARY SCHOOL
PS0302014,MLEZI PRIMARY SCHOOL
PS0302074,MLIMWA 'B' PRIMARY SCHOOL
PS0302083,MLIMWA 'C' PRIMARY SCHOOL
PS0302015,MLIMWA PRIMARY SCHOOL
PS0302071,MNADANI PRIMARY SCHOOL
PS0302158,MNYAKONGO PRIMARY SCHOOL
PS0302125,MODERN PRIMARY SCHOOL
PS0302146,MORNING STAR PRIMARY SCHOOL
PS0302084,MPAMAA PRIMARY SCHOOL
PS0302036,MPUNGUZI PRIMARY SCHOOL
PS0302075,MSALATO BWAWANI PRIMARY SCHOOL
PS0302016,MSALATO PRIMARY SCHOOL
PS0302066,MSEMBETA PRIMARY SCHOOL
PS0302093,MSISI PRIMARY SCHOOL
PS0302144,MTEMI MAZENGO PRIMARY SCHOOL
PS0302157,MTUBE PRIMARY SCHOOL
PS0302037,MTUMBA PRIMARY SCHOOL
PS0302038,MWENGE PRIMARY SCHOOL
PS0302039,MZAKWE PRIMARY SCHOOL
PS0302040,NALA PRIMARY SCHOOL
PS0302094,NDACHI PRIMARY SCHOOL
PS0302122,NELSON MANDELA PRIMARY SCHOOL
PS0302072,NEW HEAVEN PRIMARY SCHOOL
PS0302095,NGHAMBALA PRIMARY SCHOOL
PS0302041,NGHONG'ONHA PRIMARY SCHOOL
PS0302186,NGHUNGUGU PRIMARY SCHOOL
PS0302109,NGUJI PRIMARY SCHOOL
PS0302059,NKUHUNGU PRIMARY SCHOOL
PS0302056,NKULABI PRIMARY SCHOOL
PS0302042,NTYUKA PRIMARY SCHOOL
PS0302043,NZASA PRIMARY SCHOOL
PS0302087,NZUGUNI 'B' PRIMARY SCHOOL
PS0302044,NZUGUNI PRIMARY SCHOOL
PS0302195,RAHMA WORLD PRIMARY SCHOOL
PS0302110,RASAISEI PRIMARY SCHOOL
PS0302102,RHEMA PRIMARY SCHOOL
PS0302138,ROYAL FEAT PRIMARY SCHOOL
PS0302105,SAINT GASPAR PRIMARY SCHOOL
PS0302098,SANTHOME PRIMARY SCHOOL
PS0302123,SENDEU PRIMARY SCHOOL
PS0302139,SHEKINAH PRIMARY SCHOOL
PS0302088,SOGEAMBELE PRIMARY SCHOOL
PS0302069,SOKOINE PRIMARY SCHOOL
PS0302111,ST MARK'S PRIMARY SCHOOL
PS0302124,ST MARY'S PRIMARY SCHOOL
PS0302168,SWASWA PRIMARY SCHOOL
PS0302119,TULLIA PRIMARY SCHOOL
PS0302078,TUMAINI PRIMARY SCHOOL
PS0302017,UHURU PRIMARY SCHOOL
PS0302057,VIKONJE PRIMARY SCHOOL
PS0302050,VILINDONI PRIMARY SCHOOL
PS0302045,WEYULA PRIMARY SCHOOL
PS0302127,WISDOM PRIMARY SCHOOL
PS0302096,YOUNG JAI PRIMARY SCHOOL
PS0302112,ZAMZAM PRIMARY SCHOOL
PS0302046,ZEPISA PRIMARY SCHOOL
PS0302047,ZUZU PRIMARY SCHOOL
PS0303001,ABULAYI PRIMARY SCHOOL
PS0303002,ATTA PRIMARY SCHOOL
PS0303003,BAMBARE PRIMARY SCHOOL
PS0303004,BAURA PRIMARY SCHOOL
PS0303005,BERABERA PRIMARY SCHOOL
PS0303006,BEREKO PRIMARY SCHOOL
PS0303007,BUMBUTA PRIMARY SCHOOL
PS0303008,BUSI PRIMARY SCHOOL
PS0303009,CHANGAA PRIMARY SCHOOL
PS0303010,CHOLOLO PRIMARY SCHOOL
PS0303011,CHUBI PRIMARY SCHOOL
PS0303012,CHUNGAI PRIMARY SCHOOL
PS0303013,DERI PRIMARY SCHOOL
PS0303014,DISSA PRIMARY SCHOOL
PS0303101,DKT ASHATU KIJAJI PRIMARY SCHOOL
PS0303015,DORASI PRIMARY SCHOOL
PS0303016,FILIMO PRIMARY SCHOOL
PS0303017,FOE PRIMARY SCHOOL
PS0303018,GAARA PRIMARY SCHOOL
PS0303019,GAYU PRIMARY SCHOOL
PS0303020,HEBI JUU PRIMARY SCHOOL
PS0303021,HONDOMAIRO PRIMARY SCHOOL
PS0303022,HUMAI PRIMARY SCHOOL
PS0303023,HURUI PRIMARY SCHOOL
PS0303024,IDINDIRI PRIMARY SCHOOL
PS0303025,IHARI PRIMARY SCHOOL
PS0303026,IKENGWA PRIMARY SCHOOL
PS0303027,IKOVA PRIMARY SCHOOL
PS0303028,ISABE PRIMARY SCHOOL
PS0303029,ISARI PRIMARY SCHOOL
PS0303030,ISONGOLO PRIMARY SCHOOL
PS0303031,ITASWI PRIMARY SCHOOL
PS0303032,ITOLOLO PRIMARY SCHOOL
PS0303033,KALAMBA PRIMARY SCHOOL
PS0303034,KANDAGA PRIMARY SCHOOL
PS0303035,KEIKEI PRIMARY SCHOOL
PS0303036,KIDONGO CHEUSI PRIMARY SCHOOL
PS0303037,KIDULO PRIMARY SCHOOL
PS0303038,KIKILO PRIMARY SCHOOL
PS0303039,KIKORE PRIMARY SCHOOL
PS0303041,KINYASI MAJENGO PRIMARY SCHOOL
PS0303040,KINYASI PRIMARY SCHOOL
PS0303042,KIRERE CHA NG'OMBE PRIMARY SCHOOL
PS0303043,KISAKI PRIMARY SCHOOL
PS0303044,KISESE PRIMARY SCHOOL
PS0303095,KISONDOKO PRIMARY SCHOOL
PS0303045,KITEO PRIMARY SCHOOL
PS0303046,KURASINI PRIMARY SCHOOL
PS0303047,KUUTA PRIMARY SCHOOL
PS0303049,KWADELO 'B' PRIMARY SCHOOL
PS0303048,KWADELO PRIMARY SCHOOL
PS0303050,KWADINU PRIMARY SCHOOL
PS0303051,KWADOSA PRIMARY SCHOOL
PS0303052,KWAHENGWA PRIMARY SCHOOL
PS0303053,KWAMADEBE PRIMARY SCHOOL
PS0303054,KWAMAFUNCHI PRIMARY SCHOOL
PS0303055,KWAYONDU PRIMARY SCHOOL
PS0303056,LEMBO PRIMARY SCHOOL
PS0303057,LOO PRIMARY SCHOOL
PS0303058,LUSANGI PRIMARY SCHOOL
PS0303059,MACHOMBE PRIMARY SCHOOL
PS0303060,MADEGE PRIMARY SCHOOL
PS0303061,MADISA PRIMARY SCHOOL
PS0303062,MAHONGO PRIMARY SCHOOL
PS0303063,MAKAFA PRIMARY SCHOOL
PS0303064,MAKIRINYA PRIMARY SCHOOL
PS0303065,MAPINDUZI PRIMARY SCHOOL
PS0303066,MASANGE PRIMARY SCHOOL
PS0303067,MASAWI PRIMARY SCHOOL
PS0303068,MASITA PRIMARY SCHOOL
PS0303069,MATANGALIMO PRIMARY SCHOOL
PS0303070,MAUNO PRIMARY SCHOOL
PS0303097,MISREYI PRIMARY SCHOOL
PS0303071,MITATI PRIMARY SCHOOL
PS0303072,MKEKENA PRIMARY SCHOOL
PS0303073,MKOMBOZI PRIMARY SCHOOL
PS0303074,MKONGA PRIMARY SCHOOL
PS0303075,MNENIA PRIMARY SCHOOL
PS0303076,MONGOLO PRIMARY SCHOOL
PS0303077,MWEMBENI PRIMARY SCHOOL
PS0303078,MWISANGA PRIMARY SCHOOL
PS0303079,NTOMOKO  PRIMARY SCHOOL
PS0303080,ORORIMO PRIMARY SCHOOL
PS0303082,PAHI IQRA PRIMARY SCHOOL
PS0303081,PAHI PRIMARY SCHOOL
PS0303083,POTEA PRIMARY SCHOOL
PS0303084,PUHI PRIMARY SCHOOL
PS0303085,SAKAMI PRIMARY SCHOOL
PS0303086,SALANKA PRIMARY SCHOOL
PS0303087,SALARE PRIMARY SCHOOL
PS0303088,SAMBWA PRIMARY SCHOOL
PS0303089,SAUNA PRIMARY SCHOOL
PS0303090,SOERA PRIMARY SCHOOL
PS0303091,SORO PRIMARY SCHOOL
PS0303098,SWAGASWAGA PRIMARY SCHOOL
PS0303093,THAWI JUU PRIMARY SCHOOL
PS0303092,THAWI PRIMARY SCHOOL
PS0308029,BICHA ISLAMIC PRIMARY SCHOOL
PS0308001,BICHA PRIMARY SCHOOL
PS0308002,BOLISA PRIMARY SCHOOL
PS0308034,CHANDIMO PRIMARY SCHOOL
PS0308003,CHEMCHEM PRIMARY SCHOOL
PS0308004,CHOKA PRIMARY SCHOOL
PS0308005,GUBALI PRIMARY SCHOOL
PS0308006,HACHWI PRIMARY SCHOOL
PS0308007,IBONI PRIMARY SCHOOL
PS0308031,IBRA PRIMARY SCHOOL
PS0308008,ITISO PRIMARY SCHOOL
PS0308009,IYOLI PRIMARY SCHOOL
PS0308010,KICHANGANI PRIMARY SCHOOL
PS0308011,KILIMANI PRIMARY SCHOOL
PS0308012,KINGALE PRIMARY SCHOOL
PS0308013,KING'ANG'A PRIMARY SCHOOL
PS0308014,KOLOWASI PRIMARY SCHOOL
PS0308032,KONDOA  ISLAMIC PRIMARY SCHOOL
PS0308016,KONDOA INTEGRITY PRIMARY SCHOOL
PS0308015,KONDOA PRIMARY SCHOOL
PS0308017,MAJI YA SHAMBA PRIMARY SCHOOL
PS0308036,MIGUNGANI PRIMARY SCHOOL
PS0308018,MININGANI PRIMARY SCHOOL
PS0308019,MONGOROMA PRIMARY SCHOOL
PS0308020,MPALANGWI PRIMARY SCHOOL
PS0308021,MULUA PRIMARY SCHOOL
PS0308022,MUNGURI PRIMARY SCHOOL
PS0308037,SERENGENYI PRIMARY SCHOOL
PS0308023,SHALOM PRIMARY SCHOOL
PS0308030,ST.GEMMA GALGAN PRIMARY SCHOOL
PS0308024,TAMPORI PRIMARY SCHOOL
PS0308025,TUMBELO PRIMARY SCHOOL
PS0308026,TUNGUFU PRIMARY SCHOOL
PS0308027,UBEMBENI PRIMARY SCHOOL
PS0308028,UNKUKU PRIMARY SCHOOL
PS0305096,AMANI PRIMARY SCHOOL
PS0305062,AZIMIO PRIMARY SCHOOL
PS0305001,BANYIBANYI PRIMARY SCHOOL
PS0305109,BISHOP MORROW PRIMARY SCHOOL
PS0305097,BONDENI PRIMARY SCHOOL
PS0305102,BWAWANI PRIMARY SCHOOL
PS0305002,CHAMAE PRIMARY SCHOOL
PS0305003,CHAMKOROMA PRIMARY SCHOOL
PS0305059,CHAMWINO PRIMARY SCHOOL
PS0305066,CHANG'OMBE PRIMARY SCHOOL
PS0305065,CHIBALAHWE PRIMARY SCHOOL
PS0305004,CHIGWINGWILI PRIMARY SCHOOL
PS0305079,CHILANJILIZI PRIMARY SCHOOL
PS0305082,CHIMEHE PRIMARY SCHOOL
PS0305098,CHIMLATA PRIMARY SCHOOL
PS0305005,CHITEGO PRIMARY SCHOOL
PS0305006,CHIWE PRIMARY SCHOOL
PS0305007,HEMBAHEMBA PRIMARY SCHOOL
PS0305008,HOGORO PRIMARY SCHOOL
PS0305009,IBWAGA PRIMARY SCHOOL
PS0305010,IDUO PRIMARY SCHOOL
PS0305119,IHANDA JUU PRIMARY SCHOOL
PS0305011,IHANDA PRIMARY SCHOOL
PS0305012,IJAKA PRIMARY SCHOOL
PS0305088,IKULU PRIMARY SCHOOL
PS0305105,ISANGHA PRIMARY SCHOOL
PS0305093,IYUMBWI PRIMARY SCHOOL
PS0305067,KADYANGO PRIMARY SCHOOL
PS0305084,KARUME PRIMARY SCHOOL
PS0305013,KIBAIGWA PRIMARY SCHOOL
PS0305064,KINANGALI PRIMARY SCHOOL
PS0305014,KITETO PRIMARY SCHOOL
PS0305015,KONGWA PRIMARY SCHOOL
PS0305016,LAIKALA PRIMARY SCHOOL
PS0305017,LEGANGA PRIMARY SCHOOL
PS0305073,LENDEBESI PRIMARY SCHOOL
PS0305060,LENGAJI PRIMARY SCHOOL
PS0305018,LENJULU PRIMARY SCHOOL
PS0305110,LOBILO PRIMARY SCHOOL
PS0305019,MACHENJE PRIMARY SCHOOL
PS0305020,MAGESENI PRIMARY SCHOOL
PS0305021,MAJAWANGA PRIMARY SCHOOL
PS0305099,MAJENGO PRIMARY SCHOOL
PS0305022,MAKAWA PRIMARY SCHOOL
PS0305100,MAKOLE PRIMARY SCHOOL
PS0305080,MAKUTUPA PRIMARY SCHOOL
PS0305061,MANGHWETA PRIMARY SCHOOL
PS0305023,MANUNGU PRIMARY SCHOOL
PS0305024,MANYATA PRIMARY SCHOOL
PS0305111,MANYUSI PRIMARY SCHOOL
PS0305085,MASENHA PRIMARY SCHOOL
PS0305068,MASINYETI PRIMARY SCHOOL
PS0305025,MATONGORO PRIMARY SCHOOL
PS0305026,MAUTYA PRIMARY SCHOOL
PS0305027,MBAGILWA PRIMARY SCHOOL
PS0305057,MBANDE PRIMARY SCHOOL
PS0305072,MCHEMWA PRIMARY SCHOOL
PS0305094,MGOLOKA PRIMARY SCHOOL
PS0305086,MGUNGA PRIMARY SCHOOL
PS0305104,MIEMBENI PRIMARY SCHOOL
PS0305028,MKOKA PRIMARY SCHOOL
PS0305112,MKOMBOZI PRIMARY SCHOOL
PS0305029,MKUTANI PRIMARY SCHOOL
PS0305063,MKWALA PRIMARY SCHOOL
PS0305030,MLALI 'A' PRIMARY SCHOOL
PS0305031,MLALI 'B' PRIMARY SCHOOL
PS0305032,MLANGA PRIMARY SCHOOL
PS0305033,MLANJE PRIMARY SCHOOL
PS0305069,MLIMAGATA PRIMARY SCHOOL
PS0305087,MLOWA PRIMARY SCHOOL
PS0305075,MNUKU PRIMARY SCHOOL
PS0305034,MNYAKONGO PRIMARY SCHOOL
PS0305035,MOLETI PRIMARY SCHOOL
PS0305089,MSETA BONDENI PRIMARY SCHOOL
PS0305036,MSETA PRIMARY SCHOOL
PS0305037,MSINGISA PRIMARY SCHOOL
PS0305038,MSUNJILILE PRIMARY SCHOOL
PS0305039,MTANANA PRIMARY SCHOOL
PS0305095,MTUNGUCHOLE PRIMARY SCHOOL
PS0305074,MUUNGANO PRIMARY SCHOOL
PS0305113,MWIDONYA PRIMARY SCHOOL
PS0305040,NDACHI PRIMARY SCHOOL
PS0305041,NDALIBO PRIMARY SCHOOL
PS0305042,NDC-NARCO PRIMARY SCHOOL
PS0305043,NDURUGUMI PRIMARY SCHOOL
PS0305044,NGHUMBI PRIMARY SCHOOL
PS0305045,NGOMAI PRIMARY SCHOOL
PS0305070,NGUJI PRIMARY SCHOOL
PS0305077,NGUZO PRIMARY SCHOOL
PS0305114,NHEMBO PRIMARY SCHOOL
PS0305046,NJOGE PRIMARY SCHOOL
PS0305047,NORINI PRIMARY SCHOOL
PS0305092,NYERERE PRIMARY SCHOOL
PS0305108,PADRE CORADO PRIMARY SCHOOL
PS0305048,PANDAMBILI PRIMARY SCHOOL
PS0305049,PEMBAMOTO PRIMARY SCHOOL
PS0305050,PINGALAME PRIMARY SCHOOL
PS0305107,QUEEN ELIZABETH ACADEMY PRIMARY SCHOOL
PS0305115,SABASABA PRIMARY SCHOOL
PS0305051,SAGARA PRIMARY SCHOOL
PS0305116,SAIGONI PRIMARY SCHOOL
PS0305078,SEGA PRIMARY SCHOOL
PS0305052,SEJELI PRIMARY SCHOOL
PS0305083,SILALE PRIMARY SCHOOL
PS0305090,SILWA PRIMARY SCHOOL
PS0305071,SOGELEA PRIMARY SCHOOL
PS0305053,SONGAMBELE PRIMARY SCHOOL
PS0305106,ST PAUL PRIMARY SCHOOL
PS0305101,SUBUGO PRIMARY SCHOOL
PS0305054,SUGUTA PRIMARY SCHOOL
PS0305076,TUBUGWE KIBAONI PRIMARY SCHOOL
PS0305055,TUBUGWE PRIMARY SCHOOL
PS0305103,VIGANGA PRIMARY SCHOOL
PS0305056,VIHINGO PRIMARY SCHOOL
PS0305117,VISUMI PRIMARY SCHOOL
PS0305091,WANGAZI PRIMARY SCHOOL
PS0305081,WISUZAJE PRIMARY SCHOOL
PS0305058,ZOISSA PRIMARY SCHOOL
PS0304120,AUSTIN PRIMARY SCHOOL
PS0304001,BEREGE PRIMARY SCHOOL
PS0304002,BUMILA PRIMARY SCHOOL
PS0304003,CHALUDEWA PRIMARY SCHOOL
PS0304004,CHAMANDA PRIMARY SCHOOL
PS0304005,CHAMSISILI PRIMARY SCHOOL
PS0304006,CHAMTUMILE PRIMARY SCHOOL
PS0304007,CHANG'OMBE PRIMARY SCHOOL
PS0304008,CHAZUNGWA PRIMARY SCHOOL
PS0304009,CHIBWEGERE PRIMARY SCHOOL
PS0304116,CHILENDU PRIMARY SCHOOL
PS0304117,CHIMALIGO PRIMARY SCHOOL
PS0304010,CHINYANGHUKU PRIMARY SCHOOL
PS0304011,CHINYIKA PRIMARY SCHOOL
PS0304012,CHIPOGORO PRIMARY SCHOOL
PS0304013,CHISEYU PRIMARY SCHOOL
PS0304014,CHITEMO PRIMARY SCHOOL
PS0304015,CHOGOLA PRIMARY SCHOOL
PS0304016,CHUNGU PRIMARY SCHOOL
PS0304017,CHUNYU PRIMARY SCHOOL
PS0304118,FRANCO BADIAN PRIMARY SCHOOL
PS0304018,GALIGALI PRIMARY SCHOOL
PS0304019,GODEGODE PRIMARY SCHOOL
PS0304020,GOMHUNGILE PRIMARY SCHOOL
PS0304021,GULWE PRIMARY SCHOOL
PS0304022,IDAHO PRIMARY SCHOOL
PS0304023,IDILO PRIMARY SCHOOL
PS0304024,IDODOMA PRIMARY SCHOOL
PS0304025,IDUNDA PRIMARY SCHOOL
PS0304026,IGOJI KASKAZINI PRIMARY SCHOOL
PS0304027,IGOJI KUSINI PRIMARY SCHOOL
PS0304028,IGOVU PRIMARY SCHOOL
PS0304029,IGULUWI PRIMARY SCHOOL
PS0304030,IKUYU PRIMARY SCHOOL
PS0304031,ILOLO PRIMARY SCHOOL
PS0304032,INZOMVU PRIMARY SCHOOL
PS0304033,IPERA PRIMARY SCHOOL
PS0304034,IRAMBA PRIMARY SCHOOL
PS0304035,ISASAMAMBO PRIMARY SCHOOL
PS0304036,ISINGHU PRIMARY SCHOOL
PS0304037,ITENDE PRIMARY SCHOOL
PS0304038,IWONDO PRIMARY SCHOOL
PS0304039,IYENGE PRIMARY SCHOOL
PS0304040,IYOMA PRIMARY SCHOOL
PS0304041,KAZANIA PRIMARY SCHOOL
PS0304042,KIBAKWE PRIMARY SCHOOL
PS0304043,KIBORIANI PRIMARY SCHOOL
PS0304044,KIDABAGA PRIMARY SCHOOL
PS0304045,KIDENGE PRIMARY SCHOOL
PS0304046,KIEGEA PRIMARY SCHOOL
PS0304047,KIKOMBO PRIMARY SCHOOL
PS0304048,KIKUYU PRIMARY SCHOOL
PS0304049,KILAMBO PRIMARY SCHOOL
PS0304050,KIMAGAI PRIMARY SCHOOL
PS0304051,KINGITI PRIMARY SCHOOL
PS0304052,KINUSI PRIMARY SCHOOL
PS0304053,KISIMA PRIMARY SCHOOL
PS0304054,KISISI PRIMARY SCHOOL
PS0304055,KISOKWE PRIMARY SCHOOL
PS0304056,KITATI PRIMARY SCHOOL
PS0304057,KIZI PRIMARY SCHOOL
PS0304119,LUCIA PRIMARY SCHOOL
PS0304058,LUFU PRIMARY SCHOOL
PS0304059,LUFUSI PRIMARY SCHOOL
PS0304060,LUHUNDWA PRIMARY SCHOOL
PS0304061,LUKOLE PRIMARY SCHOOL
PS0304062,LUMUMA PRIMARY SCHOOL
PS0304063,LUPETA PRIMARY SCHOOL
PS0304064,LWIHOMELO PRIMARY SCHOOL
PS0304065,MAGUNGU PRIMARY SCHOOL
PS0304066,MAKOSE PRIMARY SCHOOL
PS0304067,MAKULU PRIMARY SCHOOL
PS0304068,MAKUTUPA PRIMARY SCHOOL
PS0304069,MALOLO PRIMARY SCHOOL
PS0304070,MANDAMA PRIMARY SCHOOL
PS0304071,MANG'ALIZA PRIMARY SCHOOL
PS0304072,MANGHANGU PRIMARY SCHOOL
PS0304121,MASWALA PRIMARY SCHOOL
PS0304073,MATONGA PRIMARY SCHOOL
PS0304074,MATONYA PRIMARY SCHOOL
PS0304122,MATULI PRIMARY SCHOOL
PS0304075,MAZAE PRIMARY SCHOOL
PS0304076,MBORI PRIMARY SCHOOL
PS0304077,MBUGA PRIMARY SCHOOL
PS0304136,MBUGANI PRIMARY SCHOOL
PS0304078,MGOMA PRIMARY SCHOOL
PS0304079,MIMA PRIMARY SCHOOL
PS0304081,MKANANA PRIMARY SCHOOL
PS0304082,MKOLEKO PRIMARY SCHOOL
PS0304137,MKOMBOZI  PRIMARY SCHOOL
PS0304083,MLEMBULE PRIMARY SCHOOL
PS0304084,MLIMO PRIMARY SCHOOL
PS0304085,MLUNDUZI PRIMARY SCHOOL
PS0304086,MLUNGA PRIMARY SCHOOL
PS0304087,MPWAPWA PRIMARY SCHOOL
PS0304088,MSAGALI PRIMARY SCHOOL
PS0304089,MSANGAMBUYA PRIMARY SCHOOL
PS0304090,MTAMBA PRIMARY SCHOOL
PS0304091,MTEJETA PRIMARY SCHOOL
PS0304092,MTERA DAM PRIMARY SCHOOL
PS0304080,MUNGUWI PRIMARY SCHOOL
PS0304093,MUUNGANO PRIMARY SCHOOL
PS0304094,MWENZELE PRIMARY SCHOOL
PS0304095,MZASE PRIMARY SCHOOL
PS0304096,NANA PRIMARY SCHOOL
PS0304097,NGALAMILO PRIMARY SCHOOL
PS0304098,NGH'AMBI PRIMARY SCHOOL
PS0304099,NGHONJE PRIMARY SCHOOL
PS0304130,NHINYILA PRIMARY SCHOOL
PS0304100,NJIAPANDA PRIMARY SCHOOL
PS0304101,NYANDU PRIMARY SCHOOL
PS0304102,NZUGILO PRIMARY SCHOOL
PS0304103,PWAGA PRIMARY SCHOOL
PS0304104,RUDI PRIMARY SCHOOL
PS0304105,SAZIMA PRIMARY SCHOOL
PS0304106,SELUKA PRIMARY SCHOOL
PS0304107,SINGONHALI PRIMARY SCHOOL
PS0304108,TAMBI PRIMARY SCHOOL
PS0304109,VIKUNDI PRIMARY SCHOOL
PS0304110,VINGH'AWE PRIMARY SCHOOL
PS0304111,WANGAMA PRIMARY SCHOOL
PS0304112,WANGI PRIMARY SCHOOL
PS0304113,WINZA PRIMARY SCHOOL
PS0304124,WISUZAJE PRIMARY SCHOOL
PS0304114,WIYENZELE PRIMARY SCHOOL
PS0304115,WOTTA PRIMARY SCHOOL
PS0402146,BELTRAMINO PRIMARY SCHOOL
PS0402122,CHAMGOGO PRIMARY SCHOOL
PS0402001,CHAMNDINDI PRIMARY SCHOOL
PS0402123,HOLO PRIMARY SCHOOL
PS0402147,IBOGO PRIMARY SCHOOL
PS0402002,IBUMILA PRIMARY SCHOOL
PS0402003,IDODI PRIMARY SCHOOL
PS0402004,IFUNDA PRIMARY SCHOOL
PS0402005,IGANGIDUNG'U PRIMARY SCHOOL
PS0402006,IGINGILANYI PRIMARY SCHOOL
PS0402007,IGULA PRIMARY SCHOOL
PS0402008,IGULUBA PRIMARY SCHOOL
PS0402148,IGUNDA PRIMARY SCHOOL
PS0402155,IHEHELO PRIMARY SCHOOL
PS0402009,IHEMI PRIMARY SCHOOL
PS0402010,IHOMASA PRIMARY SCHOOL
PS0402124,IHOMINYI PRIMARY SCHOOL
PS0402011,IKENGEZA PRIMARY SCHOOL
PS0402012,IKUNGWE PRIMARY SCHOOL
PS0402013,IKUVILO PRIMARY SCHOOL
PS0402014,ILAMBILOLE PRIMARY SCHOOL
PS0402015,ILANDUTWA PRIMARY SCHOOL
PS0402016,ILOLO MPYA PRIMARY SCHOOL
PS0402143,IPWASI PRIMARY SCHOOL
PS0402130,ISAKA PRIMARY SCHOOL
PS0402017,ISAKALILO PRIMARY SCHOOL
PS0402018,ISELE-PAWAGA PRIMARY SCHOOL
PS0402019,ISMANI PRIMARY SCHOOL
PS0402020,ISUPILO PRIMARY SCHOOL
PS0402021,ITAGUTWA PRIMARY SCHOOL
PS0402022,ITENGULINYI PRIMARY SCHOOL
PS0402023,ITUNUNDU PRIMARY SCHOOL
PS0402024,ITWAGA PRIMARY SCHOOL
PS0402025,IZAZI PRIMARY SCHOOL
PS0402026,KALENGA PRIMARY SCHOOL
PS0402027,KANING'OMBE PRIMARY SCHOOL
PS0402028,KATENGE PRIMARY SCHOOL
PS0402118,KIBAONI PRIMARY SCHOOL
PS0402029,KIBEBE PRIMARY SCHOOL
PS0402030,KIBENA PRIMARY SCHOOL
PS0402031,KIDAMALI PRIMARY SCHOOL
PS0402149,KIDILO PRIMARY SCHOOL
PS0402033,KIHANGA PRIMARY SCHOOL
PS0402034,KIHOROGOTA PRIMARY SCHOOL
PS0402035,KILAMBO PRIMARY SCHOOL
PS0402169,KILIMAHEWA PRIMARY SCHOOL
PS0402036,KIMANDE PRIMARY SCHOOL
PS0402125,KINYALI PRIMARY SCHOOL
PS0402037,KINYIKA PRIMARY SCHOOL
PS0402038,KINYWANG'ANGA PRIMARY SCHOOL
PS0402137,KIPANGA PRIMARY SCHOOL
PS0402039,KIPERA PRIMARY SCHOOL
PS0402040,KIPONZELO PRIMARY SCHOOL
PS0402041,KISANGA PRIMARY SCHOOL
PS0402157,KISILWA PRIMARY SCHOOL
PS0402042,KISING'A ISMANI PRIMARY SCHOOL
PS0402043,KITANEWA PRIMARY SCHOOL
PS0402044,KITAPILIMWA PRIMARY SCHOOL
PS0402126,KITAYAWA PRIMARY SCHOOL
PS0402115,KITISI PRIMARY SCHOOL
PS0402045,KIWERE PRIMARY SCHOOL
PS0402046,LUGANGA PRIMARY SCHOOL
PS0402158,LUINDO PRIMARY SCHOOL
PS0402127,LUKWAMBE PRIMARY SCHOOL
PS0402047,LUMULI PRIMARY SCHOOL
PS0402048,LUPALAMA 'A' PRIMARY SCHOOL
PS0402049,LUPALAMA 'B' PRIMARY SCHOOL
PS0402050,LUPEMBELWASENGA PRIMARY SCHOOL
PS0402153,LWATO PRIMARY SCHOOL
PS0402051,LYALAMO PRIMARY SCHOOL
PS0402052,LYAMGUNGWE PRIMARY SCHOOL
PS0402053,MAFULUTO PRIMARY SCHOOL
PS0402142,MAGOMBWE PRIMARY SCHOOL
PS0402119,MAGOZI PRIMARY SCHOOL
PS0402054,MAGUBIKE PRIMARY SCHOOL
PS0402055,MAGULILWA PRIMARY SCHOOL
PS0402056,MAGUNGA PRIMARY SCHOOL
PS0402057,MAHUNINGA PRIMARY SCHOOL
PS0402058,MAKADUPA PRIMARY SCHOOL
PS0402059,MAKATAPOLA PRIMARY SCHOOL
PS0402156,MAKATAPORA 'B' PRIMARY SCHOOL
PS0402060,MAKIFU PRIMARY SCHOOL
PS0402061,MAKOMBE PRIMARY SCHOOL
PS0402062,MAKONGATI PRIMARY SCHOOL
PS0402131,MAKOTA PRIMARY SCHOOL
PS0402063,MAKUKA PRIMARY SCHOOL
PS0402064,MALAGOSI PRIMARY SCHOOL
PS0402135,MALINZANGA PRIMARY SCHOOL
PS0402065,MANGALALI PRIMARY SCHOOL
PS0402066,MANGAWE PRIMARY SCHOOL
PS0402067,MAPERAMENGI PRIMARY SCHOOL
PS0402068,MASUMBO PRIMARY SCHOOL
PS0402069,MATALAWE PRIMARY SCHOOL
PS0402128,MATEMBO PRIMARY SCHOOL
PS0402120,MAWINDI PRIMARY SCHOOL
PS0402070,MBOLIBOLI PRIMARY SCHOOL
PS0402132,MBUYUNI PRIMARY SCHOOL
PS0402071,MFUKULEMBE PRIMARY SCHOOL
PS0402072,MFYOME PRIMARY SCHOOL
PS0402073,MGAMA PRIMARY SCHOOL
PS0402074,MGERA PRIMARY SCHOOL
PS0402139,MGUHU PRIMARY SCHOOL
PS0402076,MIBIKIMITALI PRIMARY SCHOOL
PS0402121,MIGOLI PRIMARY SCHOOL
PS0402077,MIKONG'WI PRIMARY SCHOOL
PS0402141,MKOMBE PRIMARY SCHOOL
PS0402136,MKOMBILENGA PRIMARY SCHOOL
PS0402078,MKULULA PRIMARY SCHOOL
PS0402079,MKUNGUGU PRIMARY SCHOOL
PS0402150,MLAMBALASI PRIMARY SCHOOL
PS0402080,MLANDA PRIMARY SCHOOL
PS0402138,MLANDEGE PRIMARY SCHOOL
PS0402081,MLOLO PRIMARY SCHOOL
PS0402082,MLOWA PRIMARY SCHOOL
PS0402140,MNADANI PRIMARY SCHOOL
PS0402154,MOSES PRIMARY SCHOOL
PS0402168,MSEKE PRIMARY SCHOOL
PS0402084,MSOLWA PRIMARY SCHOOL
PS0402085,MSUKANZI PRIMARY SCHOOL
PS0402133,MSULUTI PRIMARY SCHOOL
PS0402086,MTERA PRIMARY SCHOOL
PS0402087,MUUNGANO PRIMARY SCHOOL
PS0402088,MWAMBAO PRIMARY SCHOOL
PS0402151,MWANYENGO PRIMARY SCHOOL
PS0402134,MWENGE PRIMARY SCHOOL
PS0402089,NDIWILI PRIMARY SCHOOL
PS0402090,NDOLELA PRIMARY SCHOOL
PS0402167,NEBO PRIMARY SCHOOL
PS0402116,NEGABIHI PRIMARY SCHOOL
PS0402093,NGANO PRIMARY SCHOOL
PS0402092,NG'ENZA PRIMARY SCHOOL
PS0402094,NYABULA PRIMARY SCHOOL
PS0402095,NYAKAVANGALA PRIMARY SCHOOL
PS0402096,NYAMAHANA PRIMARY SCHOOL
PS0402097,NYAMIHUU PRIMARY SCHOOL
PS0402098,NYANG'ORO PRIMARY SCHOOL
PS0402099,NZIHI PRIMARY SCHOOL
PS0402100,SADANI PRIMARY SCHOOL
PS0402144,SASAMAMBO PRIMARY SCHOOL
PS0402162,ST. AMBROSE PRIMARY SCHOOL
PS0402101,TAGAMENDA PRIMARY SCHOOL
PS0402102,TANANGOZI PRIMARY SCHOOL
PS0402152,THE GLORY PRIMARY PRIMARY SCHOOL
PS0402103,TUNGAMALENGA PRIMARY SCHOOL
PS0402104,UDUMUKA PRIMARY SCHOOL
PS0402105,UFYAMBE PRIMARY SCHOOL
PS0402106,UGWACHANYA PRIMARY SCHOOL
PS0402145,UKOMBOZI PRIMARY SCHOOL
PS0402161,UKWEGA PRIMARY SCHOOL
PS0402107,ULANDA PRIMARY SCHOOL
PS0402129,ULATA PRIMARY SCHOOL
PS0402108,ULETE PRIMARY SCHOOL
PS0402109,USENGELINDETE PRIMARY SCHOOL
PS0402110,USOLANGA PRIMARY SCHOOL
PS0402111,WANGAMA PRIMARY SCHOOL
PS0402112,WASA PRIMARY SCHOOL
PS0402113,WENDA PRIMARY SCHOOL
PS0402114,WERU PRIMARY SCHOOL
PS0401001,AZIMIO PRIMARY SCHOOL
PS0401002,CHEMCHEM PRIMARY SCHOOL
PS0401003,GANGILONGA PRIMARY SCHOOL
PS0401057,GOOD VICTORY PRIMARY SCHOOL
PS0401029,HIGHLANDS PRIMARY SCHOOL
PS0401004,HOHO PRIMARY SCHOOL
PS0401053,HYPERLINK PRIMARY SCHOOL
PS0401005,IGELEKE PRIMARY SCHOOL
PS0401006,IGUMBILO PRIMARY SCHOOL
PS0401007,ILALA PRIMARY SCHOOL
PS0401008,IPOGOLO PRIMARY SCHOOL
PS0401009,ITAMBA PRIMARY SCHOOL
PS0401033,JITEGEMEE PRIMARY SCHOOL
PS0401034,JJMUNGAI PRIMARY SCHOOL
PS0401058,JORDAN PRIMARY SCHOOL
PS0401010,KIBWABWA PRIMARY SCHOOL
PS0401049,KIGAMBONI PRIMARY SCHOOL
PS0401044,KIGONZILE PRIMARY SCHOOL
PS0401012,KIHESA PRIMARY SCHOOL
PS0401027,KILONGAYENA PRIMARY SCHOOL
PS0401014,KITWIRU PRIMARY SCHOOL
PS0401070,LEGACY PRIMARY SCHOOL
PS0401035,LUGALO PRIMARY SCHOOL
PS0401036,MAENDELEO PRIMARY SCHOOL
PS0401015,MAPINDUZI PRIMARY SCHOOL
PS0401016,MAWELEWELE PRIMARY SCHOOL
PS0401045,MGONGO PRIMARY SCHOOL
PS0401030,MKIMBIZI PRIMARY SCHOOL
PS0401046,MKOGA PRIMARY SCHOOL
PS0401017,MLANDEGE PRIMARY SCHOOL
PS0401018,MLANGALI PRIMARY SCHOOL
PS0401050,MNAZI MMOJA PRIMARY SCHOOL
PS0401037,MSHIKAMANO PRIMARY SCHOOL
PS0401020,MTWIVILA PRIMARY SCHOOL
PS0401019,MUUNGANO PRIMARY SCHOOL
PS0401021,NDIUKA PRIMARY SCHOOL
PS0401047,NDULI PRIMARY SCHOOL
PS0401022,NGOME PRIMARY SCHOOL
PS0401023,NJIAPANDA PRIMARY SCHOOL
PS0401024,NYUMBATATU PRIMARY SCHOOL
PS0401061,PEACE FLAME PRIMARY SCHOOL
PS0401025,SABASABA PRIMARY SCHOOL
PS0401042,SIPTO PRIMARY SCHOOL
PS0401056,ST DOMINIC SAVIO KIGONZILE PRIMARY SCHOOL
PS0401055,ST DOMINIC SAVIO MKIMBIZI PRIMARY SCHOOL
PS0401063,ST DOMINIC SAVIO NGELEWALA PRIMARY SCHOOL
PS0401032,STAR PRIMARY SCHOOL
PS0401041,STCHARLES PRIMARY SCHOOL
PS0401043,STDOMINICSAVIO PRIMARY SCHOOL
PS0401052,SUN PRIMARY SCHOOL
PS0401038,TUMAINI PRIMARY SCHOOL
PS0401059,TY NDENDYA PRIMARY SCHOOL
PS0401028,UGELE PRIMARY SCHOOL
PS0401040,UKOMBOZI PRIMARY SCHOOL
PS0401048,ULONGE PRIMARY SCHOOL
PS0401039,UMMUSALAMA PRIMARY SCHOOL
PS0401051,UMOJA PRIMARY SCHOOL
PS0401068,UYOLE PRIMARY SCHOOL
PS0401031,VIZIWI-IRINGA PRIMARY SCHOOL
PS0401026,WILOLESI PRIMARY SCHOOL
PS0401067,ZIZI PRIMARY SCHOOL
PS0403116,ANNA'S ELITE PRIMARY SCHOOL
PS0403140,ASANTE SANA TANZANIA PRIMARY SCHOOL
PS0403001,BOMALANG'OMBE PRIMARY SCHOOL
PS0403002,FIKANO PRIMARY SCHOOL
PS0403109,IBANING'OMBE PRIMARY SCHOOL
PS0403003,IBOFWE PRIMARY SCHOOL
PS0403004,IBUMU PRIMARY SCHOOL
PS0403005,IDASI PRIMARY SCHOOL
PS0403006,IDEGENDA PRIMARY SCHOOL
PS0403007,IDETE PRIMARY SCHOOL
PS0403008,IDUNDA PRIMARY SCHOOL
PS0403122,IFIGAMIFUGO PRIMARY SCHOOL
PS0403009,IFUWA PRIMARY SCHOOL
PS0403093,IGUNDA PRIMARY SCHOOL
PS0403088,IGUNGA PRIMARY SCHOOL
PS0403010,IHIMBO PRIMARY SCHOOL
PS0403012,IKOKOTO PRIMARY SCHOOL
PS0403011,IKUKA PRIMARY SCHOOL
PS0403013,IKULA PRIMARY SCHOOL
PS0403014,IKUVALA PRIMARY SCHOOL
PS0403015,ILAMBA PRIMARY SCHOOL
PS0403016,ILAMBO PRIMARY SCHOOL
PS0403017,ILULA PRIMARY SCHOOL
PS0403018,ILUTILA PRIMARY SCHOOL
PS0403019,IMAGE PRIMARY SCHOOL
PS0403020,IMALUTWA PRIMARY SCHOOL
PS0403021,IRINDI PRIMARY SCHOOL
PS0403022,IROLE PRIMARY SCHOOL
PS0403023,ISAGWA PRIMARY SCHOOL
PS0403089,ISANGA PRIMARY SCHOOL
PS0403024,ISELE PRIMARY SCHOOL
PS0403098,ISOLIWAYA PRIMARY SCHOOL
PS0403106,ISUKA PRIMARY SCHOOL
PS0403094,ITALULA PRIMARY SCHOOL
PS0403025,ITIMBO PRIMARY SCHOOL
PS0403026,ITONYA PRIMARY SCHOOL
PS0403027,ITUNGI PRIMARY SCHOOL
PS0403110,IWINDI PRIMARY SCHOOL
PS0403111,IWUNGI PRIMARY SCHOOL
PS0403028,IYANIKA PRIMARY SCHOOL
PS0403103,KIBAHA PRIMARY SCHOOL
PS0403029,KIDABAGA PRIMARY SCHOOL
PS0403126,KIDILO PRIMARY SCHOOL
PS0403030,KIHESAMGAGAO PRIMARY SCHOOL
PS0403031,KILALA KIDEWA PRIMARY SCHOOL
PS0403095,KILOLO B PRIMARY SCHOOL
PS0403032,KILOLO PRIMARY SCHOOL
PS0403127,KILUMBWA PRIMARY SCHOOL
PS0403033,KIMALA PRIMARY SCHOOL
PS0403034,KIPADUKA PRIMARY SCHOOL
PS0403035,KISING'A PRIMARY SCHOOL
PS0403036,KITELEWASI PRIMARY SCHOOL
PS0403037,KITOWO PRIMARY SCHOOL
PS0403038,KITUMBUKA PRIMARY SCHOOL
PS0403039,KIWALAMO PRIMARY SCHOOL
PS0403040,LUGALO PRIMARY SCHOOL
PS0403090,LUGANGA PRIMARY SCHOOL
PS0403112,LUGODA PRIMARY SCHOOL
PS0403096,LUHINDO PRIMARY SCHOOL
PS0403041,LUKANI PRIMARY SCHOOL
PS0403105,LUKOGA PRIMARY SCHOOL
PS0403042,LULANZI PRIMARY SCHOOL
PS0403043,LUNDAMATWE PRIMARY SCHOOL
PS0403044,LUSINGA PRIMARY SCHOOL
PS0403045,LYAMKO PRIMARY SCHOOL
PS0403046,LYASA PRIMARY SCHOOL
PS0403047,MADEGE PRIMARY SCHOOL
PS0403113,MAGANA PRIMARY SCHOOL
PS0403048,MAGOME PRIMARY SCHOOL
PS0403049,MAHENGE PRIMARY SCHOOL
PS0403050,MAKUNGU PRIMARY SCHOOL
PS0403124,MALENDI PRIMARY SCHOOL
PS0403099,MASALALI PRIMARY SCHOOL
PS0403051,MASEGE PRIMARY SCHOOL
PS0403052,MASISIWE PRIMARY SCHOOL
PS0403053,MASUKANZI PRIMARY SCHOOL
PS0403054,MAWAMBALA PRIMARY SCHOOL
PS0403135,MAYOKA PRIMARY SCHOOL
PS0403055,MAZOMBE PRIMARY SCHOOL
PS0403058,MBAWI PRIMARY SCHOOL
PS0403056,MBIGILI PRIMARY SCHOOL
PS0403134,MBUYUNI B PRIMARY SCHOOL
PS0403057,MBUYUNI PRIMARY SCHOOL
PS0403087,MDEKE PRIMARY SCHOOL
PS0403059,MGOWELO PRIMARY SCHOOL
PS0403060,MHANGA PRIMARY SCHOOL
PS0403061,MKALANGA PRIMARY SCHOOL
PS0403101,MKAWAGANGA PRIMARY SCHOOL
PS0403062,MLAFU PRIMARY SCHOOL
PS0403104,MLOWA PRIMARY SCHOOL
PS0403085,MSENGELA PRIMARY SCHOOL
PS0403063,MSOSA PRIMARY SCHOOL
PS0403118,MT. FELIX PRIMARY SCHOOL
PS0403115,MTAKUJA PRIMARY SCHOOL
PS0403064,MTANDIKA PRIMARY SCHOOL
PS0403065,MTITU PRIMARY SCHOOL
PS0403102,MTUA PRIMARY SCHOOL
PS0403114,MWANZALA PRIMARY SCHOOL
PS0403091,MWANZI PRIMARY SCHOOL
PS0403066,MWATASI PRIMARY SCHOOL
PS0403067,MWAYA PRIMARY SCHOOL
PS0403120,NADEZDA PRIMARY SCHOOL
PS0403068,NDENGISIVILI PRIMARY SCHOOL
PS0403069,NG'ANG'ANGE PRIMARY SCHOOL
PS0403070,NG'INGULA PRIMARY SCHOOL
PS0403071,NGONGWA PRIMARY SCHOOL
PS0403107,NG'OSI PRIMARY SCHOOL
PS0403072,NYANZWA PRIMARY SCHOOL
PS0403073,NYAWEGETE PRIMARY SCHOOL
PS0403074,POMERINI PRIMARY SCHOOL
PS0403117,RANGE PRIMARY SCHOOL
PS0403119,SUNFLOWER PRIMARY SCHOOL
PS0403100,TUMAINI PRIMARY SCHOOL
PS0403075,UDEKWA PRIMARY SCHOOL
PS0403097,UGUNDA PRIMARY SCHOOL
PS0403076,UHAMBINGETO PRIMARY SCHOOL
PS0403077,UHOMINYI PRIMARY SCHOOL
PS0403078,UKANINEMO PRIMARY SCHOOL
PS0403079,UKUMBI PRIMARY SCHOOL
PS0403080,UKWEGA PRIMARY SCHOOL
PS0403081,ULUTI PRIMARY SCHOOL
PS0403082,UTENGULE PRIMARY SCHOOL
PS0403083,VITONO PRIMARY SCHOOL
PS0403108,WANGAMA PRIMARY SCHOOL
PS0403084,WINOME PRIMARY SCHOOL
PS0403086,WOTALISOLI PRIMARY SCHOOL
PS0405041,A JOY PRIMARY SCHOOL
PS0405001,AMANI PRIMARY SCHOOL
PS0405002,ANASTASIA SOMSOM PRIMARY SCHOOL
PS0405003,BUMILAYINGA PRIMARY SCHOOL
PS0405004,CAMALDOLI PRIMARY SCHOOL
PS0405005,CHANGARAWE PRIMARY SCHOOL
PS0405006,ETHICS PRIMARY SCHOOL
PS0405007,FR.SILVIO PASQUALI PRIMARY SCHOOL
PS0405040,GANGILONGA PRIMARY SCHOOL
PS0405044,GLORY  ADVENTIST PRIMARY SCHOOL
PS0405038,HANEZYE  PRIMARY SCHOOL
PS0405008,IFINGO PRIMARY SCHOOL
PS0405009,IHEFU PRIMARY SCHOOL
PS0405010,IHUMO PRIMARY SCHOOL
PS0405011,ISALAVANU PRIMARY SCHOOL
PS0405012,ITIMBO PRIMARY SCHOOL
PS0405013,IVA WERNER PRIMARY SCHOOL
PS0405042,KAWAWA JKT PRIMARY SCHOOL
PS0405014,KIKOMBO PRIMARY SCHOOL
PS0405015,KILIMANI PRIMARY SCHOOL
PS0405016,KINYANAMBO PRIMARY SCHOOL
PS0405017,KISADA PRIMARY SCHOOL
PS0405037,LIBERTY PRIMARY SCHOOL
PS0405018,MAFINGA PRIMARY SCHOOL
PS0405019,MAKALALA PRIMARY SCHOOL
PS0405020,MAMBA PRIMARY SCHOOL
PS0405021,MATANANA PRIMARY SCHOOL
PS0405022,MJIMWEMA PRIMARY SCHOOL
PS0405023,MKOMBWE PRIMARY SCHOOL
PS0405024,MNYIGUMBA PRIMARY SCHOOL
PS0405025,MORNING STAR PRIMARY SCHOOL
PS0405026,MTULA PRIMARY SCHOOL
PS0405047,MUUNGANO PRIMARY SCHOOL
PS0405027,MWONGOZO PRIMARY SCHOOL
PS0405028,NDOLEZI PRIMARY SCHOOL
PS0405029,NYAMALALA PRIMARY SCHOOL
PS0405039,REAL HOPE PRIMARY SCHOOL
PS0405030,RUNGEMBA PRIMARY SCHOOL
PS0405031,SABASABA PRIMARY SCHOOL
PS0405032,SAO HILL PRIMARY SCHOOL
PS0405033,SOUTHERN HIGHLANDS PRIMARY SCHOOL
PS0405034,ULOLE PRIMARY SCHOOL
PS0405035,UPENDO PRIMARY SCHOOL
PS0405036,WAMBI PRIMARY SCHOOL
PS0404002,CHOGO PRIMARY SCHOOL
PS0404150,GREENLAND ACADEMY PRIMARY SCHOOL
PS0404003,HOLO PRIMARY SCHOOL
PS0404004,IBATU PRIMARY SCHOOL
PS0404005,IBWANZI PRIMARY SCHOOL
PS0404006,IDETERO PRIMARY SCHOOL
PS0404007,IDOPE PRIMARY SCHOOL
PS0404008,IDUMULAVANU PRIMARY SCHOOL
PS0404009,IFUPIRA PRIMARY SCHOOL
PS0404010,IFWAGI PRIMARY SCHOOL
PS0404011,IGELEKE PRIMARY SCHOOL
PS0404012,IGENGE PRIMARY SCHOOL
PS0404013,IGODA PRIMARY SCHOOL
PS0404014,IGOMAA PRIMARY SCHOOL
PS0404015,IGOMBAVANU PRIMARY SCHOOL
PS0404016,IGOMTWA PRIMARY SCHOOL
PS0404017,IGOWOLE PRIMARY SCHOOL
PS0404018,IGULUSILO PRIMARY SCHOOL
PS0404019,IHALIMBA PRIMARY SCHOOL
PS0404020,IHANGA PRIMARY SCHOOL
PS0404021,IHANGANATWA PRIMARY SCHOOL
PS0404022,IHANU PRIMARY SCHOOL
PS0404023,IHANZUTWA PRIMARY SCHOOL
PS0404024,IHAWAGA PRIMARY SCHOOL
PS0404025,IHEGELA PRIMARY SCHOOL
PS0404026,IHIMBO PRIMARY SCHOOL
PS0404027,IHOMASA PRIMARY SCHOOL
PS0404028,IHOWANZA PRIMARY SCHOOL
PS0404029,IKANGA PRIMARY SCHOOL
PS0404030,IKANGAGA PRIMARY SCHOOL
PS0404031,IKANGAMWANI PRIMARY SCHOOL
PS0404032,IKANING'OMBE PRIMARY SCHOOL
PS0404033,IKONGOSI PRIMARY SCHOOL
PS0404034,IKONONGO PRIMARY SCHOOL
PS0404035,IKWEGA PRIMARY SCHOOL
PS0404036,IKWEHA PRIMARY SCHOOL
PS0404037,ILANGAMOTO PRIMARY SCHOOL
PS0404038,ILASA PRIMARY SCHOOL
PS0404039,ILOGOMBE PRIMARY SCHOOL
PS0404040,IMEHE PRIMARY SCHOOL
PS0404041,IPILIMO PRIMARY SCHOOL
PS0404042,IRAMBA PRIMARY SCHOOL
PS0404043,ISAULA PRIMARY SCHOOL
PS0404044,ISUPILO PRIMARY SCHOOL
PS0404045,ITENGULE PRIMARY SCHOOL
PS0404046,ITIKA PRIMARY SCHOOL
PS0404047,ITONA PRIMARY SCHOOL
PS0404048,ITULAVANU PRIMARY SCHOOL
PS0404049,ITULILO PRIMARY SCHOOL
PS0404050,ITULITULI PRIMARY SCHOOL
PS0404051,IYAYI PRIMARY SCHOOL
PS0404052,IYEGEYA PRIMARY SCHOOL
PS0404053,JANGWANI PRIMARY SCHOOL
PS0404054,KALINGA PRIMARY SCHOOL
PS0404055,KASANGA PRIMARY SCHOOL
PS0404056,KIBADA PRIMARY SCHOOL
PS0404057,KIBAO PRIMARY SCHOOL
PS0404058,KIBENGU PRIMARY SCHOOL
PS0404059,KIDETE PRIMARY SCHOOL
PS0404158,KIGOHA PRIMARY SCHOOL
PS0404060,KIGOLA PRIMARY SCHOOL
PS0404161,KIHANGA PRIMARY SCHOOL
PS0404061,KILIMAHEWA PRIMARY SCHOOL
PS0404062,KILOLO PRIMARY SCHOOL
PS0404063,KILONGO PRIMARY SCHOOL
PS0404064,KILOSA PRIMARY SCHOOL
PS0404065,KIMILINZOWO PRIMARY SCHOOL
PS0404066,KINEGEMBASI PRIMARY SCHOOL
PS0404067,KINYANGESI PRIMARY SCHOOL
PS0404068,KINYIMBILI PRIMARY SCHOOL
PS0404069,KIPANGA 'A' PRIMARY SCHOOL
PS0404070,KIPANGA 'B' PRIMARY SCHOOL
PS0404071,KIPONDA PRIMARY SCHOOL
PS0404072,KISALASI PRIMARY SCHOOL
PS0404073,KISASA PRIMARY SCHOOL
PS0404074,KISUSA PRIMARY SCHOOL
PS0404075,KITASENGWA PRIMARY SCHOOL
PS0404076,KITELEWASI PRIMARY SCHOOL
PS0404077,KITIRU PRIMARY SCHOOL
PS0404153,KITONGA PRIMARY SCHOOL
PS0404078,KIYOWELA PRIMARY SCHOOL
PS0404079,KWATWANGA PRIMARY SCHOOL
PS0404156,LOLE PRIMARY SCHOOL
PS0404080,LUDILO PRIMARY SCHOOL
PS0404081,LUFUNA PRIMARY SCHOOL
PS0404157,LUGALO PRIMARY SCHOOL
PS0404082,LUGEMA PRIMARY SCHOOL
PS0404083,LUGODA PRIMARY SCHOOL
PS0404084,LUGODALUTALI PRIMARY SCHOOL
PS0404085,LUGOLOFU PRIMARY SCHOOL
PS0404086,LUHUNGA PRIMARY SCHOOL
PS0404087,LUISENGA PRIMARY SCHOOL
PS0404088,LUKOSI PRIMARY SCHOOL
PS0404089,LULANDA PRIMARY SCHOOL
PS0404090,LWING'ULO PRIMARY SCHOOL
PS0404091,MABAONI PRIMARY SCHOOL
PS0404092,MADISI PRIMARY SCHOOL
PS0404093,MADUMA PRIMARY SCHOOL
PS0404094,MAGUNGULI PRIMARY SCHOOL
PS0404095,MAGUVANI PRIMARY SCHOOL
PS0404096,MAKONGOMI PRIMARY SCHOOL
PS0404097,MAKUNGU PRIMARY SCHOOL
PS0404098,MALANGALI PRIMARY SCHOOL
PS0404099,MAPANDA PRIMARY SCHOOL
PS0404100,MAPOGORO PRIMARY SCHOOL
PS0404101,MATELEFU PRIMARY SCHOOL
PS0404102,MBALAMAZIWA PRIMARY SCHOOL
PS0404103,MBALWE PRIMARY SCHOOL
PS0404104,MDABULO PRIMARY SCHOOL
PS0404105,MGOLOLO PRIMARY SCHOOL
PS0404168,MHEMI PRIMARY SCHOOL
PS0404106,MITANZI PRIMARY SCHOOL
PS0404107,MKALALA PRIMARY SCHOOL
PS0404108,MKANGWE PRIMARY SCHOOL
PS0404109,MKONGE PRIMARY SCHOOL
PS0404110,MLEVELWA PRIMARY SCHOOL
PS0404111,MLIMANI PRIMARY SCHOOL
PS0404112,MNINGA 'A' PRIMARY SCHOOL
PS0404113,MNINGA 'B' PRIMARY SCHOOL
PS0404114,MONG'A PRIMARY SCHOOL
PS0404115,MPANGA PRIMARY SCHOOL
PS0404116,MPANGA TAZARA PRIMARY SCHOOL
PS0404117,MPEME PRIMARY SCHOOL
PS0404118,MTAMBULA PRIMARY SCHOOL
PS0404119,MTILI 'A' PRIMARY SCHOOL
PS0404120,MTILI 'B' PRIMARY SCHOOL
PS0404121,MTWANGO PRIMARY SCHOOL
PS0404122,MTWIVILA PRIMARY SCHOOL
PS0404123,MUNGETA PRIMARY SCHOOL
PS0404163,MUUNGANO PRIMARY SCHOOL
PS0404124,MWEFU PRIMARY SCHOOL
PS0404125,MWESA PRIMARY SCHOOL
PS0404126,MWITIKILWA PRIMARY SCHOOL
PS0404127,NANDALA PRIMARY SCHOOL
PS0404128,NJOJO PRIMARY SCHOOL
PS0404129,NUNDWE PRIMARY SCHOOL
PS0404130,NYAKIPAMBO PRIMARY SCHOOL
PS0404131,NYAMANGI PRIMARY SCHOOL
PS0404132,NYANYEMBE PRIMARY SCHOOL
PS0404133,NYIGO PRIMARY SCHOOL
PS0404134,NYOLOLO PRIMARY SCHOOL
PS0404135,NZIVI PRIMARY SCHOOL
PS0404151,REGINA PACIS SAWALA PRIMARY SCHOOL
PS0404152,RUAHA PRIMARY SCHOOL
PS0404136,SADANI PRIMARY SCHOOL
PS0404137,SAWALA PRIMARY SCHOOL
PS0404162,SINAI PRIMARY SCHOOL
PS0404138,TAMBALANG'OMBE PRIMARY SCHOOL
PS0404139,UDUMUKA PRIMARY SCHOOL
PS0404140,UGENZA PRIMARY SCHOOL
PS0404141,UGESA PRIMARY SCHOOL
PS0404142,UHAFIWA PRIMARY SCHOOL
PS0404143,UHAMBILA PRIMARY SCHOOL
PS0404144,UKAMI PRIMARY SCHOOL
PS0404145,UKELEMI PRIMARY SCHOOL
PS0404146,UKEMELE PRIMARY SCHOOL
PS0404147,USOKAMI PRIMARY SCHOOL
PS0404148,VIKULA PRIMARY SCHOOL
PS0404149,WANGAMAGANGA PRIMARY SCHOOL
PS0501001,BIHARAMULO 'A' PRIMARY SCHOOL
PS0501003,BIHARAMULO 'B' PRIMARY SCHOOL
PS0501002,BISIBO PRIMARY SCHOOL
PS0501102,BUSIRI PRIMARY SCHOOL
PS0501110,CHAKITARAGU PRIMARY SCHOOL
PS0501089,CHARUGAMBA PRIMARY SCHOOL
PS0501104,EDEN PRIMARY SCHOOL
PS0501004,GWESERO PRIMARY SCHOOL
PS0501120,ILAGAZA PRIMARY SCHOOL
PS0501100,ILOGANZALA PRIMARY SCHOOL
PS0501035,ISAMBARA PRIMARY SCHOOL
PS0501005,IYENGAMULILO 'A' PRIMARY SCHOOL
PS0501043,IYENGAMULILO 'B' PRIMARY SCHOOL
PS0501121,KABINDI 'B' PRIMARY SCHOOL
PS0501006,KABINDI PRIMARY SCHOOL
PS0501039,KABUKOME PRIMARY SCHOOL
PS0501007,KAGOMA PRIMARY SCHOOL
PS0501008,KAGONDO 'A' PRIMARY SCHOOL
PS0501044,KAGONDO 'B' PRIMARY SCHOOL
PS0501009,KALENGE PRIMARY SCHOOL
PS0501056,KALUGUYU PRIMARY SCHOOL
PS0501067,KANIHA PRIMARY SCHOOL
PS0501010,KANYONI PRIMARY SCHOOL
PS0501085,KAPERANONO PRIMARY SCHOOL
PS0501108,KARUGWETE PRIMARY SCHOOL
PS0501011,KASATO PRIMARY SCHOOL
PS0501068,KASILO PRIMARY SCHOOL
PS0501012,KASOZIBAKAYA 'A' PRIMARY SCHOOL
PS0501045,KASOZIBAKAYA 'B' PRIMARY SCHOOL
PS0501013,KASUNO PRIMARY SCHOOL
PS0501014,KATAHOKA PRIMARY SCHOOL
PS0501041,KATERELA PRIMARY SCHOOL
PS0501015,KATOKE PRIMARY SCHOOL
PS0501078,KIBALE PRIMARY SCHOOL
PS0501016,KIKOMAKOMA PRIMARY SCHOOL
PS0501017,KIRURUMA 'A' PRIMARY SCHOOL
PS0501046,KIRURUMA 'B' PRIMARY SCHOOL
PS0501065,KISENGA PRIMARY SCHOOL
PS0501053,KISUMA PRIMARY SCHOOL
PS0501081,KISUNO PRIMARY SCHOOL
PS0501057,KITWECHEMBOGO PRIMARY SCHOOL
PS0501107,KIZOTA PRIMARY SCHOOL
PS0501093,KUMSALI 'A' PRIMARY SCHOOL
PS0501112,KUMSALI 'B' PRIMARY SCHOOL
PS0501082,LUKOKE PRIMARY SCHOOL
PS0501018,LUSAHUNGA PRIMARY SCHOOL
PS0501058,MAENDELEO PRIMARY SCHOOL
PS0501087,MAFUKWE PRIMARY SCHOOL
PS0501114,MAJENGO PRIMARY SCHOOL
PS0501019,MAVOTA 'A' PRIMARY SCHOOL
PS0501047,MAVOTA 'B' PRIMARY SCHOOL
PS0501059,MBINDI PRIMARY SCHOOL
PS0501097,MIDAHO PRIMARY SCHOOL
PS0501069,MIGANGO PRIMARY SCHOOL
PS0501020,MIHONGORA PRIMARY SCHOOL
PS0501070,MINZANI PRIMARY SCHOOL
PS0501083,MKUNKWA PRIMARY SCHOOL
PS0501036,MLIMANI PRIMARY SCHOOL
PS0501077,MPAGO PRIMARY SCHOOL
PS0501066,MSALABANI PRIMARY SCHOOL
PS0501084,MSEKWA PRIMARY SCHOOL
PS0501090,MTUNDU PRIMARY SCHOOL
PS0501071,MUGERA PRIMARY SCHOOL
PS0501060,MUSENYI PRIMARY SCHOOL
PS0501092,MUUNGANO PRIMARY SCHOOL
PS0501094,MUYOVOZI PRIMARY SCHOOL
PS0501072,MWANGA PRIMARY SCHOOL
PS0501117,NEMBA 'B' PRIMARY SCHOOL
PS0501061,NEMBA PRIMARY SCHOOL
PS0501026,NTUMAGU 'A' PRIMARY SCHOOL
PS0501051,NTUMAGU 'B' PRIMARY SCHOOL
PS0501027,NTUNGAMO PRIMARY SCHOOL
PS0501037,NYABUGOMBE PRIMARY SCHOOL
PS0501021,NYABUSOZI 'A' PRIMARY SCHOOL
PS0501048,NYABUSOZI 'B' PRIMARY SCHOOL
PS0501101,NYAKAFUNDIKWA PRIMARY SCHOOL
PS0501098,NYAKAHAMA PRIMARY SCHOOL
PS0501022,NYAKAHURA PRIMARY SCHOOL
PS0501062,NYAKANAZI PRIMARY SCHOOL
PS0501079,NYAKASENGA PRIMARY SCHOOL
PS0501040,NYAKATUNTU PRIMARY SCHOOL
PS0501073,NYAKAYENZE PRIMARY SCHOOL
PS0501023,NYAMAHANGA PRIMARY SCHOOL
PS0501063,NYAMAHUNA PRIMARY SCHOOL
PS0501080,NYAMALAGALA PRIMARY SCHOOL
PS0501109,NYAMAZIKE PRIMARY SCHOOL
PS0501074,NYAMBALE PRIMARY SCHOOL
PS0501024,NYAMIGERE 'A' PRIMARY SCHOOL
PS0501049,NYAMIGERE 'B' PRIMARY SCHOOL
PS0501025,NYAMIGOGO 'A' PRIMARY SCHOOL
PS0501050,NYAMIGOGO 'B' PRIMARY SCHOOL
PS0501105,NYANGOZI PRIMARY SCHOOL
PS0501064,NYANSHIMBA PRIMARY SCHOOL
PS0501042,NYARUBUNGO PRIMARY SCHOOL
PS0501122,RAUDHWA MODERN ISLAMIC PRIMARY SCHOOL
PS0501028,RUBONDO PRIMARY SCHOOL
PS0501029,RUGANZU PRIMARY SCHOOL
PS0501091,RUGESE PRIMARY SCHOOL
PS0501030,RUKORA PRIMARY SCHOOL
PS0501031,RUNAZI PRIMARY SCHOOL
PS0501032,RUSABYA PRIMARY SCHOOL
PS0501086,RUSENGA PRIMARY SCHOOL
PS0501033,RUZIBA PRIMARY SCHOOL
PS0501054,RWEKUBO 'A' PRIMARY SCHOOL
PS0501055,RWEKUBO 'B' PRIMARY SCHOOL
PS0501038,SONGAMBELE PRIMARY SCHOOL
PS0501111,UHURU PRIMARY SCHOOL
PS0501034,UMOJA 'A' PRIMARY SCHOOL
PS0501052,UMOJA 'B' PRIMARY SCHOOL
PS0501075,UPENDO PRIMARY SCHOOL
PS0501088,VICTORY PRIMARY SCHOOL
PS0502131,AL-HUDHAIFA ISLAMIC PRIMARY SCHOOL
PS0502119,AMANI PRIMARY SCHOOL
PS0502134,BARAKA PRIMARY SCHOOL
PS0502126,BETHANIA PRIMARY SCHOOL
PS0502149,BISHOP NKALANGA PRIMARY SCHOOL
PS0502001,BITUNTU PRIMARY SCHOOL
PS0502120,BUBUGA PRIMARY SCHOOL
PS0502002,BUJUGO PRIMARY SCHOOL
PS0502003,BUMAI PRIMARY SCHOOL
PS0502004,BUNDAZA PRIMARY SCHOOL
PS0502005,BUNYWAMBELE PRIMARY SCHOOL
PS0502006,BUTAINAMWA PRIMARY SCHOOL
PS0502007,BUTAKYA PRIMARY SCHOOL
PS0502111,BUTULAGE PRIMARY SCHOOL
PS0502008,BUZI PRIMARY SCHOOL
PS0502009,BWAGULA PRIMARY SCHOOL
PS0502128,BWEYENZA PRIMARY SCHOOL
PS0502010,BYANDILIMA PRIMARY SCHOOL
PS0502011,BYEYA PRIMARY SCHOOL
PS0502012,IBARAIZIBU PRIMARY SCHOOL
PS0502013,IBOSA PRIMARY SCHOOL
PS0502014,ICHWANDIMI PRIMARY SCHOOL
PS0502015,IGOMA PRIMARY SCHOOL
PS0502016,IKONDO PRIMARY SCHOOL
PS0502112,ILUHYA PRIMARY SCHOOL
PS0502017,IRANGO PRIMARY SCHOOL
PS0502018,ISHEMBULILO PRIMARY SCHOOL
PS0502019,ITAHWA PRIMARY SCHOOL
PS0502020,IZIMBYA  PRIMARY SCHOOL
PS0502137,IZIMBYA 'B' PRIMARY SCHOOL
PS0502021,KAAGYA PRIMARY SCHOOL
PS0502022,KAALILO PRIMARY SCHOOL
PS0502023,KAAZI PRIMARY SCHOOL
PS0502024,KABAGARA PRIMARY SCHOOL
PS0502025,KABAJUGA PRIMARY SCHOOL
PS0502026,KABALE PRIMARY SCHOOL
PS0502113,KABALENZI PRIMARY SCHOOL
PS0502028,KABIRIZI PRIMARY SCHOOL
PS0502118,KAGARAMA PRIMARY SCHOOL
PS0502150,KAGASHA ISLAMIC SEMINARY PRIMARY SCHOOL
PS0502029,KAGONGO PRIMARY SCHOOL
PS0502030,KAHYORO PRIMARY SCHOOL
PS0502031,KAIBANJA PRIMARY SCHOOL
PS0502032,KAISHAZA PRIMARY SCHOOL
PS0502033,KALEEGO PRIMARY SCHOOL
PS0502034,KALEMA PRIMARY SCHOOL
PS0502143,KAMUKOLE PRIMARY SCHOOL
PS0502035,KAMULI PRIMARY SCHOOL
PS0502132,KAMUZORA PRIMARY SCHOOL
PS0502155,KANAZI 'B' PRIMARY SCHOOL
PS0502036,KANAZI PRIMARY SCHOOL
PS0502037,KANGABUSHARO PRIMARY SCHOOL
PS0502038,KANSENENE PRIMARY SCHOOL
PS0502114,KARAMA PRIMARY SCHOOL
PS0502136,KARAMAGI PRIMARY SCHOOL
PS0502039,KARONGE PRIMARY SCHOOL
PS0502040,KARWOSHE PRIMARY SCHOOL
PS0502135,KASHANGATI PRIMARY SCHOOL
PS0502041,KASHANJE PRIMARY SCHOOL
PS0502042,KASHARU PRIMARY SCHOOL
PS0502043,KASHOZI PRIMARY SCHOOL
PS0502044,KASHULE PRIMARY SCHOOL
PS0502045,KATALE PRIMARY SCHOOL
PS0502047,KATEBENGA PRIMARY SCHOOL
PS0502048,KATERERO PRIMARY SCHOOL
PS0502049,KATOJU PRIMARY SCHOOL
PS0502050,KATOMA A PRIMARY SCHOOL
PS0502051,KATOMA B PRIMARY SCHOOL
PS0502052,KATONGO PRIMARY SCHOOL
PS0502053,KATORO PRIMARY SCHOOL
PS0502054,KATUNGA PRIMARY SCHOOL
PS0502055,KATWE PRIMARY SCHOOL
PS0502056,KAZINGA PRIMARY SCHOOL
PS0502057,KEMONDO PRIMARY SCHOOL
PS0502115,KIBIRIZI PRIMARY SCHOOL
PS0502138,KIEMPS PRIMARY SCHOOL
PS0502058,KIGABIRO PRIMARY SCHOOL
PS0502059,KIHUMULO PRIMARY SCHOOL
PS0502123,KIIJONGO PRIMARY SCHOOL
PS0502060,KIILIMA PRIMARY SCHOOL
PS0502061,KIKAGATI PRIMARY SCHOOL
PS0502062,KIKOMELO PRIMARY SCHOOL
PS0502027,KILAINI PRIMARY SCHOOL
PS0502063,KILIMILILE B PRIMARY SCHOOL
PS0502064,KISHOGO PRIMARY SCHOOL
PS0502065,KITAHYA PRIMARY SCHOOL
PS0502066,KITWE PRIMARY SCHOOL
PS0502140,KOBUKUZA PRIMARY SCHOOL
PS0502141,KOBUNSHWI 'B' PRIMARY SCHOOL
PS0502067,KOBUNSHWI PRIMARY SCHOOL
PS0502068,KYAITOKE PRIMARY SCHOOL
PS0502116,KYAMPISI PRIMARY SCHOOL
PS0502121,KYAMULAILE PRIMARY SCHOOL
PS0502127,KYAMWIJUKA PRIMARY SCHOOL
PS0502125,KYATABARO PRIMARY SCHOOL
PS0502069,KYEMBALE PRIMARY SCHOOL
PS0502147,KYENGE ISLAMIC PRIMARY SCHOOL
PS0502070,KYENGE PRIMARY SCHOOL
PS0502071,LYAMAHORO A PRIMARY SCHOOL
PS0502072,LYAMAHORO'M' PRIMARY SCHOOL
PS0502073,MAIGA PRIMARY SCHOOL
PS0502074,MAKONGE PRIMARY SCHOOL
PS0502130,MAPINDUZI PRIMARY SCHOOL
PS0502144,MASHULE 'B' PRIMARY SCHOOL
PS0502075,MASHULE PRIMARY SCHOOL
PS0502076,MIKONI PRIMARY SCHOOL
PS0502077,MINAZI PRIMARY SCHOOL
PS0502078,MISHENYE PRIMARY SCHOOL
PS0502079,MPUMULO PRIMARY SCHOOL
PS0502122,MUBEMBE PRIMARY SCHOOL
PS0502080,MUGAJWALE PRIMARY SCHOOL
PS0502146,MULAHYA PRIMARY SCHOOL
PS0502081,MUSIRA PRIMARY SCHOOL
PS0502082,MWEMAGE A PRIMARY SCHOOL
PS0502083,MWEMAGE B PRIMARY SCHOOL
PS0502084,MWENGE PRIMARY SCHOOL
PS0502133,NEW VISION PRIMARY SCHOOL
PS0502085,NGARAMA PRIMARY SCHOOL
PS0502086,NSHESHE PRIMARY SCHOOL
PS0502152,NTOMA LUTHERAN PRIMARY SCHOOL
PS0502087,NTOMA PRIMARY SCHOOL
PS0502117,NTUNGAMO PRIMARY SCHOOL
PS0502046,NYABUSHOZI PRIMARY SCHOOL
PS0502088,NYAKABANGA PRIMARY SCHOOL
PS0502089,NYAKABULALA PRIMARY SCHOOL
PS0502090,NYAKAJU PRIMARY SCHOOL
PS0502091,NYAKATAARE PRIMARY SCHOOL
PS0502092,NYAKATO PRIMARY SCHOOL
PS0502093,NYAKIGANDO PRIMARY SCHOOL
PS0502094,NYAMUJUNANWA PRIMARY SCHOOL
PS0502095,NYARUBALE PRIMARY SCHOOL
PS0502096,NYARUYOJWE PRIMARY SCHOOL
PS0502097,OMUBWEYA PRIMARY SCHOOL
PS0502098,OMUKARAMA PRIMARY SCHOOL
PS0502099,OMUKIHISI PRIMARY SCHOOL
PS0502100,RUBAFU PRIMARY SCHOOL
PS0502101,RUBALE PRIMARY SCHOOL
PS0502102,RUGAZE PRIMARY SCHOOL
PS0502103,RUHOKO PRIMARY SCHOOL
PS0502104,RUHUNGA PRIMARY SCHOOL
PS0502105,RUKOMA PRIMARY SCHOOL
PS0502129,RUSHAKA 'B' PRIMARY SCHOOL
PS0502106,RUSHAKA PRIMARY SCHOOL
PS0502107,RUTETE PRIMARY SCHOOL
PS0502108,RUTIMBIRO PRIMARY SCHOOL
PS0502142,RUZILA PRIMARY SCHOOL
PS0502109,RWAKAGONGO PRIMARY SCHOOL
PS0502145,RWINA PRIMARY SCHOOL
PS0502110,RWOGA PRIMARY SCHOOL
PS0502153,SHEIKHE MUSTAPHA MEMORIAL PRIMARY SCHOOL
PS0502148,ST.KIZITO PRIMARY SCHOOL
PS0502151,UHURU JUNIOR PRIMARY SCHOOL
PS0502124,UMOJA PRIMARY SCHOOL
PS0503034,ADOLPH KOLPING PRIMARY SCHOOL
PS0503024,AMANI PRIMARY SCHOOL
PS0503001,BILELE PRIMARY SCHOOL
PS0503042,BISHOP CAESER PRIMARY SCHOOL
PS0503002,BUGAMBAKAMOI PRIMARY SCHOOL
PS0503031,BUHEMBE PRIMARY SCHOOL
PS0503003,BUNENA PRIMARY SCHOOL
PS0503004,BUYEKERA PRIMARY SCHOOL
PS0503050,BYABATO PRIMARY SCHOOL
PS0503045,GOOD HOPE PRIMARY SCHOOL
PS0503046,HAIDERY PRIMARY SCHOOL
PS0503030,HAPPY PRIMARY SCHOOL
PS0503044,HENRY PRIMARY SCHOOL
PS0503005,IBURA PRIMARY SCHOOL
PS0503006,IHUNGO PRIMARY SCHOOL
PS0503037,ISTIQAAMA ISLAMIC PRIMARY SCHOOL
PS0503027,JAFFERY PRIMARY SCHOOL
PS0503029,KAHORORO PRIMARY SCHOOL
PS0503032,KAIZIREGE PRIMARY SCHOOL
PS0503038,KASHABO PRIMARY SCHOOL
PS0503007,KASHAI PRIMARY SCHOOL
PS0503026,KASHENGE PRIMARY SCHOOL
PS0503047,KEMEBOS PRIMARY SCHOOL
PS0503025,KIBETA ELCT PRIMARY SCHOOL
PS0503008,KIBETA PRIMARY SCHOOL
PS0503010,KITENDAGURO PRIMARY SCHOOL
PS0503009,KITEYAGWA PRIMARY SCHOOL
PS0503011,KYAKAILABWA PRIMARY SCHOOL
PS0503021,LAKE-VIEW PRIMARY SCHOOL
PS0503012,MAFUMBO PRIMARY SCHOOL
PS0503048,MPINZILE PRIMARY SCHOOL
PS0503013,MUGEZA-MSETO PRIMARY SCHOOL
PS0503014,MUGEZA-VIZIWI PRIMARY SCHOOL
PS0503040,MUSHEMBA TRINITY PRIMARY SCHOOL
PS0503015,NSHAMBYA PRIMARY SCHOOL
PS0503036,NYAMKAZI PRIMARY SCHOOL
PS0503035,QUDUS ISLAMIC PRIMARY SCHOOL
PS0503016,RUMULI PRIMARY SCHOOL
PS0503017,RWAMISHENYE PRIMARY SCHOOL
PS0503028,RWEMISHASHA B PRIMARY SCHOOL
PS0503018,RWEMISHASHA PRIMARY SCHOOL
PS0503043,ST. GERLADINA PRIMARY SCHOOL
PS0503019,TUMAINI PRIMARY SCHOOL
PS0503020,ZAMZAM PRIMARY SCHOOL
PS0504001,AHAKAKUNYU PRIMARY SCHOOL
PS0504002,AHAKANYA PRIMARY SCHOOL
PS0504003,AHAKISHAKA PRIMARY SCHOOL
PS0504004,AHAMULAMA PRIMARY SCHOOL
PS0504128,BASHUNGWA PRIMARY SCHOOL
PS0504005,BISHESHE PRIMARY SCHOOL
PS0504006,BITARAKA PRIMARY SCHOOL
PS0504007,BIYUNGU PRIMARY SCHOOL
PS0504008,BOHARI PRIMARY SCHOOL
PS0504009,BUGENE PRIMARY SCHOOL
PS0504010,BUJARA PRIMARY SCHOOL
PS0504011,BUJURUGA PRIMARY SCHOOL
PS0504012,BUKABARA PRIMARY SCHOOL
PS0504013,BUKANGARA PRIMARY SCHOOL
PS0504014,BWERA PRIMARY SCHOOL
PS0504015,BWIKIZO PRIMARY SCHOOL
PS0504016,CHABUHORA PRIMARY SCHOOL
PS0504017,CHAMCHUZI PRIMARY SCHOOL
PS0504018,CHANIKA PRIMARY SCHOOL
PS0504019,CHEMA PRIMARY SCHOOL
PS0504020,CHONYONYO PRIMARY SCHOOL
PS0504118,HOSIANA PRIMARY SCHOOL
PS0504021,IGURWA PRIMARY SCHOOL
PS0504022,IHANDA PRIMARY SCHOOL
PS0504023,IHEMBE PRIMARY SCHOOL
PS0504024,KABALE PRIMARY SCHOOL
PS0504025,KABEZI PRIMARY SCHOOL
PS0504026,KAFUNJO PRIMARY SCHOOL
PS0504027,KAGUGO PRIMARY SCHOOL
PS0504028,KAGUTU PRIMARY SCHOOL
PS0504029,KAHANGA PRIMARY SCHOOL
PS0504030,KAJUNGUTI PRIMARY SCHOOL
PS0504124,KAJUNJU PRIMARY SCHOOL
PS0504031,KAKIRO PRIMARY SCHOOL
PS0504032,KAKONJE PRIMARY SCHOOL
PS0504033,KAKURAIJO PRIMARY SCHOOL
PS0504034,KALEHE PRIMARY SCHOOL
PS0504035,KAMAGAMBO PRIMARY SCHOOL
PS0504036,KAMBARAGE PRIMARY SCHOOL
PS0504037,KANDEGESHO PRIMARY SCHOOL
PS0504038,KANONI PRIMARY SCHOOL
PS0504119,KARADEA PRIMARY SCHOOL
PS0504039,KARAGWE PRIMARY SCHOOL
PS0504040,KARAIZO PRIMARY SCHOOL
PS0504041,KARALO PRIMARY SCHOOL
PS0504042,KASHAMBI PRIMARY SCHOOL
PS0504043,KASHESHE PRIMARY SCHOOL
PS0504114,KATABARO KATEMPRIS PRIMARY SCHOOL
PS0504044,KATANDA PRIMARY SCHOOL
PS0504045,KATEMBE PRIMARY SCHOOL
PS0504046,KATWE PRIMARY SCHOOL
PS0504047,KAYANGA PRIMARY SCHOOL
PS0504048,KAYUNGU PRIMARY SCHOOL
PS0504050,KIBOGOIZI PRIMARY SCHOOL
PS0504051,KIBONA PRIMARY SCHOOL
PS0504052,KIBONDO PRIMARY SCHOOL
PS0504053,KIBWERA PRIMARY SCHOOL
PS0504054,KIGANDO PRIMARY SCHOOL
PS0504055,KIGARAMA PRIMARY SCHOOL
PS0504126,KIGASHA PRIMARY SCHOOL
PS0504056,KIJUMBURA PRIMARY SCHOOL
PS0504057,KIMIZA PRIMARY SCHOOL
PS0504058,KINYINYA PRIMARY SCHOOL
PS0504120,KIREGETE PRIMARY SCHOOL
PS0504059,KIRURUMA PRIMARY SCHOOL
PS0504060,KITENGULE PRIMARY SCHOOL
PS0504061,KYABALISA PRIMARY SCHOOL
PS0504062,KYANYAMISA PRIMARY SCHOOL
PS0504063,KYERUNGA PRIMARY SCHOOL
PS0504064,LUKAJANGE PRIMARY SCHOOL
PS0504065,LUKALE PRIMARY SCHOOL
PS0504066,MABORESHO PRIMARY SCHOOL
PS0504067,MAGUGE PRIMARY SCHOOL
PS0504068,MASHELI PRIMARY SCHOOL
PS0504069,MATARA PRIMARY SCHOOL
PS0504070,MATO PRIMARY SCHOOL
PS0504122,MILILO PRIMARY SCHOOL
PS0504071,MISHA PRIMARY SCHOOL
PS0504116,MUCHUBA PRIMARY SCHOOL
PS0504072,MULAMBA PRIMARY SCHOOL
PS0504115,MUNGU BARIKI PRIMARY SCHOOL
PS0504073,MUSHABAIGURU PRIMARY SCHOOL
PS0504074,MUUNGANO PRIMARY SCHOOL
PS0504075,NDAMA PRIMARY SCHOOL
PS0504076,NYABWEGILA PRIMARY SCHOOL
PS0504077,NYABWEZIGA PRIMARY SCHOOL
PS0504078,NYAISHOZI PRIMARY SCHOOL
PS0504079,NYAKABANGA PRIMARY SCHOOL
PS0504125,NYAKABILA PRIMARY SCHOOL
PS0504080,NYAKAGONGO PRIMARY SCHOOL
PS0504081,NYAKAGOYAGOYE PRIMARY SCHOOL
PS0504082,NYAKAHANGA PRIMARY SCHOOL
PS0504083,NYAKAHITA PRIMARY SCHOOL
PS0504084,NYAKAIGA PRIMARY SCHOOL
PS0504085,NYAKAKIKA PRIMARY SCHOOL
PS0504086,NYAKASANA PRIMARY SCHOOL
PS0504087,NYAKASHOZI PRIMARY SCHOOL
PS0504088,NYAKASHWA PRIMARY SCHOOL
PS0504089,NYAKAYANJA PRIMARY SCHOOL
PS0504090,NYARUGANDO PRIMARY SCHOOL
PS0504091,OMUKAKAJINJA PRIMARY SCHOOL
PS0504093,OMUKIMEYA PRIMARY SCHOOL
PS0504094,OMURULAMA PRIMARY SCHOOL
PS0504095,OMURUSIMBI PRIMARY SCHOOL
PS0504096,OMURWELE PRIMARY SCHOOL
PS0504097,RUGERA PRIMARY SCHOOL
PS0504098,RUGU PRIMARY SCHOOL
PS0504099,RUHANYA PRIMARY SCHOOL
PS0504100,RUHITA PRIMARY SCHOOL
PS0504101,RUKOLE PRIMARY SCHOOL
PS0504102,RULALO PRIMARY SCHOOL
PS0504103,RUMANYIKA PRIMARY SCHOOL
PS0504104,RUNYAGA PRIMARY SCHOOL
PS0504105,RUZINGA PRIMARY SCHOOL
PS0504106,RWAKILO PRIMARY SCHOOL
PS0504107,RWAMBAIZI PRIMARY SCHOOL
PS0504108,RWAMUGURUSI PRIMARY SCHOOL
PS0504109,RWANDARO PRIMARY SCHOOL
PS0504110,RWENKORONGO PRIMARY SCHOOL
PS0504111,RWENTUHE PRIMARY SCHOOL
PS0504112,ST PETER CLAVER PRIMARY SCHOOL
PS0504117,SUZANA PRIMARY SCHOOL
PS0504113,TEGEMEO PRIMARY SCHOOL
PS0507002,ANZA KUELIMISHA PRIMARY SCHOOL
PS0507106,BARIKI PRIMARY SCHOOL
PS0507003,BUGARA PRIMARY SCHOOL
PS0507004,BUSHONGOLE PRIMARY SCHOOL
PS0507005,CHANYA PRIMARY SCHOOL
PS0507006,CHANYANGABWA PRIMARY SCHOOL
PS0507007,IBAMBA PRIMARY SCHOOL
PS0507008,IBANDA PRIMARY SCHOOL
PS0507009,IBARE PRIMARY SCHOOL
PS0507010,ILEEGA PRIMARY SCHOOL
PS0507011,IMANI PRIMARY SCHOOL
PS0507012,ISHAKA PRIMARY SCHOOL
PS0507013,ISHOZI PRIMARY SCHOOL
PS0507014,ISINGIRO PRIMARY SCHOOL
PS0507015,ITEERA PRIMARY SCHOOL
PS0507016,JUHUDI PRIMARY SCHOOL
PS0507017,KAARO PRIMARY SCHOOL
PS0507018,KAGENYI PRIMARY SCHOOL
PS0507019,KAGU PRIMARY SCHOOL
PS0507020,KAINA PRIMARY SCHOOL
PS0507021,KAISHO PRIMARY SCHOOL
PS0507022,KAKANJA PRIMARY SCHOOL
PS0507023,KAKERERE PRIMARY SCHOOL
PS0507024,KAMULI PRIMARY SCHOOL
PS0507025,KARAMBI PRIMARY SCHOOL
PS0507026,KARONGO PRIMARY SCHOOL
PS0507027,KARUKWANZI PRIMARY SCHOOL
PS0507028,KASESE PRIMARY SCHOOL
PS0507107,KASHANDA PRIMARY SCHOOL
PS0507029,KASHARARA PRIMARY SCHOOL
PS0507115,KASHASHA PRIMARY SCHOOL
PS0507030,KASHENYI PRIMARY SCHOOL
PS0507031,KASONI PRIMARY SCHOOL
PS0507032,KATERA PRIMARY SCHOOL
PS0507033,KIBARE PRIMARY SCHOOL
PS0507034,KIBIMBA PRIMARY SCHOOL
PS0507035,KIBINGO PRIMARY SCHOOL
PS0507036,KIDO PRIMARY SCHOOL
PS0507037,KIGOROGORO PRIMARY SCHOOL
PS0507038,KIHANGA PRIMARY SCHOOL
PS0507039,KIHINDA PRIMARY SCHOOL
PS0507040,KIKUKURU PRIMARY SCHOOL
PS0507041,KILELA PRIMARY SCHOOL
PS0507042,KIMULI PRIMARY SCHOOL
PS0507043,KISHANDA PRIMARY SCHOOL
PS0507044,KITEGA PRIMARY SCHOOL
PS0507045,KITOMA PRIMARY SCHOOL
PS0507046,KITWE PRIMARY SCHOOL
PS0507047,KITWECHENKURA PRIMARY SCHOOL
PS0507048,KYERERE PRIMARY SCHOOL
PS0507049,KYERETA PRIMARY SCHOOL
PS0507001,KYERWA BRIGHT STAR PRIMARY SCHOOL
PS0507050,KYERWA PRIMARY SCHOOL
PS0507051,MAENDELEO PRIMARY SCHOOL
PS0507099,MAGOMA PRIMARY SCHOOL
PS0507052,MAKAZI PRIMARY SCHOOL
PS0507053,MASHESHE PRIMARY SCHOOL
PS0507100,MAWINGU PRIMARY SCHOOL
PS0507054,MILAMBI PRIMARY SCHOOL
PS0507055,MKAPA PRIMARY SCHOOL
PS0507056,MKOMBOZI PRIMARY SCHOOL
PS0507057,MSISHA PRIMARY SCHOOL
PS0507058,MUGABA PRIMARY SCHOOL
PS0507059,MUKUNYU PRIMARY SCHOOL
PS0507060,MULEBA PRIMARY SCHOOL
PS0507061,MURONGO PRIMARY SCHOOL
PS0507111,MWANGAZA  PRIMARY SCHOOL
PS0507062,NKWENDA PRIMARY SCHOOL
PS0507063,NSHUNGA PRIMARY SCHOOL
PS0507064,NYABIKURUNGO PRIMARY SCHOOL
PS0507065,NYABISHENGE PRIMARY SCHOOL
PS0507066,NYAKABWERA PRIMARY SCHOOL
PS0507108,NYAKAGERA PRIMARY SCHOOL
PS0507067,NYAKAKONI PRIMARY SCHOOL
PS0507068,NYAKASHENYI PRIMARY SCHOOL
PS0507103,NYAKATABE PRIMARY SCHOOL
PS0507069,NYAKATERA PRIMARY SCHOOL
PS0507070,NYAKATUNTU PRIMARY SCHOOL
PS0507071,NYAMILIMA PRIMARY SCHOOL
PS0507072,NYAMIYAGA PRIMARY SCHOOL
PS0507073,NYAMWEZA PRIMARY SCHOOL
PS0507074,NYARUTUNTU PRIMARY SCHOOL
PS0507075,NYARUZUMBURA PRIMARY SCHOOL
PS0507076,NYERERE PRIMARY SCHOOL
PS0507077,OMUKACHILI PRIMARY SCHOOL
PS0507078,OMUKAGANDO PRIMARY SCHOOL
PS0507079,OMUNCHWEKANO PRIMARY SCHOOL
PS0507110,PAMOJA PRIMARY SCHOOL
PS0507080,RUBALE PRIMARY SCHOOL
PS0507101,RUBILIZI PRIMARY SCHOOL
PS0507081,RUBUGA PRIMARY SCHOOL
PS0507082,RUGASHA PRIMARY SCHOOL
PS0507083,RUKIRI PRIMARY SCHOOL
PS0507084,RUKURAIJO PRIMARY SCHOOL
PS0507085,RULAMA PRIMARY SCHOOL
PS0507086,RUSHE PRIMARY SCHOOL
PS0507087,RUTUNGURU PRIMARY SCHOOL
PS0507088,RWABIGAGA PRIMARY SCHOOL
PS0507089,RWABWERE PRIMARY SCHOOL
PS0507090,RWAKABUNDA PRIMARY SCHOOL
PS0507091,RWAKINIHA PRIMARY SCHOOL
PS0507092,RWAMASHAJU PRIMARY SCHOOL
PS0507093,RWANYANGO PRIMARY SCHOOL
PS0507094,RWELE PRIMARY SCHOOL
PS0507095,RWENKENDE PRIMARY SCHOOL
PS0507096,RWENSINGA PRIMARY SCHOOL
PS0507097,SONGAMBELE PRIMARY SCHOOL
PS0507104,TUMUSHUBIRE PRIMARY SCHOOL
PS0507098,UMOJA PRIMARY SCHOOL
PS0507114,UWEZO PRIMARY SCHOOL
PS0507120,WALIMU PRIMARY SCHOOL
PS0508100,BISHOP HUWILER PRIMARY SCHOOL
PS0508001,BUBALE PRIMARY SCHOOL
PS0508002,BUCHURAGO PRIMARY SCHOOL
PS0508003,BUGANDIKA I PRIMARY SCHOOL
PS0508004,BUGANDIKA II PRIMARY SCHOOL
PS0508005,BUGANGO PRIMARY SCHOOL
PS0508006,BUGOMBE PRIMARY SCHOOL
PS0508007,BUGORORA PRIMARY SCHOOL
PS0508008,BUKABUYE PRIMARY SCHOOL
PS0508009,BUKWALI PRIMARY SCHOOL
PS0508010,BULEMBO PRIMARY SCHOOL
PS0508011,BULIFANI PRIMARY SCHOOL
PS0508118,BUNAZI 'B' PRIMARY SCHOOL
PS0508104,BUNAZI GREEN ACRES PRIMARY SCHOOL
PS0508012,BUNAZI PRIMARY SCHOOL
PS0508013,BUSHAGO PRIMARY SCHOOL
PS0508014,BUYANGO PRIMARY SCHOOL
PS0508114,BWENKOMA PRIMARY SCHOOL
PS0508015,BWEYUNGE PRIMARY SCHOOL
PS0508016,BYAMUTEMBA PRIMARY SCHOOL
PS0508017,BYEJU PRIMARY SCHOOL
PS0508102,ESIIMI PRIMARY SCHOOL
PS0508018,GABULANGA PRIMARY SCHOOL
PS0508019,GERA PRIMARY SCHOOL
PS0508020,GWANKIMBA PRIMARY SCHOOL
PS0508107,HOLY CROSS PRIMARY SCHOOL
PS0508021,IGAYAZA PRIMARY SCHOOL
PS0508098,IRENE AND REBECA PRIMARY SCHOOL
PS0508022,ISHOZI PRIMARY SCHOOL
PS0508023,ISHUNJU PRIMARY SCHOOL
PS0508024,JKIBIRA PRIMARY SCHOOL
PS0508025,KABABALA PRIMARY SCHOOL
PS0508108,KABAKESA PRIMARY SCHOOL
PS0508026,KABASHANA PRIMARY SCHOOL
PS0508111,KABWERA PRIMARY SCHOOL
PS0508027,KABWOBA PRIMARY SCHOOL
PS0508028,KABYAILE PRIMARY SCHOOL
PS0508109,KAFUNJO PRIMARY SCHOOL
PS0508029,KAGERA PRIMARY SCHOOL
PS0508117,KAGERA SUGAR PRIMARY SCHOOL
PS0508030,KAJUNGUTI PRIMARY SCHOOL
PS0508031,KAKINDO PRIMARY SCHOOL
PS0508101,KAKINGA - UPENDO PRIMARY SCHOOL
PS0508032,KAKIRI PRIMARY SCHOOL
PS0508033,KAKUNYU PRIMARY SCHOOL
PS0508034,KANTARE PRIMARY SCHOOL
PS0508035,KANYIGO PRIMARY SCHOOL
PS0508036,KARAGALA PRIMARY SCHOOL
PS0508037,KASHABA PRIMARY SCHOOL
PS0508038,KASHAKA PRIMARY SCHOOL
PS0508039,KASHAMBYA PRIMARY SCHOOL
PS0508040,KASHASHA PRIMARY SCHOOL
PS0508041,KASHEKYA PRIMARY SCHOOL
PS0508042,KASHENYE PRIMARY SCHOOL
PS0508043,KASSAMBYA PRIMARY SCHOOL
PS0508044,KATANO PRIMARY SCHOOL
PS0508045,KATARABUGA PRIMARY SCHOOL
PS0508046,KATOLERWA PRIMARY SCHOOL
PS0508047,KAYANGA PRIMARY SCHOOL
PS0508048,KIBEO PRIMARY SCHOOL
PS0508049,KIGARAMA PRIMARY SCHOOL
PS0508050,KIGAZI PRIMARY SCHOOL
PS0508051,KIJUMO PRIMARY SCHOOL
PS0508052,KIKONO PRIMARY SCHOOL
PS0508053,KIKUKWE PRIMARY SCHOOL
PS0508054,KILIMILILE 'K' PRIMARY SCHOOL
PS0508055,KIMUKUNDA PRIMARY SCHOOL
PS0508056,KITOBO PRIMARY SCHOOL
PS0508115,KITOBOKA PRIMARY SCHOOL
PS0508057,KIWELU PRIMARY SCHOOL
PS0508058,KYABAJWA PRIMARY SCHOOL
PS0508059,KYABUGOMBE PRIMARY SCHOOL
PS0508060,KYAKA PRIMARY SCHOOL
PS0508061,KYAMALA PRIMARY SCHOOL
PS0508062,KYANUMBU PRIMARY SCHOOL
PS0508064,KYAZI PRIMARY SCHOOL
PS0508063,KYELIMA PRIMARY SCHOOL
PS0508065,LUHANO PRIMARY SCHOOL
PS0508099,LUKUBA PRIMARY SCHOOL
PS0508095,LWAMGIRA PRIMARY SCHOOL
PS0508066,MABALE PRIMARY SCHOOL
PS0508067,MABUYE PRIMARY SCHOOL
PS0508068,MBALE PRIMARY SCHOOL
PS0508069,MIKINDO PRIMARY SCHOOL
PS0508070,MINZIRO PRIMARY SCHOOL
PS0508105,MISSENYI GLORY PRIMARY SCHOOL
PS0508071,MUGANA'A' PRIMARY SCHOOL
PS0508072,MUGANA'B' PRIMARY SCHOOL
PS0508073,MUGONGO PRIMARY SCHOOL
PS0508074,MUSHASHA PRIMARY SCHOOL
PS0508106,MUSTAQIMA PRIMARY SCHOOL
PS0508076,MUTUKULA PRIMARY SCHOOL
PS0508110,MUUNGANO PRIMARY SCHOOL
PS0508077,MWEMAGE'K' PRIMARY SCHOOL
PS0508078,MWISA PRIMARY SCHOOL
PS0508080,NDWANILO PRIMARY SCHOOL
PS0508079,NGANDO PRIMARY SCHOOL
PS0508081,NKELENGE PRIMARY SCHOOL
PS0508075,NOVATH RUTAGERUKA PRIMARY SCHOOL
PS0508082,NSHUMBA PRIMARY SCHOOL
PS0508083,NYABIHANGA PRIMARY SCHOOL
PS0508084,NYAKAHANGA PRIMARY SCHOOL
PS0508085,NYANKERE PRIMARY SCHOOL
PS0508086,NYUNGWE PRIMARY SCHOOL
PS0508087,OMUKAJUJU PRIMARY SCHOOL
PS0508088,OMUKILEMBO PRIMARY SCHOOL
PS0508089,OMULUGANDO PRIMARY SCHOOL
PS0508090,OMUNDONGO PRIMARY SCHOOL
PS0508091,OMURUSHENYE PRIMARY SCHOOL
PS0508092,RUHIJA PRIMARY SCHOOL
PS0508093,RUKURUNGO PRIMARY SCHOOL
PS0508094,RUZINGA PRIMARY SCHOOL
PS0508096,RWANKONJO PRIMARY SCHOOL
PS0508097,RWAZI PRIMARY SCHOOL
PS0508103,SACRED HEART PRIMARY SCHOOL
PS0508112,SK VICTORY PRIMARY SCHOOL
PS0505236,ABDULAHAMAN BABU PRIMARY SCHOOL
PS0505166,AKAJUNGUTI PRIMARY SCHOOL
PS0505165,AKANAZI PRIMARY SCHOOL
PS0505231,ALPHA-MULELA  PRIMARY SCHOOL
PS0505219,BEMBELEZA PRIMARY SCHOOL
PS0505001,BIGAGA PRIMARY SCHOOL
PS0505002,BIHANGA PRIMARY SCHOOL
PS0505003,BIIJA PRIMARY SCHOOL
PS0505004,BIIRABO PRIMARY SCHOOL
PS0505184,BINONI PRIMARY SCHOOL
PS0505005,BISHEKE PRIMARY SCHOOL
PS0505006,BUGANGUZI PRIMARY SCHOOL
PS0505007,BUGARA PRIMARY SCHOOL
PS0505008,BUGARAMA PRIMARY SCHOOL
PS0505158,BUGASHA PRIMARY SCHOOL
PS0505009,BUHANGAZA PRIMARY SCHOOL
PS0505010,BUHAYA PRIMARY SCHOOL
PS0505142,BUKAMBIRA PRIMARY SCHOOL
PS0505011,BUMBIRE PRIMARY SCHOOL
PS0505012,BUMILO PRIMARY SCHOOL
PS0505014,BUNYAGONGO PRIMARY SCHOOL
PS0505167,BUREZA PRIMARY SCHOOL
PS0505128,BURIGI PRIMARY SCHOOL
PS0505013,BURUNGURA PRIMARY SCHOOL
PS0505015,BUSHAKA PRIMARY SCHOOL
PS0505159,BUSHEKYA PRIMARY SCHOOL
PS0505016,BUSHUMBA PRIMARY SCHOOL
PS0505017,BUTE PRIMARY SCHOOL
PS0505018,BUTEMBO PRIMARY SCHOOL
PS0505019,BUYAGA PRIMARY SCHOOL
PS0505168,BUYANGO PRIMARY SCHOOL
PS0505153,BUYONZI PRIMARY SCHOOL
PS0505020,BWEYENZA PRIMARY SCHOOL
PS0505021,BWOGA PRIMARY SCHOOL
PS0505248,DARAJA NANE PRIMARY SCHOOL
PS0505022,GANYAMKANDA PRIMARY SCHOOL
PS0505157,GOZIBA PRIMARY SCHOOL
PS0505186,GWANSELI PRIMARY SCHOOL
PS0505141,HAMUGONGO PRIMARY SCHOOL
PS0505023,IBUGA PRIMARY SCHOOL
PS0505217,ICHWANDIMI PRIMARY SCHOOL
PS0505024,IGABIRO PRIMARY SCHOOL
PS0505025,IHANGIRO PRIMARY SCHOOL
PS0505169,IJUMBI PRIMARY SCHOOL
PS0505026,IKONDO PRIMARY SCHOOL
PS0505027,IKUZA PRIMARY SCHOOL
PS0505127,ILAMBIKA PRIMARY SCHOOL
PS0505029,ILEMERA PRIMARY SCHOOL
PS0505246,INNER PURITY CHRISTIAN PRIMARY SCHOOL
PS0505135,IROBA PRIMARY SCHOOL
PS0505030,ITONGO PRIMARY SCHOOL
PS0505160,ITUNZI PRIMARY SCHOOL
PS0505206,JAKAYA KIKWETE ISLAMIC PRIMARY SCHOOL
PS0505187,JIPE MOYO PRIMARY SCHOOL
PS0505031,KABAGUNDA PRIMARY SCHOOL
PS0505188,KABAITWA PRIMARY SCHOOL
PS0505143,KABANGA PRIMARY SCHOOL
PS0505032,KABARE 'A' PRIMARY SCHOOL
PS0505189,KABARE 'B' PRIMARY SCHOOL
PS0505223,KABASHARO PRIMARY SCHOOL
PS0505033,KABIRIZI PRIMARY SCHOOL
PS0505190,KABONDE PRIMARY SCHOOL
PS0505034,KABOYA PRIMARY SCHOOL
PS0505154,KABUGA PRIMARY SCHOOL
PS0505207,KABULALA PRIMARY SCHOOL
PS0505035,KABULEME PRIMARY SCHOOL
PS0505191,KABUNGO PRIMARY SCHOOL
PS0505036,KABUTAIGI PRIMARY SCHOOL
PS0505218,KAGASHA PRIMARY SCHOOL
PS0505170,KAGOGO PRIMARY SCHOOL
PS0505037,KAGOMA PRIMARY SCHOOL
PS0505038,KAGONDO-'A' PRIMARY SCHOOL
PS0505039,KAGONDO-'B' PRIMARY SCHOOL
PS0505040,KAGONGO PRIMARY SCHOOL
PS0505171,KAGULAMO PRIMARY SCHOOL
PS0505041,KAHENGERE PRIMARY SCHOOL
PS0505208,KAHUMULO PRIMARY SCHOOL
PS0505043,KAIGARA PRIMARY SCHOOL
PS0505042,KAIHO PRIMARY SCHOOL
PS0505209,KAIRUNGU PRIMARY SCHOOL
PS0505211,KAJULE PRIMARY SCHOOL
PS0505044,KAKOMA PRIMARY SCHOOL
PS0505238,KALIMALIMO PRIMARY SCHOOL
PS0505210,KAMACHUMU ISLAMIC PRIMARY SCHOOL
PS0505045,KAMACHUMU-'A' PRIMARY SCHOOL
PS0505046,KAMACHUMU-'B' PRIMARY SCHOOL
PS0505047,KAMAKANA PRIMARY SCHOOL
PS0505192,KAMATOJO PRIMARY SCHOOL
PS0505048,KAMISHANGO PRIMARY SCHOOL
PS0505155,KANGANTEBE PRIMARY SCHOOL
PS0505055,KANGAZA PRIMARY SCHOOL
PS0505193,KANGOMA PRIMARY SCHOOL
PS0505028,KANONI PRIMARY SCHOOL
PS0505255,KANYABWENDA PRIMARY SCHOOL
PS0505253,KANYAMIKA PRIMARY SCHOOL
PS0505241,KANYAMKULE PRIMARY SCHOOL
PS0505056,KANYERANYERE PRIMARY SCHOOL
PS0505057,KANYWANGONGE PRIMARY SCHOOL
PS0505195,KARANDA PRIMARY SCHOOL
PS0505129,KARUTANGA PRIMARY SCHOOL
PS0505172,KASENYI PRIMARY SCHOOL
PS0505049,KASHANDA PRIMARY SCHOOL
PS0505050,KASHARUNGA PRIMARY SCHOOL
PS0505235,KASHASHA PRIMARY SCHOOL
PS0505196,KASHENGE PRIMARY SCHOOL
PS0505051,KASHENO PRIMARY SCHOOL
PS0505052,KASHENSHERO PRIMARY SCHOOL
PS0505053,KASHOZI PRIMARY SCHOOL
PS0505054,KASHUMBILILO PRIMARY SCHOOL
PS0505130,KASINDAGA PRIMARY SCHOOL
PS0505194,KATANDA PRIMARY SCHOOL
PS0505058,KATANGA PRIMARY SCHOOL
PS0505059,KATARE PRIMARY SCHOOL
PS0505148,KATEMBE PRIMARY SCHOOL
PS0505060,KATOBAGO PRIMARY SCHOOL
PS0505061,KATOKE-'A' PRIMARY SCHOOL
PS0505062,KATOKE-'B' PRIMARY SCHOOL
PS0505222,KATOMA PRIMARY SCHOOL
PS0505239,KATONGO PRIMARY SCHOOL
PS0505063,KATUNGURU PRIMARY SCHOOL
PS0505149,KEREBE PRIMARY SCHOOL
PS0505064,KIBARE PRIMARY SCHOOL
PS0505065,KIGA PRIMARY SCHOOL
PS0505252,KIGASHA PRIMARY SCHOOL
PS0505140,KIGUZI PRIMARY SCHOOL
PS0505139,KIHOLELE PRIMARY SCHOOL
PS0505134,KIHUMULO PRIMARY SCHOOL
PS0505197,KIKAGATE PRIMARY SCHOOL
PS0505066,KIKUKU PRIMARY SCHOOL
PS0505131,KIMBUGU PRIMARY SCHOOL
PS0505067,KIMEYA PRIMARY SCHOOL
PS0505068,KISHANDA PRIMARY SCHOOL
PS0505069,KISHOJU PRIMARY SCHOOL
PS0505070,KISHURO PRIMARY SCHOOL
PS0505071,KITABA PRIMARY SCHOOL
PS0505212,KITANGA PRIMARY SCHOOL
PS0505072,KITEME PRIMARY SCHOOL
PS0505213,KITOKO PRIMARY SCHOOL
PS0505161,KITUHA PRIMARY SCHOOL
PS0505073,KITUNGA PRIMARY SCHOOL
PS0505173,KITUNTU PRIMARY SCHOOL
PS0505074,KIYEBE PRIMARY SCHOOL
PS0505136,KIZINGA PRIMARY SCHOOL
PS0505075,KIZIRAMUYAGA PRIMARY SCHOOL
PS0505162,KYABISHAGAHO PRIMARY SCHOOL
PS0505076,KYAIBUMBA PRIMARY SCHOOL
PS0505224,KYAMATE PRIMARY SCHOOL
PS0505077,KYAMYORWA PRIMARY SCHOOL
PS0505078,KYEBITEMBE PRIMARY SCHOOL
PS0505079,KYENSHAMA PRIMARY SCHOOL
PS0505245,KYOBUHEKE PRIMARY SCHOOL
PS0505080,KYOTA PRIMARY SCHOOL
PS0505247,LUHENDO PRIMARY SCHOOL
PS0505174,LYAMABUMBE PRIMARY SCHOOL
PS0505133,MABALEGERA PRIMARY SCHOOL
PS0505198,MABIRA PRIMARY SCHOOL
PS0505081,MADALENA PRIMARY SCHOOL
PS0505082,MAFUMBO PRIMARY SCHOOL
PS0505083,MAGATA PRIMARY SCHOOL
PS0505084,MAGENYI PRIMARY SCHOOL
PS0505250,MAHIGABILI PRIMARY SCHOOL
PS0505085,MAKONGORA 'A' PRIMARY SCHOOL
PS0505228,MAKONGORA 'B' PRIMARY SCHOOL
PS0505144,MALELE PRIMARY SCHOOL
PS0505086,MANYORA PRIMARY SCHOOL
PS0505249,MASHASHA PRIMARY SCHOOL
PS0505243,MASHEKURO PRIMARY SCHOOL
PS0505087,MAYONDWE PRIMARY SCHOOL
PS0505088,MAZINGA PRIMARY SCHOOL
PS0505089,MBATAMA PRIMARY SCHOOL
PS0505175,MISHAMBYA PRIMARY SCHOOL
PS0505199,MKOMBOZI PRIMARY SCHOOL
PS0505240,MTULAGE PRIMARY SCHOOL
PS0505090,MUBANGO PRIMARY SCHOOL
PS0505200,MULAMBI PRIMARY SCHOOL
PS0505163,MULEBA PRIMARY SCHOOL
PS0505091,MULELA PRIMARY SCHOOL
PS0505202,MURUNGU PRIMARY SCHOOL
PS0505176,MUSALALA PRIMARY SCHOOL
PS0505092,MUSHABAGO PRIMARY SCHOOL
PS0505177,MUSHENYI PRIMARY SCHOOL
PS0505201,MUUNGANO PRIMARY SCHOOL
PS0505203,MUYENJE PRIMARY SCHOOL
PS0505237,MWIJAGE PRIMARY SCHOOL
PS0505093,NDOLAGE PRIMARY SCHOOL
PS0505094,NGENGE PRIMARY SCHOOL
PS0505095,NGOTE PRIMARY SCHOOL
PS0505150,NSAMBYA PRIMARY SCHOOL
PS0505137,NSHAMBA PRIMARY SCHOOL
PS0505096,NSHAMBA-EXTENDED PRIMARY SCHOOL
PS0505097,NSHAMBA-TAPA PRIMARY SCHOOL
PS0505098,NSHAMBYA PRIMARY SCHOOL
PS0505179,NSHANJE PRIMARY SCHOOL
PS0505126,NYABUKAZI PRIMARY SCHOOL
PS0505204,NYABULE PRIMARY SCHOOL
PS0505099,NYAILIGAMBA PRIMARY SCHOOL
PS0505100,NYAKABANGO PRIMARY SCHOOL
PS0505220,NYAKAGOMA PRIMARY SCHOOL
PS0505101,NYAKAHAMA PRIMARY SCHOOL
PS0505105,NYAKATANGA PRIMARY SCHOOL
PS0505178,NYAKISHOZI PRIMARY SCHOOL
PS0505229,NYAMAGOJO PRIMARY SCHOOL
PS0505225,NYAMAHANJU PRIMARY SCHOOL
PS0505102,NYAMILANDA PRIMARY SCHOOL
PS0505103,NYAMINAZI PRIMARY SCHOOL
PS0505104,NYANJUBI PRIMARY SCHOOL
PS0505145,NYARUGANDO PRIMARY SCHOOL
PS0505146,NYAWAIBAGA PRIMARY SCHOOL
PS0505106,OMUKYAYA PRIMARY SCHOOL
PS0505107,OMURUNAZI PRIMARY SCHOOL
PS0505234,REGENT PRIMARY SCHOOL
PS0505108,RUBUNGO PRIMARY SCHOOL
PS0505109,RUBYA-'A' PRIMARY SCHOOL
PS0505110,RUBYA-'B' PRIMARY SCHOOL
PS0505111,RUBYA-MSETO PRIMARY SCHOOL
PS0505132,RUGANDO PRIMARY SCHOOL
PS0505112,RUGASHA PRIMARY SCHOOL
PS0505215,RUGEGE PRIMARY SCHOOL
PS0505113,RUGONGO PRIMARY SCHOOL
PS0505114,RUHANGA PRIMARY SCHOOL
PS0505115,RUHIJA PRIMARY SCHOOL
PS0505232,RUKINDO PRIMARY SCHOOL
PS0505138,RUKONDO PRIMARY SCHOOL
PS0505116,RULAMA PRIMARY SCHOOL
PS0505117,RULANDA PRIMARY SCHOOL
PS0505118,RULONGO PRIMARY SCHOOL
PS0505180,RUNAZI PRIMARY SCHOOL
PS0505216,RUNYINYA PRIMARY SCHOOL
PS0505181,RUSALALA PRIMARY SCHOOL
PS0505119,RUTABO 'A' PRIMARY SCHOOL
PS0505120,RUTABO 'B' PRIMARY SCHOOL
PS0505121,RUTABO SEMINARY PRIMARY SCHOOL
PS0505151,RUTEME PRIMARY SCHOOL
PS0505122,RUTENGE PRIMARY SCHOOL
PS0505152,RUTORO PRIMARY SCHOOL
PS0505123,RUZINGA PRIMARY SCHOOL
PS0505164,RWAKAHOZA PRIMARY SCHOOL
PS0505221,RWANGANILO PRIMARY SCHOOL
PS0505124,RWANTEGE PRIMARY SCHOOL
PS0505226,RWAZI PRIMARY SCHOOL
PS0505182,RWENSHATO PRIMARY SCHOOL
PS0505125,RWIGEMBE PRIMARY SCHOOL
PS0505227,RWIZI PRIMARY SCHOOL
PS0505205,SIMBYA PRIMARY SCHOOL
PS0505183,ST. ACHILEUS KIWANUKA PRIMARY SCHOOL
PS0505156,ST. JOSEPH RUTABO PRIMARY SCHOOL
PS0505230,ST. MICHAEL PRIMARY SCHOOL
PS0505147,TUKUTUKU PRIMARY SCHOOL
PS0505233,TUMSIIME PRIMARY SCHOOL
PS0506001,BUGARAMA PRIMARY SCHOOL
PS0506002,BUHORORO PRIMARY SCHOOL
PS0506003,BUKIRIRO PRIMARY SCHOOL
PS0506078,BULENGO PRIMARY SCHOOL
PS0506131,CHAMABALE PRIMARY SCHOOL
PS0506094,CHAMBALE PRIMARY SCHOOL
PS0506004,CHIVU PRIMARY SCHOOL
PS0506005,DJURULIGWA PRIMARY SCHOOL
PS0506102,GOYAGOYA PRIMARY SCHOOL
PS0506095,GWENZAZA PRIMARY SCHOOL
PS0506072,IBUGA PRIMARY SCHOOL
PS0506112,KABAHESHI PRIMARY SCHOOL
PS0506006,KABALENZI PRIMARY SCHOOL
PS0506007,KABANGA PRIMARY SCHOOL
PS0506103,KABURANZWILI PRIMARY SCHOOL
PS0506115,KAGALI PRIMARY SCHOOL
PS0506008,KAHAMA PRIMARY SCHOOL
PS0506113,KAMULI PRIMARY SCHOOL
PS0506009,KANAZI PRIMARY SCHOOL
PS0506010,KANYINYA PRIMARY SCHOOL
PS0506088,KAPFUHA PRIMARY SCHOOL
PS0506071,KASANGE PRIMARY SCHOOL
PS0506077,KASHARAZI PRIMARY SCHOOL
PS0506011,KASHINGA PRIMARY SCHOOL
PS0506012,KASULO PRIMARY SCHOOL
PS0506013,KATERERE PRIMARY SCHOOL
PS0506014,KEZA PRIMARY SCHOOL
PS0506015,KIBIRIZI PRIMARY SCHOOL
PS0506122,KIDENKE PRIMARY SCHOOL
PS0506079,KIGARAMA PRIMARY SCHOOL
PS0506076,KIGINA PRIMARY SCHOOL
PS0506085,KIGOYI PRIMARY SCHOOL
PS0506016,KIHINGA PRIMARY SCHOOL
PS0506017,KIRUSHYA PRIMARY SCHOOL
PS0506120,KITITIZA PRIMARY SCHOOL
PS0506018,KUKAZURU PRIMARY SCHOOL
PS0506019,KUMUBUGA PRIMARY SCHOOL
PS0506020,KUMUGAMBA PRIMARY SCHOOL
PS0506089,KUMUNAZI PRIMARY SCHOOL
PS0506073,KUMUTANA PRIMARY SCHOOL
PS0506021,KUMUYANGE PRIMARY SCHOOL
PS0506080,KUMWENDO PRIMARY SCHOOL
PS0506092,KUMWUZUZA PRIMARY SCHOOL
PS0506022,MABAWE PRIMARY SCHOOL
PS0506124,MAKUGWA PRIMARY SCHOOL
PS0506023,MAYENZI PRIMARY SCHOOL
PS0506024,MBUBA PRIMARY SCHOOL
PS0506084,MIKORE PRIMARY SCHOOL
PS0506108,MUBINYANGE PRIMARY SCHOOL
PS0506025,MUBUHENGE PRIMARY SCHOOL
PS0506096,MUBWILINDE PRIMARY SCHOOL
PS0506026,MUGANZA PRIMARY SCHOOL
PS0506027,MUGASHA PRIMARY SCHOOL
PS0506028,MUGIKOMERO PRIMARY SCHOOL
PS0506029,MUGOMA PRIMARY SCHOOL
PS0506030,MUHWEZA PRIMARY SCHOOL
PS0506031,MUKAGUGO PRIMARY SCHOOL
PS0506032,MUKAREHE PRIMARY SCHOOL
PS0506033,MUKIBOGOYE PRIMARY SCHOOL
PS0506034,MUKIBUNGERE PRIMARY SCHOOL
PS0506104,MUKIDIDILI PRIMARY SCHOOL
PS0506035,MUKIREHE PRIMARY SCHOOL
PS0506097,MUKIVUMU PRIMARY SCHOOL
PS0506036,MUKUBU PRIMARY SCHOOL
PS0506037,MUMIRAMIRA PRIMARY SCHOOL
PS0506038,MUMITERAMA PRIMARY SCHOOL
PS0506074,MUMUHAMBA PRIMARY SCHOOL
PS0506039,MUNJEBWE PRIMARY SCHOOL
PS0506040,MURGWANZA PRIMARY SCHOOL
PS0506114,MURUGARAGARA PRIMARY SCHOOL
PS0506041,MURUGUNGA PRIMARY SCHOOL
PS0506042,MURUKAGATI PRIMARY SCHOOL
PS0506043,MURUKUKUMBO PRIMARY SCHOOL
PS0506044,MURUKULAZO PRIMARY SCHOOL
PS0506045,MURUSAGAMBA PRIMARY SCHOOL
PS0506046,MURUTABO PRIMARY SCHOOL
PS0506106,MUSAZA PRIMARY SCHOOL
PS0506047,MUYENZI PRIMARY SCHOOL
PS0506111,MWANGA PRIMARY SCHOOL
PS0506129,MWISENGA PRIMARY SCHOOL
PS0506117,MWIVUZA B PRIMARY SCHOOL
PS0506048,MWIVUZA PRIMARY SCHOOL
PS0506082,NAKATUNGA PRIMARY SCHOOL
PS0506107,NAPS PRIMARY SCHOOL
PS0506049,NGARA-MJINI PRIMARY SCHOOL
PS0506098,NGEZE PRIMARY SCHOOL
PS0506116,NGOMA PRIMARY SCHOOL
PS0506050,NGUNDUSI PRIMARY SCHOOL
PS0506091,NJIAPANDA PRIMARY SCHOOL
PS0506051,NTANGA PRIMARY SCHOOL
PS0506052,NTOBEYE PRIMARY SCHOOL
PS0506086,NTUKAMAZINA PRIMARY SCHOOL
PS0506053,NTUNGAMO PRIMARY SCHOOL
PS0506081,NYABIHANGA PRIMARY SCHOOL
PS0506054,NYABISINDU PRIMARY SCHOOL
PS0506133,NYAIHANGA PRIMARY SCHOOL
PS0506099,NYAKAFANDI PRIMARY SCHOOL
PS0506100,NYAKAHANGA PRIMARY SCHOOL
PS0506087,NYAKARIBA PRIMARY SCHOOL
PS0506056,NYAKIZIBA PRIMARY SCHOOL
PS0506055,NYAMAHWA PRIMARY SCHOOL
PS0506057,NYAMIAGA PRIMARY SCHOOL
PS0506132,NYAMIKONO PRIMARY SCHOOL
PS0506083,NYANKENDE PRIMARY SCHOOL
PS0506090,NYANZARI PRIMARY SCHOOL
PS0506105,NYARUKUBALA PRIMARY SCHOOL
PS0506058,NYARULAMA PRIMARY SCHOOL
PS0506059,NYARUSANGE PRIMARY SCHOOL
PS0506060,NZAZA PRIMARY SCHOOL
PS0506109,PRINCE PRIMARY SCHOOL
PS0506061,REMELA PRIMARY SCHOOL
PS0506093,RHEC PRIMARY SCHOOL
PS0506062,RUBANGA PRIMARY SCHOOL
PS0506119,RUGANZO B PRIMARY SCHOOL
PS0506064,RUGANZO PRIMARY SCHOOL
PS0506110,RUHUBA PRIMARY SCHOOL
PS0506063,RUKILA PRIMARY SCHOOL
PS0506065,RULAMA PRIMARY SCHOOL
PS0506066,RULENGE PRIMARY SCHOOL
PS0506101,RUSENGO PRIMARY SCHOOL
PS0506118,RUSUMO NEW VISION PRIMARY SCHOOL
PS0506069,RUSUMO PRIMARY SCHOOL
PS0506075,RUSUMO-MAGEREZA PRIMARY SCHOOL
PS0506067,RWIMBOGO PRIMARY SCHOOL
PS0506068,RWINYANA PRIMARY SCHOOL
PS0506070,SHANGA PRIMARY SCHOOL
PS0506123,ST. BONAVENTURE PRIMARY SCHOOL
PS0506121,WISDOM PRIMARY SCHOOL
PS0605001,ANGAZA PRIMARY SCHOOL
PS0605002,BIGARA PRIMARY SCHOOL
PS0605003,BIGINA PRIMARY SCHOOL
PS0605004,BIHARU PRIMARY SCHOOL
PS0605005,BUHIGWE PRIMARY SCHOOL
PS0605006,BUKUBA PRIMARY SCHOOL
PS0605007,BULAMBILA PRIMARY SCHOOL
PS0605008,BULIMANYI PRIMARY SCHOOL
PS0605094,BWAFUMBA PRIMARY SCHOOL
PS0605009,BWAWANI PRIMARY SCHOOL
PS0605010,BWERANKA PRIMARY SCHOOL
PS0605011,CHAGWE PRIMARY SCHOOL
PS0605012,GWIMBOGO PRIMARY SCHOOL
PS0605013,KABUYE PRIMARY SCHOOL
PS0605014,KAFENE PRIMARY SCHOOL
PS0605015,KAJANA PRIMARY SCHOOL
PS0605016,KALEGE PRIMARY SCHOOL
PS0605017,KAMANGA PRIMARY SCHOOL
PS0605018,KASUMO PRIMARY SCHOOL
PS0605019,KATUNDU PRIMARY SCHOOL
PS0605020,KAVOMO PRIMARY SCHOOL
PS0605021,KAVUMU PRIMARY SCHOOL
PS0605022,KAZAMWENDO PRIMARY SCHOOL
PS0605023,KIBANDE PRIMARY SCHOOL
PS0605024,KIBILA PRIMARY SCHOOL
PS0605095,KIBUYE PRIMARY SCHOOL
PS0605025,KIBWIGWA PRIMARY SCHOOL
PS0605026,KIGARAGA PRIMARY SCHOOL
PS0605027,KIGEGE PRIMARY SCHOOL
PS0605028,KIGOGWE PRIMARY SCHOOL
PS0605029,KIHANGALE PRIMARY SCHOOL
PS0605030,KILELEMA PRIMARY SCHOOL
PS0605031,KIMARA PRIMARY SCHOOL
PS0605032,KINAZI PRIMARY SCHOOL
PS0605033,KIRUNGU PRIMARY SCHOOL
PS0605034,KISHANGA PRIMARY SCHOOL
PS0605093,KISHIHA PRIMARY SCHOOL
PS0605035,KISOVU PRIMARY SCHOOL
PS0605036,KITAMBUKA PRIMARY SCHOOL
PS0605037,KITUNDA PRIMARY SCHOOL
PS0605038,KIYANGE PRIMARY SCHOOL
PS0605039,KUMSENGA PRIMARY SCHOOL
PS0605040,LEMBA PRIMARY SCHOOL
PS0605041,LULENGERA PRIMARY SCHOOL
PS0605042,MANYOVU PRIMARY SCHOOL
PS0605043,MAWASILIANO PRIMARY SCHOOL
PS0605044,MGOGO PRIMARY SCHOOL
PS0605045,MIGONGO PRIMARY SCHOOL
PS0605046,MILENDA PRIMARY SCHOOL
PS0605047,MKATANGA PRIMARY SCHOOL
PS0605048,MLANGILIZI PRIMARY SCHOOL
PS0605049,MUBANGA PRIMARY SCHOOL
PS0605050,MUGERA PRIMARY SCHOOL
PS0605051,MUHINDA PRIMARY SCHOOL
PS0605052,MULERA PRIMARY SCHOOL
PS0605053,MUNANILA PRIMARY SCHOOL
PS0605054,MUNYEGERA PRIMARY SCHOOL
PS0605055,MUNYIKA PRIMARY SCHOOL
PS0605056,MUNZEZE PRIMARY SCHOOL
PS0605057,MURUNGU PRIMARY SCHOOL
PS0605058,MURUNYENYI PRIMARY SCHOOL
PS0605059,MUSAGARA PRIMARY SCHOOL
PS0605060,MUVUMU PRIMARY SCHOOL
PS0605061,MUYAMA PRIMARY SCHOOL
PS0605062,MUYOVOZI PRIMARY SCHOOL
PS0605063,MWAYAYA PRIMARY SCHOOL
PS0605090,MWIBAMBA PRIMARY SCHOOL
PS0605064,NYABIGETE PRIMARY SCHOOL
PS0605065,NYAGUMA PRIMARY SCHOOL
PS0605066,NYAKIMUE PRIMARY SCHOOL
PS0605067,NYAMASOVU PRIMARY SCHOOL
PS0605068,NYAMIGUHA PRIMARY SCHOOL
PS0605069,NYAMIHANGA PRIMARY SCHOOL
PS0605070,NYAMIHINI PRIMARY SCHOOL
PS0605071,NYAMILAMBO PRIMARY SCHOOL
PS0605072,NYAMINKUNGA PRIMARY SCHOOL
PS0605073,NYAMTI PRIMARY SCHOOL
PS0605074,NYAMUGALI PRIMARY SCHOOL
PS0605075,NYAMWASHI PRIMARY SCHOOL
PS0605076,NYANGA PRIMARY SCHOOL
PS0605077,NYANGAMBA PRIMARY SCHOOL
PS0605078,NYANKORONKO PRIMARY SCHOOL
PS0605079,NYANZIGO PRIMARY SCHOOL
PS0605080,NYARUBINGO PRIMARY SCHOOL
PS0605081,NYARUBOZA PRIMARY SCHOOL
PS0605082,NYARUGANO PRIMARY SCHOOL
PS0605083,RUHUBA PRIMARY SCHOOL
PS0605084,RUSABA- 'A' PRIMARY SCHOOL
PS0605085,RUSABA- 'B' PRIMARY SCHOOL
PS0605086,RWICHE PRIMARY SCHOOL
PS0605087,SABUHENE PRIMARY SCHOOL
PS0605088,SONGAMBELE PRIMARY SCHOOL
PS0605089,TWING MEMORIAL PRIMARY SCHOOL
PS0606060,AGAPE  PRIMARY SCHOOL
PS0606001,BUKIRILO PRIMARY SCHOOL
PS0606067,BWERA PRIMARY SCHOOL
PS0606002,CHERABULO PRIMARY SCHOOL
PS0606003,CHILAMBO PRIMARY SCHOOL
PS0606004,CHURAZO PRIMARY SCHOOL
PS0606005,GWANUMPU PRIMARY SCHOOL
PS0606006,GWARAMA PRIMARY SCHOOL
PS0606007,ILABIRO PRIMARY SCHOOL
PS0606008,ILELA PRIMARY SCHOOL
PS0606009,ITUMBIKO PRIMARY SCHOOL
PS0606010,JUHUDI PRIMARY SCHOOL
PS0606011,KABARE PRIMARY SCHOOL
PS0606012,KABINGO PRIMARY SCHOOL
PS0606013,KAGONDO PRIMARY SCHOOL
PS0606014,KAKONKO PRIMARY SCHOOL
PS0606015,KALINZI PRIMARY SCHOOL
PS0606016,KANYAMANZA PRIMARY SCHOOL
PS0606017,KANYONZA PRIMARY SCHOOL
PS0606018,KASANDA PRIMARY SCHOOL
PS0606019,KASONGATI PRIMARY SCHOOL
PS0606020,KASUGA PRIMARY SCHOOL
PS0606021,KATAHOKWA PRIMARY SCHOOL
PS0606022,KATANGA PRIMARY SCHOOL
PS0606064,KAVUNGWE PRIMARY SCHOOL
PS0606023,KAZILAMIHUNDA PRIMARY SCHOOL
PS0606024,KEZA PRIMARY SCHOOL
PS0606058,KICHACHA PRIMARY SCHOOL
PS0606025,KIDUDUYE PRIMARY SCHOOL
PS0606026,KIGA PRIMARY SCHOOL
PS0606027,KIGARAMA PRIMARY SCHOOL
PS0606028,KIHOGAZI PRIMARY SCHOOL
PS0606059,KIHOMOKA PRIMARY SCHOOL
PS0606029,KINIHA PRIMARY SCHOOL
PS0606030,KINONKO PRIMARY SCHOOL
PS0606031,KINYINYA PRIMARY SCHOOL
PS0606032,KIVURUGA PRIMARY SCHOOL
PS0606033,KIYOBERA PRIMARY SCHOOL
PS0606068,KUMKOBE PRIMARY SCHOOL
PS0606034,KUMUHUNGA PRIMARY SCHOOL
PS0606035,LUHURU PRIMARY SCHOOL
PS0606036,MAENDELEO PRIMARY SCHOOL
PS0606037,MALENGA PRIMARY SCHOOL
PS0606038,MARUMBA PRIMARY SCHOOL
PS0606061,MSASA PRIMARY SCHOOL
PS0606039,MUGANZA PRIMARY SCHOOL
PS0606040,MUGUNZU PRIMARY SCHOOL
PS0606041,MUHANGE PRIMARY SCHOOL
PS0606042,NARUBURA PRIMARY SCHOOL
PS0606043,NGOMERO PRIMARY SCHOOL
PS0606044,NJOOMLOLE PRIMARY SCHOOL
PS0606045,NYABIBUYE PRIMARY SCHOOL
PS0606065,NYAKAVYIRU PRIMARY SCHOOL
PS0606046,NYAKAYENZI PRIMARY SCHOOL
PS0606047,NYAKIYOBE PRIMARY SCHOOL
PS0606048,NYAMIYAGA PRIMARY SCHOOL
PS0606049,NYAMTUKUZA PRIMARY SCHOOL
PS0606062,NYAMWIRONGE PRIMARY SCHOOL
PS0606050,NYANENGE PRIMARY SCHOOL
PS0606051,NYANZIGE PRIMARY SCHOOL
PS0606069,NYANZUKI PRIMARY SCHOOL
PS0606052,NYESATO PRIMARY SCHOOL
PS0606053,RUGENGE PRIMARY SCHOOL
PS0606054,RUMASHI PRIMARY SCHOOL
PS0606055,RUSENGA PRIMARY SCHOOL
PS0606063,RUTENGA PRIMARY SCHOOL
PS0606056,SHUHUDIA PRIMARY SCHOOL
PS0606057,TUMAINI PRIMARY SCHOOL
PS0601001,ASANTE NYERERE PRIMARY SCHOOL
PS0601002,BOMBWE PRIMARY SCHOOL
PS0601003,BUCHUMA PRIMARY SCHOOL
PS0601004,BUGAGA PRIMARY SCHOOL
PS0601005,BUHORO PRIMARY SCHOOL
PS0601006,BULUHUKILO PRIMARY SCHOOL
PS0601007,CHEKENYA PRIMARY SCHOOL
PS0601008,HERU USHINGO PRIMARY SCHOOL
PS0601009,IMANGA PRIMARY SCHOOL
PS0601010,KABULANZWILI PRIMARY SCHOOL
PS0601083,KACHELI PRIMARY SCHOOL
PS0601081,KAGEGE PRIMARY SCHOOL
PS0601011,KAGERA PRIMARY SCHOOL
PS0601012,KAGURUKA PRIMARY SCHOOL
PS0601013,KAKIRUNGU PRIMARY SCHOOL
PS0601014,KAKUNGWE PRIMARY SCHOOL
PS0601015,KALELA PRIMARY SCHOOL
PS0601016,KAMEMBE PRIMARY SCHOOL
PS0601017,KASANGEZI PRIMARY SCHOOL
PS0601079,KASASA PRIMARY SCHOOL
PS0601018,KATOTO PRIMARY SCHOOL
PS0601085,KAZAGE PRIMARY SCHOOL
PS0601019,KIBILIZI PRIMARY SCHOOL
PS0601020,KIGADYE PRIMARY SCHOOL
PS0601021,KIGEMBE PRIMARY SCHOOL
PS0601022,KISUMA PRIMARY SCHOOL
PS0601023,KITAGATA PRIMARY SCHOOL
PS0601024,KITANGA PRIMARY SCHOOL
PS0601025,KITEMA PRIMARY SCHOOL
PS0601026,KITIBITIBI PRIMARY SCHOOL
PS0601027,KIYUNGWE PRIMARY SCHOOL
PS0601028,KUMKAMBATI PRIMARY SCHOOL
PS0601029,KUMLAMA PRIMARY SCHOOL
PS0601078,KUMTUNDU PRIMARY SCHOOL
PS0601030,KUNDE PRIMARY SCHOOL
PS0601031,KURUGONGO PRIMARY SCHOOL
PS0601032,KWAGA PRIMARY SCHOOL
PS0601082,KWILIBA PRIMARY SCHOOL
PS0601033,LALAMBE PRIMARY SCHOOL
PS0601034,MAKERE PRIMARY SCHOOL
PS0601035,MAKINGI PRIMARY SCHOOL
PS0601036,MALALO PRIMARY SCHOOL
PS0601037,MIGUNGA PRIMARY SCHOOL
PS0601080,MKUYUNI PRIMARY SCHOOL
PS0601038,MLOLE PRIMARY SCHOOL
PS0601039,MUGOMBE PRIMARY SCHOOL
PS0601076,MUHANGA PRIMARY SCHOOL
PS0601040,MURUBANGA PRIMARY SCHOOL
PS0601041,MUTALA PRIMARY SCHOOL
PS0601042,MUUNGANO PRIMARY SCHOOL
PS0601044,MUZYE PRIMARY SCHOOL
PS0601043,MVINZA PRIMARY SCHOOL
PS0601045,MVUGWE PRIMARY SCHOOL
PS0601046,MWALI PRIMARY SCHOOL
PS0601087,MWITIRI PRIMARY SCHOOL
PS0601047,NGAGE PRIMARY SCHOOL
PS0601048,NKUNDUTSI PRIMARY SCHOOL
PS0601049,NYABWERU PRIMARY SCHOOL
PS0601050,NYACHENDA PRIMARY SCHOOL
PS0601051,NYAKASANDA PRIMARY SCHOOL
PS0601052,NYAKATOKE PRIMARY SCHOOL
PS0601053,NYAKAYAGA PRIMARY SCHOOL
PS0601054,NYAKELELA PRIMARY SCHOOL
PS0601055,NYAKITONTO PRIMARY SCHOOL
PS0601056,NYAMGONGO PRIMARY SCHOOL
PS0601057,NYAMIDAHO PRIMARY SCHOOL
PS0601058,NYAMIYAGA PRIMARY SCHOOL
PS0601059,NYAMNYUSI PRIMARY SCHOOL
PS0601060,NYAMUGANZA PRIMARY SCHOOL
PS0601077,NYANKALA PRIMARY SCHOOL
PS0601061,NYANKOLE PRIMARY SCHOOL
PS0601062,NYANYUKA PRIMARY SCHOOL
PS0601063,NYANZAZA PRIMARY SCHOOL
PS0601064,NYARUGUSU PRIMARY SCHOOL
PS0601065,NYARUHANDE PRIMARY SCHOOL
PS0601066,NYENGE PRIMARY SCHOOL
PS0601067,NYUMBWE PRIMARY SCHOOL
PS0601084,RUGUFU RELINI PRIMARY SCHOOL
PS0601068,RUNGWE MPYA PRIMARY SCHOOL
PS0601069,RUSESA PRIMARY SCHOOL
PS0601070,SABAGA PRIMARY SCHOOL
PS0601071,SHUNGA PRIMARY SCHOOL
PS0601072,SHUNGULIBA PRIMARY SCHOOL
PS0601073,SOGEENI PRIMARY SCHOOL
PS0601088,SONGAMBELE PRIMARY SCHOOL
PS0601074,TITYE PRIMARY SCHOOL
PS0601075,ZEZE PRIMARY SCHOOL
PS0608073,BAJANA PRIMARY SCHOOL
PS0608001,BOGWE PRIMARY SCHOOL
PS0608002,BUHA PRIMARY SCHOOL
PS0608003,BWAMI PRIMARY SCHOOL
PS0608004,BWEZANGELE PRIMARY SCHOOL
PS0608005,GAHIMA PRIMARY SCHOOL
PS0608006,HEKIMA PRIMARY SCHOOL
PS0608007,HERU JUU PRIMARY SCHOOL
PS0608008,JUHUDI PRIMARY SCHOOL
PS0608063,JUNGA PRIMARY SCHOOL
PS0608009,KABANGA MAZOEZI PRIMARY SCHOOL
PS0608010,KACHONGE PRIMARY SCHOOL
PS0608011,KALEMA PRIMARY SCHOOL
PS0608065,KALINONE PRIMARY SCHOOL
PS0608012,KANAZI PRIMARY SCHOOL
PS0608013,KARUNGA PRIMARY SCHOOL
PS0608014,KASULU PRIMARY SCHOOL
PS0608015,KASYENENE PRIMARY SCHOOL
PS0608016,KATWALO PRIMARY SCHOOL
PS0608017,KIBAGWE PRIMARY SCHOOL
PS0608018,KIDYAMA PRIMARY SCHOOL
PS0608019,KIGANAMO PRIMARY SCHOOL
PS0608020,KIGONDO PRIMARY SCHOOL
PS0608021,KIGULE PRIMARY SCHOOL
PS0608069,KILOMBERO PRIMARY SCHOOL
PS0608022,KIMOBWA PRIMARY SCHOOL
PS0608023,KISITO PRIMARY SCHOOL
PS0608024,KUMKATA PRIMARY SCHOOL
PS0608025,LUGOYI PRIMARY SCHOOL
PS0608026,MALEMBO PRIMARY SCHOOL
PS0608027,MARUMBA PRIMARY SCHOOL
PS0608067,MKOMBOZI  PRIMARY SCHOOL
PS0608028,MLIMANI PRIMARY SCHOOL
PS0608029,MSAMBARA PRIMARY SCHOOL
PS0608030,MSIVYI PRIMARY SCHOOL
PS0608031,MTONDO PRIMARY SCHOOL
PS0608032,MUDYANDA PRIMARY SCHOOL
PS0608033,MUGANDAZI PRIMARY SCHOOL
PS0608034,MUGANZA PRIMARY SCHOOL
PS0608035,MUHUNGA PRIMARY SCHOOL
PS0608079,MUMNYIKA PRIMARY SCHOOL
PS0608036,MURUBONA PRIMARY SCHOOL
PS0608037,MURUFITI PRIMARY SCHOOL
PS0608064,MURUSI PRIMARY SCHOOL
PS0608075,MURUSI PRIMARY SCHOOL
PS0608038,MWANGA B PRIMARY SCHOOL
PS0608039,MWENDA PRIMARY SCHOOL
PS0608040,MWENGE PRIMARY SCHOOL
PS0608041,MWIBUYE PRIMARY SCHOOL
PS0608042,MWILAMVYA NURSERY AND PRIMARY SCHOOL
PS0608043,MWILAMVYA PRIMARY SCHOOL
PS0608074,NDALICHAKO PRIMARY SCHOOL
PS0608044,NTALE PRIMARY SCHOOL
PS0608045,NYABUYANGE PRIMARY SCHOOL
PS0608046,NYAKABONDO PRIMARY SCHOOL
PS0608047,NYAMAGUBWE PRIMARY SCHOOL
PS0608048,NYANDURA PRIMARY SCHOOL
PS0608049,NYANGWA PRE SND PRIMARY SCHOOL
PS0608050,NYANKUNGWE  PRIMARY SCHOOL
PS0608051,NYANSHA PRIMARY SCHOOL
PS0608052,NYANTARE PRIMARY SCHOOL
PS0608053,NYARUMANGA PRIMARY SCHOOL
PS0608054,NYUMBIGWA PRIMARY SCHOOL
PS0608055,RUCHUGI PRIMARY SCHOOL
PS0608056,RUHITA PRIMARY SCHOOL
PS0608057,SUNZU PRIMARY SCHOOL
PS0608058,TULASHASHE PRIMARY SCHOOL
PS0608059,TULIENI PRIMARY SCHOOL
PS0608060,TUMAINI PRIMARY SCHOOL
PS0608061,UHURU PRIMARY SCHOOL
PS0608062,UMOJA PRIMARY SCHOOL
PS0608070,WISDOM PRIMARY SCHOOL
PS0602001,BAVUNJA PRIMARY SCHOOL
PS0602002,BITARE PRIMARY SCHOOL
PS0602003,BITURANA PRIMARY SCHOOL
PS0602004,BOMA PRIMARY SCHOOL
PS0602005,BUNYAMBO PRIMARY SCHOOL
PS0602006,BUSAGARA PRIMARY SCHOOL
PS0602007,BUSUNZU 'A' PRIMARY SCHOOL
PS0602008,BUSUNZU 'B' PRIMARY SCHOOL
PS0602089,HOPE TRIUMPH PRIMARY SCHOOL
PS0602009,ITABA PRIMARY SCHOOL
PS0602010,KABWIGWA PRIMARY SCHOOL
PS0602011,KAGEYO PRIMARY SCHOOL
PS0602012,KAGEZI PRIMARY SCHOOL
PS0602013,KAHAMA PRIMARY SCHOOL
PS0602014,KAHARAWE PRIMARY SCHOOL
PS0602015,KANYAMAHELA PRIMARY SCHOOL
PS0602016,KANYINYA PRIMARY SCHOOL
PS0602017,KASAKA PRIMARY SCHOOL
PS0602018,KASANA PRIMARY SCHOOL
PS0602019,KASEBUZI PRIMARY SCHOOL
PS0602020,KATELELA PRIMARY SCHOOL
PS0602021,KAYEMBA PRIMARY SCHOOL
PS0602022,KIBINGO PRIMARY SCHOOL
PS0602023,KIBONDO PRIMARY SCHOOL
PS0602024,KIBUYE PRIMARY SCHOOL
PS0602025,KICHANANGA PRIMARY SCHOOL
PS0602026,KIFURA PRIMARY SCHOOL
PS0602027,KIGAGA PRIMARY SCHOOL
PS0602028,KIGENDEKA PRIMARY SCHOOL
PS0602029,KIGINA PRIMARY SCHOOL
PS0602030,KIGOGO PRIMARY SCHOOL
PS0602031,KILEMBA PRIMARY SCHOOL
PS0602032,KISOGWE PRIMARY SCHOOL
PS0602085,KITELAMA PRIMARY SCHOOL
PS0602033,KIZAZI PRIMARY SCHOOL
PS0602086,KUKINAMA PRIMARY SCHOOL
PS0602034,KUMBANGA PRIMARY SCHOOL
PS0602035,KUMHAMA PRIMARY SCHOOL
PS0602036,KUMKUGWA PRIMARY SCHOOL
PS0602037,KUMKUYU PRIMARY SCHOOL
PS0602038,KUMNAZI PRIMARY SCHOOL
PS0602039,KUMSENGA PRIMARY SCHOOL
PS0602040,KUMSHINDWI PRIMARY SCHOOL
PS0602042,KUMUHASHA PRIMARY SCHOOL
PS0602043,KUMWAMBU PRIMARY SCHOOL
PS0602044,KWIZERA PRIMARY SCHOOL
PS0602045,LUKAYA PRIMARY SCHOOL
PS0602046,MABAMBA PRIMARY SCHOOL
PS0602047,MAGARAMA PRIMARY SCHOOL
PS0602094,MAHAHA PRIMARY SCHOOL
PS0602048,MAJENGO PRIMARY SCHOOL
PS0602084,MALOREGWA PRIMARY SCHOOL
PS0602049,MAPINDUZI PRIMARY SCHOOL
PS0602050,MGAZIMMOJA PRIMARY SCHOOL
PS0602051,MIKONKO PRIMARY SCHOOL
PS0602052,MINYINYA PRIMARY SCHOOL
PS0602053,MOYOWOSI PRIMARY SCHOOL
PS0602054,MUKABUYE PRIMARY SCHOOL
PS0602055,MUKARAZ I PRIMARY SCHOOL
PS0602056,MULANGE PRIMARY SCHOOL
PS0602057,MUSHENYI PRIMARY SCHOOL
PS0602058,MUYAGA PRIMARY SCHOOL
PS0602059,NABUHIMA PRIMARY SCHOOL
PS0602060,NENGO PRIMARY SCHOOL
PS0602061,NTOYOYO PRIMARY SCHOOL
PS0602062,NYABITAKA PRIMARY SCHOOL
PS0602063,NYAKABOZ I PRIMARY SCHOOL
PS0602064,NYAKASANDA PRIMARY SCHOOL
PS0602065,NYAKILENDA PRIMARY SCHOOL
PS0602087,NYAMILEMBI PRIMARY SCHOOL
PS0602066,NYAMPENGERE PRIMARY SCHOOL
PS0602067,NYAMUGURUMA PRIMARY SCHOOL
PS0602068,NYANGE PRIMARY SCHOOL
PS0602093,NYANKWI PRIMARY SCHOOL
PS0602069,NYARUBOGO PRIMARY SCHOOL
PS0602070,NYARUGUNGA PRIMARY SCHOOL
PS0602091,NYARUHAZA PRIMARY SCHOOL
PS0602071,NYARULANGA PRIMARY SCHOOL
PS0602072,NYARUYOBA 'A' PRIMARY SCHOOL
PS0602073,NYARUYOBA 'B PRIMARY SCHOOL
PS0602092,NYATSE PRIMARY SCHOOL
PS0602074,NYAVYUMBU PRIMARY SCHOOL
PS0602075,RUBANGA PRIMARY SCHOOL
PS0602076,RUBIRIZI PRIMARY SCHOOL
PS0602077,RUGONGWE PRIMARY SCHOOL
PS0602078,RUGUNGA PRIMARY SCHOOL
PS0602079,RUSOHOKO PRIMARY SCHOOL
PS0602083,SAMVURA PRIMARY SCHOOL
PS0602080,SHUNGA PRIMARY SCHOOL
PS0602095,ST. MONICA PRIMARY SCHOOL
PS0602081,TWABAGONDOZI PRIMARY SCHOOL
PS0602082,UHURU PRIMARY SCHOOL
PS0603108,ALPHA ADVENTIST SCHOOL PRIMARY SCHOOL
PS0603001,AMANI PRIMARY SCHOOL
PS0603002,BIGABIRO PRIMARY SCHOOL
PS0603003,BIGERE PRIMARY SCHOOL
PS0603110,BITALE MAALUM PRIMARY SCHOOL
PS0603004,BITALE PRIMARY SCHOOL
PS0603090,BONDO PRIMARY SCHOOL
PS0603106,BRIGHT STAR PRIMARY SCHOOL
PS0603005,BUBANGO PRIMARY SCHOOL
PS0603006,BUGAMBA PRIMARY SCHOOL
PS0603007,BUGUGO PRIMARY SCHOOL
PS0603008,BUGUMBA PRIMARY SCHOOL
PS0603115,BUHAGARA PRIMARY SCHOOL
PS0603091,BULOMBORA PRIMARY SCHOOL
PS0603009,BUMBA PRIMARY SCHOOL
PS0603010,BWERU PRIMARY SCHOOL
PS0603011,CHANKABWIMBA PRIMARY SCHOOL
PS0603012,CHANKELE PRIMARY SCHOOL
PS0603013,GOMBE PRIMARY SCHOOL
PS0603102,GWAMANGA PRIMARY SCHOOL
PS0603014,JUHUDI PRIMARY SCHOOL
PS0603015,KABANGA PRIMARY SCHOOL
PS0603016,KAGINA PRIMARY SCHOOL
PS0603017,KAGONGO PRIMARY SCHOOL
PS0603018,KAGUNGA PRIMARY SCHOOL
PS0603019,KALALANGABO PRIMARY SCHOOL
PS0603020,KALINZI PRIMARY SCHOOL
PS0603021,KAMARA PRIMARY SCHOOL
PS0603092,KANGONA PRIMARY SCHOOL
PS0603022,KARUME PRIMARY SCHOOL
PS0603023,KASABA PRIMARY SCHOOL
PS0603105,KASAKA PRIMARY SCHOOL
PS0603093,KASANGE PRIMARY SCHOOL
PS0603094,KASEKE PRIMARY SCHOOL
PS0603095,KASUKU PRIMARY SCHOOL
PS0603024,KIDAHWE PRIMARY SCHOOL
PS0603025,KIGALYE PRIMARY SCHOOL
PS0603026,KIGANZA PRIMARY SCHOOL
PS0603104,KILEMBA PRIMARY SCHOOL
PS0603027,KILEMBELA PRIMARY SCHOOL
PS0603028,KILIMANI PRIMARY SCHOOL
PS0603096,KIMBWELA PRIMARY SCHOOL
PS0603029,KIRASA PRIMARY SCHOOL
PS0603030,KISITWE PRIMARY SCHOOL
PS0603031,KISOZI PRIMARY SCHOOL
PS0603032,KITELAMA PRIMARY SCHOOL
PS0603033,KIYENGA PRIMARY SCHOOL
PS0603034,KIZENGA PRIMARY SCHOOL
PS0603035,KIZIBA PRIMARY SCHOOL
PS0603036,KWITANGA PRIMARY SCHOOL
PS0603111,LAKE TANGANYIKA PRIMARY SCHOOL
PS0603037,LEGEZA PRIMARY SCHOOL
PS0603097,LUICHE PRIMARY SCHOOL
PS0603038,MAHEMBE PRIMARY SCHOOL
PS0603039,MAKOMBE PRIMARY SCHOOL
PS0603040,MARA PRIMARY SCHOOL
PS0603041,MATENDO PRIMARY SCHOOL
PS0603042,MATUMAINI PRIMARY SCHOOL
PS0603043,MATYAZO PRIMARY SCHOOL
PS0603044,MAYANGE PRIMARY SCHOOL
PS0603045,MGARAGANZA PRIMARY SCHOOL
PS0603046,MGEGE PRIMARY SCHOOL
PS0603047,MGOGO PRIMARY SCHOOL
PS0603048,MISEMELE PRIMARY SCHOOL
PS0603049,MKABOGO PRIMARY SCHOOL
PS0603050,MKAPA PRIMARY SCHOOL
PS0603051,MKONGORO PRIMARY SCHOOL
PS0603052,MLAMA PRIMARY SCHOOL
PS0603053,MLATI PRIMARY SCHOOL
PS0603054,MLIMANI PRIMARY SCHOOL
PS0603055,MSHENYI PRIMARY SCHOOL
PS0603056,MSHIKAMANO PRIMARY SCHOOL
PS0603057,MSIMBA PRIMARY SCHOOL
PS0603058,MTANGA PRIMARY SCHOOL
PS0603059,MTARA PRIMARY SCHOOL
PS0603098,MUHAMANI PRIMARY SCHOOL
PS0603060,MUKIGO PRIMARY SCHOOL
PS0603061,MUNGONYA PRIMARY SCHOOL
PS0603062,MWAMGONGO PRIMARY SCHOOL
PS0603099,MWAMKO PRIMARY SCHOOL
PS0603063,MWANDIGA PRIMARY SCHOOL
PS0603064,MWITANGA PRIMARY SCHOOL
PS0603107,NDAMEZE PRIMARY SCHOOL
PS0603065,NGONYA PRIMARY SCHOOL
PS0603066,NKEMA PRIMARY SCHOOL
PS0603067,NKUNGWE PRIMARY SCHOOL
PS0603068,NYABIGINA PRIMARY SCHOOL
PS0603069,NYABUSHO PRIMARY SCHOOL
PS0603070,NYAKAYAGA PRIMARY SCHOOL
PS0603071,NYAMAGANA PRIMARY SCHOOL
PS0603073,NYAMIRAMBO PRIMARY SCHOOL
PS0603100,NYAMOLI PRIMARY SCHOOL
PS0603074,NYAMPEMBA PRIMARY SCHOOL
PS0603072,NYAMUHOZA PRIMARY SCHOOL
PS0603075,NYANGOVA PRIMARY SCHOOL
PS0603076,NYANGWE PRIMARY SCHOOL
PS0603109,NYANTOLE PRIMARY SCHOOL
PS0603077,NYARUBANDA PRIMARY SCHOOL
PS0603078,NYERERE PRIMARY SCHOOL
PS0603079,NYETE PRIMARY SCHOOL
PS0603080,PAMILA PRIMARY SCHOOL
PS0603081,RUGOMELO PRIMARY SCHOOL
PS0603082,RUHOBE PRIMARY SCHOOL
PS0603083,RUSHA PRIMARY SCHOOL
PS0603084,RUSIMBI PRIMARY SCHOOL
PS0603085,SAMILO PRIMARY SCHOOL
PS0603086,SAMWA PRIMARY SCHOOL
PS0603101,SIMBO PRIMARY SCHOOL
PS0603087,SOKOINE PRIMARY SCHOOL
PS0603088,UKOMBOZI PRIMARY SCHOOL
PS0603089,ZASHE PRIMARY SCHOOL
PS0604043,AIRPORT PRIMARY SCHOOL
PS0604001,AZIMIO PRIMARY SCHOOL
PS0604002,BANGWE PRIMARY SCHOOL
PS0604041,BENJAMINI MKAPA PRIMARY SCHOOL
PS0604056,BISHOP MLOLA PRIMARY SCHOOL
PS0604029,BUREGA PRIMARY SCHOOL
PS0604003,BURONGE PRIMARY SCHOOL
PS0604044,BUSHABANI PRIMARY SCHOOL
PS0604004,BUSINDE PRIMARY SCHOOL
PS0604045,BUTUNGA PRIMARY SCHOOL
PS0604005,BUZEBAZEBA PRIMARY SCHOOL
PS0604054,CAMBRIDGESHIRE PRIMARY SCHOOL
PS0604033,CARMEL CONVENT PRIMARY SCHOOL
PS0604006,GUNGU PRIMARY SCHOOL
PS0604051,HOPE OF THE NATIONS PRIMARY SCHOOL
PS0604030,KABINGO PRIMARY SCHOOL
PS0604007,KAGERA PRIMARY SCHOOL
PS0604031,KAHABWA PRIMARY SCHOOL
PS0604025,KAMBARAGE PRIMARY SCHOOL
PS0604008,KARUTA PRIMARY SCHOOL
PS0604009,KATUBUKA PRIMARY SCHOOL
PS0604010,KIBIRIZI PRIMARY SCHOOL
PS0604017,KICHANGACHUI PRIMARY SCHOOL
PS0604011,KIEZYA PRIMARY SCHOOL
PS0604012,KIGOMA PRIMARY SCHOOL
PS0604049,KIHEBA PRIMARY SCHOOL
PS0604022,KIKUNGU PRIMARY SCHOOL
PS0604037,KILIMAHEWA PRIMARY SCHOOL
PS0604013,KIPAMPA PRIMARY SCHOOL
PS0604020,KITONGONI PRIMARY SCHOOL
PS0604026,LAKE-TANGANYIKA PRIMARY SCHOOL
PS0604021,LIVINGSTONE PRIMARY SCHOOL
PS0604038,MAJENGO PRIMARY SCHOOL
PS0604039,MAMBO PRIMARY SCHOOL
PS0604055,MANARAH PRIMARY SCHOOL
PS0604023,MBANO PRIMARY SCHOOL
PS0604046,MGUMILE PRIMARY SCHOOL
PS0604058,MGUNGA PRIMARY SCHOOL
PS0604048,MJIMWEMA PRIMARY SCHOOL
PS0604018,MLOLE PRIMARY SCHOOL
PS0604032,MNARANI PRIMARY SCHOOL
PS0604047,MSINGENI PRIMARY SCHOOL
PS0604014,MUUNGANO PRIMARY SCHOOL
PS0604019,MWANGA PRIMARY SCHOOL
PS0604035,MWASENGA PRIMARY SCHOOL
PS0604024,MWENGE PRIMARY SCHOOL
PS0604059,RASINI PRIMARY SCHOOL
PS0604040,RUBUGA PRIMARY SCHOOL
PS0604027,RUSIMBI PRIMARY SCHOOL
PS0604042,RUTALE PRIMARY SCHOOL
PS0604052,SAUD AL AUJAN PRIMARY SCHOOL
PS0604036,SHABBIR PRIMARY SCHOOL
PS0604028,UHURU PRIMARY SCHOOL
PS0604015,UJIJI PRIMARY SCHOOL
PS0607001,AIRPORT PRIMARY SCHOOL
PS0607002,ANZARANI PRIMARY SCHOOL
PS0607003,AZIMIO PRIMARY SCHOOL
PS0607004,BASANZA PRIMARY SCHOOL
PS0607005,BUHINGU PRIMARY SCHOOL
PS0607006,BULANGAMILA PRIMARY SCHOOL
PS0607007,BUZE PRIMARY SCHOOL
PS0607008,BWAWANI PRIMARY SCHOOL
PS0607009,CHAGU PRIMARY SCHOOL
PS0607010,CHAKULU PRIMARY SCHOOL
PS0607011,CHEMCHEMI PRIMARY SCHOOL
PS0607142,CHUMVI UVINZA PRIMARY SCHOOL
PS0607118,DE PAUL PRIMARY SCHOOL
PS0607129,GEZAULOLE PRIMARY SCHOOL
PS0607012,HEREMBE PRIMARY SCHOOL
PS0607013,HUMULE PRIMARY SCHOOL
PS0607014,IGALULA PRIMARY SCHOOL
PS0607015,IKUBULU PRIMARY SCHOOL
PS0607016,ILAGALA PRIMARY SCHOOL
PS0607017,ILALANGURU PRIMARY SCHOOL
PS0607134,ILUNDE PRIMARY SCHOOL
PS0607018,ITEBULA PRIMARY SCHOOL
PS0607140,JUHUDI - MGANZA PRIMARY SCHOOL
PS0607019,KABEBA PRIMARY SCHOOL
PS0607020,KABUYANGE PRIMARY SCHOOL
PS0607021,KACHILINGULO PRIMARY SCHOOL
PS0607022,KAGURUKA PRIMARY SCHOOL
PS0607023,KAGWILA PRIMARY SCHOOL
PS0607024,KAHWIBILI PRIMARY SCHOOL
PS0607025,KAJEJE 'A' PRIMARY SCHOOL
PS0607026,KAJEJE 'B' PRIMARY SCHOOL
PS0607027,KALENGE PRIMARY SCHOOL
PS0607028,KALILANI PRIMARY SCHOOL
PS0607029,KALYA PRIMARY SCHOOL
PS0607030,KAMCHELE PRIMARY SCHOOL
PS0607031,KAMIGUNGA PRIMARY SCHOOL
PS0607034,KAMIYOVU PRIMARY SCHOOL
PS0607032,KAMPANDE PRIMARY SCHOOL
PS0607033,KAMPISA PRIMARY SCHOOL
PS0607035,KANDAGA PRIMARY SCHOOL
PS0607036,KANGWENA PRIMARY SCHOOL
PS0607037,KANYASE PRIMARY SCHOOL
PS0607038,KANYWANGILI PRIMARY SCHOOL
PS0607039,KAPALAMSENGA PRIMARY SCHOOL
PS0607040,KAPEMBE PRIMARY SCHOOL
PS0607041,KARAGO PRIMARY SCHOOL
PS0607042,KASHAGULU PRIMARY SCHOOL
PS0607043,KASISI PRIMARY SCHOOL
PS0607044,KATARAGUZA PRIMARY SCHOOL
PS0607045,KATETE 'A' PRIMARY SCHOOL
PS0607046,KATETE 'B' PRIMARY SCHOOL
PS0607047,KATUMBI PRIMARY SCHOOL
PS0607139,KAZAROHO PRIMARY SCHOOL
PS0607048,KAZURAMIMBA PRIMARY SCHOOL
PS0607049,KILIMAHEWA PRIMARY SCHOOL
PS0607050,KIRANDO PRIMARY SCHOOL
PS0607051,LAGOSA PRIMARY SCHOOL
PS0607052,LUBALISI PRIMARY SCHOOL
PS0607053,LUFUBU PRIMARY SCHOOL
PS0607054,LUGONGO PRIMARY SCHOOL
PS0607055,LUGONGONI 'A' PRIMARY SCHOOL
PS0607056,LUGONGONI 'B' PRIMARY SCHOOL
PS0607123,LUGUFU II PRIMARY SCHOOL
PS0607119,LUGUFU PRIMARY SCHOOL
PS0607057,LULENGELULE PRIMARY SCHOOL
PS0607058,LYABUSENDE PRIMARY SCHOOL
PS0607132,MABANINI PRIMARY SCHOOL
PS0607059,MACHAZO PRIMARY SCHOOL
PS0607060,MAENDELEO PRIMARY SCHOOL
PS0607141,MAHALE PRIMARY SCHOOL
PS0607061,MAHANGA PRIMARY SCHOOL
PS0607062,MAJENGO PRIMARY SCHOOL
PS0607063,MALAGARASI PRIMARY SCHOOL
PS0607064,MALAGARASI RELINI PRIMARY SCHOOL
PS0607121,MAMBWE PRIMARY SCHOOL
PS0607065,MANDELA PRIMARY SCHOOL
PS0607066,MAPINDUZI PRIMARY SCHOOL
PS0607124,MAWASILIANO PRIMARY SCHOOL
PS0607067,MAZUNGWE PRIMARY SCHOOL
PS0607068,MGAMBAZI PRIMARY SCHOOL
PS0607069,MGAMBO PRIMARY SCHOOL
PS0607070,MGANZA PRIMARY SCHOOL
PS0607071,MIEMBENI PRIMARY SCHOOL
PS0607072,MIKAMBA PRIMARY SCHOOL
PS0607073,MKANGA PRIMARY SCHOOL
PS0607138,MKOMBOZI PRIMARY SCHOOL
PS0607074,MKUYU PRIMARY SCHOOL
PS0607075,MLELA PRIMARY SCHOOL
PS0607133,MLINDA PRIMARY SCHOOL
PS0607076,MPAMPA PRIMARY SCHOOL
PS0607077,MPETA PRIMARY SCHOOL
PS0607078,MSEBEI PRIMARY SCHOOL
PS0607079,MSIHEZI PRIMARY SCHOOL
PS0607080,MSIMBAZI PRIMARY SCHOOL
PS0607081,MTEGOWANOTI PRIMARY SCHOOL
PS0607122,MULUBANGA PRIMARY SCHOOL
PS0607082,MUMBARA PRIMARY SCHOOL
PS0607083,MUUNGANO PRIMARY SCHOOL
PS0607084,MUYOBOZI PRIMARY SCHOOL
PS0607085,MWAKIZEGA PRIMARY SCHOOL
PS0607086,MWAMILA PRIMARY SCHOOL
PS0607087,MWANGAZA PRIMARY SCHOOL
PS0607136,MWASHA PRIMARY SCHOOL
PS0607128,MWENGE PRIMARY SCHOOL
PS0607088,NDEKA PRIMARY SCHOOL
PS0607089,NGURUKA PRIMARY SCHOOL
PS0607090,NKONKWA PRIMARY SCHOOL
PS0607131,NTEME PRIMARY SCHOOL
PS0607091,NYAMBUTWE PRIMARY SCHOOL
PS0607092,NYAMGENI PRIMARY SCHOOL
PS0607093,NYANGABO PRIMARY SCHOOL
PS0607094,NYANGANGA PRIMARY SCHOOL
PS0607095,NYANSIMBI PRIMARY SCHOOL
PS0607096,RABA PRIMARY SCHOOL
PS0607097,RELIMPYA PRIMARY SCHOOL
PS0607098,RUBONA PRIMARY SCHOOL
PS0607099,RUKOMA PRIMARY SCHOOL
PS0607100,RULINGA PRIMARY SCHOOL
PS0607135,RUSUNU PRIMARY SCHOOL
PS0607101,SABASABA PRIMARY SCHOOL
PS0607102,SAGARA PRIMARY SCHOOL
PS0607103,SAMBALA PRIMARY SCHOOL
PS0607126,SHEKESHE PRIMARY SCHOOL
PS0607104,SIBWESA PRIMARY SCHOOL
PS0607105,SIGUNGA PRIMARY SCHOOL
PS0607106,SONGAMBELE PRIMARY SCHOOL
PS0607107,SUNUKA PRIMARY SCHOOL
PS0607108,SUNZU PRIMARY SCHOOL
PS0607109,TAMBUKARELI PRIMARY SCHOOL
PS0607110,TAMBUSHA PRIMARY SCHOOL
PS0607125,TANDALA PRIMARY SCHOOL
PS0607111,TANGANYIKA PRIMARY SCHOOL
PS0607112,TUNDEGAMBAZI PRIMARY SCHOOL
PS0607127,UBANDA PRIMARY SCHOOL
PS0607120,UHURU PRIMARY SCHOOL
PS0607113,UMOJA PRIMARY SCHOOL
PS0607114,UPENDO PRIMARY SCHOOL
PS0607115,UVINZA MAALUM PRIMARY SCHOOL
PS0607116,UVINZA PRIMARY SCHOOL
PS0607117,VILONGWA PRIMARY SCHOOL
PS0701171,AIM HAI PRIMARY SCHOOL
PS0701184,ALHIJRA PRIMARY SCHOOL
PS0701170,ARIZONA PRIMARY SCHOOL
PS0701159,ASSUMPTA PRIMARY SCHOOL
PS0701194,BOMA ISLAMIC PRIMARY SCHOOL
PS0701002,BOMANG'OMBE PRIMARY SCHOOL
PS0701169,BOMANI PRIMARY SCHOOL
PS0701003,BONDENI PRIMARY SCHOOL
PS0701004,CHEKERENI PRIMARY SCHOOL
PS0701162,CHEMKA PRIMARY SCHOOL
PS0701175,DHAHIRI PRIMARY SCHOOL
PS0701143,ELERAI PRIMARY SCHOOL
PS0701142,GEZAULOLE PRIMARY SCHOOL
PS0701176,GOOD HOPE PRIMARY SCHOOL
PS0701164,HAI PRIMARY SCHOOL
PS0701186,IQRA PRIMARY SCHOOL
PS0701161,KAMBI YA RAHA PRIMARY SCHOOL
PS0701182,KAO LA AMANI PRIMARY SCHOOL
PS0701010,KAWAYA-KATI PRIMARY SCHOOL
PS0701160,KENGEREKA PRIMARY SCHOOL
PS0701011,KIA PRIMARY SCHOOL
PS0701012,KIBAONI PRIMARY SCHOOL
PS0701013,KIBOHEHE PRIMARY SCHOOL
PS0701015,KIKAVUCHINI PRIMARY SCHOOL
PS0701016,KILANYA PRIMARY SCHOOL
PS0701192,KILIMA MSWAKI PRIMARY SCHOOL
PS0701019,KIMASHUKU PRIMARY SCHOOL
PS0701020,KIMBUSHI PRIMARY SCHOOL
PS0701021,KISELU PRIMARY SCHOOL
PS0701022,KISERENI PRIMARY SCHOOL
PS0701187,KISHAPUY PRIMARY SCHOOL
PS0701023,KISHARE PRIMARY SCHOOL
PS0701166,KISOLOLI PRIMARY SCHOOL
PS0701027,KITIFU PRIMARY SCHOOL
PS0701172,KUSIRYE-U PRIMARY SCHOOL
PS0701029,KWARE PRIMARY SCHOOL
PS0701030,KYARASA PRIMARY SCHOOL
PS0701139,KYEERI PRIMARY SCHOOL
PS0701032,KYUU PRIMARY SCHOOL
PS0701036,LAMBO-ESTATE PRIMARY SCHOOL
PS0701033,LAMBO-EXTENDED PRIMARY SCHOOL
PS0701035,LEMIRA PRIMARY SCHOOL
PS0701145,LERAI PRIMARY SCHOOL
PS0701042,LUKANI PRIMARY SCHOOL
PS0701043,LYAMUNGO-ARI PRIMARY SCHOOL
PS0701045,LYAMUNGO-SINDE PRIMARY SCHOOL
PS0701046,MACHAME PRIMARY SCHOOL
PS0701051,MAFETO PRIMARY SCHOOL
PS0701050,MAILISITA PRIMARY SCHOOL
PS0701052,MAKERESHO PRIMARY SCHOOL
PS0701054,MARIRE PRIMARY SCHOOL
PS0701173,MARTIN RUSSEL PRIMARY SCHOOL
PS0701178,MASAMA PRIMARY SCHOOL
PS0701055,MASAMA-TEMA PRIMARY SCHOOL
PS0701056,MBATAKERO PRIMARY SCHOOL
PS0701057,MBOSHO PRIMARY SCHOOL
PS0701058,MBWEERA PRIMARY SCHOOL
PS0701059,MGUNGANI PRIMARY SCHOOL
PS0701060,MIASENI PRIMARY SCHOOL
PS0701061,MIJONGWENI PRIMARY SCHOOL
PS0701062,MKALAMA PRIMARY SCHOOL
PS0701179,MLIMA SHABAHA PRIMARY SCHOOL
PS0701188,MOTHER'S CITY PRIMARY SCHOOL
PS0701183,MOUNT SINAI PRIMARY SCHOOL
PS0701065,MROMA PRIMARY SCHOOL
PS0701165,MSAMADI PRIMARY SCHOOL
PS0701066,MTAKUJA PRIMARY SCHOOL
PS0701146,MUDIO ISLAMIC PRIMARY SCHOOL
PS0701067,MUDIO PRIMARY SCHOOL
PS0701068,MULAMA PRIMARY SCHOOL
PS0701069,MUNGUSHI PRIMARY SCHOOL
PS0701200,MUUNGANO PRIMARY SCHOOL
PS0701189,MWANGAZA PRIMARY SCHOOL
PS0701070,MWEEKI PRIMARY SCHOOL
PS0701071,MWOWE PRIMARY SCHOOL
PS0701076,NALUTI PRIMARY SCHOOL
PS0701074,NARUMU PRIMARY SCHOOL
PS0701075,NARUMU-TELLA PRIMARY SCHOOL
PS0701083,NGIRA PRIMARY SCHOOL
PS0701140,NGOSERO PRIMARY SCHOOL
PS0701085,NG'UNI PRIMARY SCHOOL
PS0701084,NGUZONNE PRIMARY SCHOOL
PS0701086,NJORO PRIMARY SCHOOL
PS0701087,NKOKASHU PRIMARY SCHOOL
PS0701088,NKORAYA PRIMARY SCHOOL
PS0701101,NKUU PRIMARY SCHOOL
PS0701090,NKWAKININI PRIMARY SCHOOL
PS0701092,NKWAMAKUU PRIMARY SCHOOL
PS0701091,NKWAMWASI PRIMARY SCHOOL
PS0701089,NKWAMWATU PRIMARY SCHOOL
PS0701093,NKWANNARA PRIMARY SCHOOL
PS0701096,NKWANSIRA PRIMARY SCHOOL
PS0701097,NKWARUNGO PRIMARY SCHOOL
PS0701094,NKWASANGARE PRIMARY SCHOOL
PS0701095,NKWASARINGE PRIMARY SCHOOL
PS0701098,NKWAWANGYA PRIMARY SCHOOL
PS0701099,NKWESEKO PRIMARY SCHOOL
PS0701100,NKWESHOO PRIMARY SCHOOL
PS0701105,NRONGA PRIMARY SCHOOL
PS0701106,NSHARA-UFUNDI PRIMARY SCHOOL
PS0701107,NSONGORO PRIMARY SCHOOL
PS0701108,NURE PRIMARY SCHOOL
PS0701174,O`BRIEN PRIMARY SCHOOL
PS0701185,ORKUNG'UU PRIMARY SCHOOL
PS0701111,ORORI PRIMARY SCHOOL
PS0701180,RAFIKI FOUNDATION PRIMARY SCHOOL
PS0701112,ROO PRIMARY SCHOOL
PS0701191,ROOF OF AFRICA PRIMARY SCHOOL
PS0701113,RUNDUGAI PRIMARY SCHOOL
PS0701168,SAFINA PRIMARY SCHOOL
PS0701117,SANYA-STATION PRIMARY SCHOOL
PS0701118,SAWE-SAMANGA PRIMARY SCHOOL
PS0701163,SEMINDU PRIMARY SCHOOL
PS0701119,SERE-UFUNDI PRIMARY SCHOOL
PS0701120,SHARI PRIMARY SCHOOL
PS0701190,SHEKINA PRIMARY SCHOOL
PS0701147,SHILELA ACADEMY PRIMARY SCHOOL
PS0701121,SHIRIMATUNDA PRIMARY SCHOOL
PS0701144,ST DORCAS KINDER PRIMARY SCHOOL
PS0701167,ST. FRANCIS PRIMARY SCHOOL
PS0701181,STELLA MARIS PRIMARY SCHOOL
PS0701124,SUFI PRIMARY SCHOOL
PS0701126,TINDIGANI-MASAMA PRIMARY SCHOOL
PS0701128,TOLU PRIMARY SCHOOL
PS0701177,TRINITY ACADEMY PRIMARY SCHOOL
PS0701129,UDURU PRIMARY SCHOOL
PS0701130,UFUMBO PRIMARY SCHOOL
PS0701150,UHURU PRIMARY SCHOOL
PS0701131,ULALI PRIMARY SCHOOL
PS0701132,UMATI PRIMARY SCHOOL
PS0701149,USARI PRIMARY SCHOOL
PS0701133,USWAA PRIMARY SCHOOL
PS0701135,WARAMU PRIMARY SCHOOL
PS0701137,WERUWERU PRIMARY SCHOOL
PS0702228,AMANI PRIMARY SCHOOL
PS0702001,ARUSHA-CHINI PRIMARY SCHOOL
PS0702002,ASHIRA PRIMARY SCHOOL
PS0702203,AZIMIO PRIMARY SCHOOL
PS0702247,BENJAMINI MKAPA PRIMARY SCHOOL
PS0702270,BENJAMINI MOSHI PRIMARY SCHOOL
PS0702262,BETHEL PRIMARY SCHOOL
PS0702278,BRIGHT PRIMARY SCHOOL
PS0702192,CHEKERENI PRIMARY SCHOOL
PS0702003,CHEMCHEM PRIMARY SCHOOL
PS0702004,CHOMBO PRIMARY SCHOOL
PS0702292,DARAJANI PRIMARY SCHOOL
PS0702199,DENNIS MORLEY PRIMARY SCHOOL
PS0702205,DR SHEIN PRIMARY SCHOOL
PS0702246,EBENEZER PRIMARY SCHOOL
PS0702242,FOUNTAIN OF HOPE PRIMARY SCHOOL
PS0702006,FOYENI PRIMARY SCHOOL
PS0702007,FUKENI PRIMARY SCHOOL
PS0702008,FUMBUNI PRIMARY SCHOOL
PS0702009,FUMVUHU PRIMARY SCHOOL
PS0702010,GHONA PRIMARY SCHOOL
PS0702275,GOODSHEPHERD PRIMARY SCHOOL
PS0702279,GREEN MADINA PRIMARY SCHOOL
PS0702011,HIMO PRIMARY SCHOOL
PS0702012,HIMO-POFO PRIMARY SCHOOL
PS0702239,HOLY CHILDHOOD PRIMARY SCHOOL
PS0702252,IMANI PRIMARY SCHOOL
PS0702014,IWA PRIMARY SCHOOL
PS0702059,JAMES OLE MILLYA PRIMARY SCHOOL
PS0702015,KAHE PRIMARY SCHOOL
PS0702016,KANJI PRIMARY SCHOOL
PS0702017,KARIWA PRIMARY SCHOOL
PS0702018,KARORO PRIMARY SCHOOL
PS0702019,KATANINI PRIMARY SCHOOL
PS0702020,KEURA PRIMARY SCHOOL
PS0702021,KIBOSHO PRIMARY SCHOOL
PS0702022,KIDACHINI PRIMARY SCHOOL
PS0702023,KIDIA PRIMARY SCHOOL
PS0702197,KIFUMBU PRIMARY SCHOOL
PS0702024,KIFUNI PRIMARY SCHOOL
PS0702025,KIKORO PRIMARY SCHOOL
PS0702026,KILAREMO PRIMARY SCHOOL
PS0702027,KILEMA PRIMARY SCHOOL
PS0702028,KILINDINI PRIMARY SCHOOL
PS0702029,KILOTOTONI PRIMARY SCHOOL
PS0702030,KIMANGANUNI PRIMARY SCHOOL
PS0702031,KIMBOGHO PRIMARY SCHOOL
PS0702032,KINDI-JUU PRIMARY SCHOOL
PS0702033,KINDI-KATI PRIMARY SCHOOL
PS0702251,KIRARACHA PRIMARY SCHOOL
PS0702034,KIREFURE PRIMARY SCHOOL
PS0702035,KIRIMA-JUU PRIMARY SCHOOL
PS0702036,KIRIMENI PRIMARY SCHOOL
PS0702037,KIROSHA PRIMARY SCHOOL
PS0702038,KIRUNDA PRIMARY SCHOOL
PS0702039,KIRUWENI PRIMARY SCHOOL
PS0702257,KISANGESANGENI PRIMARY SCHOOL
PS0702040,KISASENI PRIMARY SCHOOL
PS0702041,KISHUMUNDU PRIMARY SCHOOL
PS0702194,KISIMANI PRIMARY SCHOOL
PS0702230,KISOWONI PRIMARY SCHOOL
PS0702042,KISULUNI PRIMARY SCHOOL
PS0702043,KITERINI PRIMARY SCHOOL
PS0702044,KITOWO PRIMARY SCHOOL
PS0702210,KIUNGUNI PRIMARY SCHOOL
PS0702045,KIWALAA PRIMARY SCHOOL
PS0702046,KIWEI PRIMARY SCHOOL
PS0702048,KIYUNGI MPYA PRIMARY SCHOOL
PS0702047,KIYUNGI PRIMARY SCHOOL
PS0702195,KOCHAKINDO PRIMARY SCHOOL
PS0702049,KOKIRA PRIMARY SCHOOL
PS0702050,KOKIRIE PRIMARY SCHOOL
PS0702052,KOMAKUNDI PRIMARY SCHOOL
PS0702051,KOMAKYA PRIMARY SCHOOL
PS0702053,KOMALYANGOE PRIMARY SCHOOL
PS0702054,KOMBO PRIMARY SCHOOL
PS0702055,KOMELA PRIMARY SCHOOL
PS0702056,KONDENI PRIMARY SCHOOL
PS0702200,KORONA PRIMARY SCHOOL
PS0702057,KOTELA PRIMARY SCHOOL
PS0702005,KWAGINJA PRIMARY SCHOOL
PS0702058,KYASENI PRIMARY SCHOOL
PS0702060,KYOMU PRIMARY SCHOOL
PS0702061,LANGASANI PRIMARY SCHOOL
PS0702062,LASSO PRIMARY SCHOOL
PS0702063,LEGHO PRIMARY SCHOOL
PS0702064,LEKURA PRIMARY SCHOOL
PS0702271,LIBERTY PRIMARY SCHOOL
PS0702277,LITTLE ACORNS PRIMARY SCHOOL
PS0702065,LOLE PRIMARY SCHOOL
PS0702066,LONGUO PRIMARY SCHOOL
PS0702067,LOTIMA PRIMARY SCHOOL
PS0702193,LYAKIRIMU PRIMARY SCHOOL
PS0702068,LYAKOMBILA PRIMARY SCHOOL
PS0702069,LYASOMBORO PRIMARY SCHOOL
PS0702070,MAANDE PRIMARY SCHOOL
PS0702213,MABIRANGA PRIMARY SCHOOL
PS0702071,MABOGINI PRIMARY SCHOOL
PS0702072,MABUNGO PRIMARY SCHOOL
PS0702263,MAENDELEO PRIMARY SCHOOL
PS0702073,MAHOMA PRIMARY SCHOOL
PS0702111,MAJENGO PRIMARY SCHOOL
PS0702074,MAKAA PRIMARY SCHOOL
PS0702075,MAKAMI-CHINI PRIMARY SCHOOL
PS0702076,MAKAMI-JUU PRIMARY SCHOOL
PS0702077,MAKERERE PRIMARY SCHOOL
PS0702078,MAKOMU PRIMARY SCHOOL
PS0702079,MAKUNDUSHI PRIMARY SCHOOL
PS0702080,MAKUYUNI PRIMARY SCHOOL
PS0702081,MALILO PRIMARY SCHOOL
PS0702082,MANDAKA - MAZOEZI PRIMARY SCHOOL
PS0702083,MANDANGENI PRIMARY SCHOOL
PS0702249,MANGI SABAS PRIMARY SCHOOL
PS0702084,MANGO PRIMARY SCHOOL
PS0702085,MANU PRIMARY SCHOOL
PS0702086,MANUSHI-CHINI PRIMARY SCHOOL
PS0702087,MANUSHI-JUU PRIMARY SCHOOL
PS0702198,MARANGU HILLS PRIMARY SCHOOL
PS0702089,MARANGU-MAZOEZI PRIMARY SCHOOL
PS0702090,MARAWA PRIMARY SCHOOL
PS0702091,MARERA PRIMARY SCHOOL
PS0702258,MARIA MAGRETH PRIMARY SCHOOL
PS0702092,MARIMENI PRIMARY SCHOOL
PS0702093,MARING'A-CHINI PRIMARY SCHOOL
PS0702094,MARING'A-JUU PRIMARY SCHOOL
PS0702095,MARINGENI PRIMARY SCHOOL
PS0702232,MARY-BENET PRIMARY SCHOOL
PS0702096,MASIA-MAMBA PRIMARY SCHOOL
PS0702097,MASIA-MARANGU PRIMARY SCHOOL
PS0702098,MASOKA PRIMARY SCHOOL
PS0702099,MATALA PRIMARY SCHOOL
PS0702100,MATEMBONI PRIMARY SCHOOL
PS0702101,MATERUNI PRIMARY SCHOOL
PS0702102,MATUNYA PRIMARY SCHOOL
PS0702103,MAUA PRIMARY SCHOOL
PS0702105,MAWALA PRIMARY SCHOOL
PS0702106,MAWANDA PRIMARY SCHOOL
PS0702107,MAWANJENI PRIMARY SCHOOL
PS0702219,MAWELLA PRIMARY SCHOOL
PS0702108,MAWENI PRIMARY SCHOOL
PS0702109,MBAHE PRIMARY SCHOOL
PS0702110,MBOKOMU PRIMARY SCHOOL
PS0702220,MBONI PRIMARY SCHOOL
PS0702112,MDAWI PRIMARY SCHOOL
PS0702113,MEERA PRIMARY SCHOOL
PS0702273,MEMA PRIMARY SCHOOL
PS0702114,MENGENI PRIMARY SCHOOL
PS0702255,MIERESINI PRIMARY SCHOOL
PS0702115,MIKOCHENI PRIMARY SCHOOL
PS0702276,MINNESOTA PRIMARY SCHOOL
PS0702116,MIWALENI PRIMARY SCHOOL
PS0702117,MKOLOWONY PRIMARY SCHOOL
PS0702118,MKOMILO PRIMARY SCHOOL
PS0702119,MKOMONGO PRIMARY SCHOOL
PS0702120,MKYASHI PRIMARY SCHOOL
PS0702121,MNINI PRIMARY SCHOOL
PS0702122,MONGAI PRIMARY SCHOOL
PS0702123,MOWO PRIMARY SCHOOL
PS0702124,MRAWI PRIMARY SCHOOL
PS0702125,MRIENY PRIMARY SCHOOL
PS0702126,MROKORA PRIMARY SCHOOL
PS0702127,MRUMENI PRIMARY SCHOOL
PS0702248,MRUPANGA PRIMARY SCHOOL
PS0702128,MRUWIA PRIMARY SCHOOL
PS0702129,MSARENI PRIMARY SCHOOL
PS0702260,MSASANI PRIMARY SCHOOL
PS0702161,MSERIKIA PRIMARY SCHOOL
PS0702130,MSEROE PRIMARY SCHOOL
PS0702295,MSHIKAMANO PRIMARY SCHOOL
PS0702131,MSHIRI PRIMARY SCHOOL
PS0702132,MSINGA PRIMARY SCHOOL
PS0702133,MSUFINI PRIMARY SCHOOL
PS0702134,MTAKUJA PRIMARY SCHOOL
PS0702135,MUE PRIMARY SCHOOL
PS0702136,MULO PRIMARY SCHOOL
PS0702221,MUUNGANO PRIMARY SCHOOL
PS0702137,MUYUNI PRIMARY SCHOOL
PS0702138,MVULENI PRIMARY SCHOOL
PS0702201,MWAMKO PRIMARY SCHOOL
PS0702139,MWANGARIA PRIMARY SCHOOL
PS0702140,MWASI-KASKAZINI PRIMARY SCHOOL
PS0702141,MWASI-KUSINI PRIMARY SCHOOL
PS0702142,MWEKA PRIMARY SCHOOL
PS0702264,MWIKA INTEGRITY PRIMARY SCHOOL
PS0702143,MWIKA PRIMARY SCHOOL
PS0702222,NANGA PRIMARY SCHOOL
PS0702236,NAPAKU PRIMARY SCHOOL
PS0702287,NAZARENE TOWNSHIP PRIMARY SCHOOL
PS0702254,NAZARENNE PRIMARY SCHOOL
PS0702144,NDUONI PRIMARY SCHOOL
PS0702145,NDUWENI PRIMARY SCHOOL
PS0702223,NEVILLE PRIMARY SCHOOL
PS0702146,NGANGU PRIMARY SCHOOL
PS0702147,NGANYENI PRIMARY SCHOOL
PS0702237,NGARONI PRIMARY SCHOOL
PS0702148,NGARUMA PRIMARY SCHOOL
PS0702149,NGASINI PRIMARY SCHOOL
PS0702238,NGOROSHI PRIMARY SCHOOL
PS0702150,NGUMENI PRIMARY SCHOOL
PS0702268,NJIA PANDA WALEMAVU PRIMARY SCHOOL
PS0702151,NJIA-PANDA PRIMARY SCHOOL
PS0702152,NKONYAKU PRIMARY SCHOOL
PS0702153,NKOSANGANA PRIMARY SCHOOL
PS0702154,OKAONI PRIMARY SCHOOL
PS0702155,OKASENI PRIMARY SCHOOL
PS0702156,OLIMO PRIMARY SCHOOL
PS0702157,OMI PRIMARY SCHOOL
PS0702261,ONANA PRIMARY SCHOOL
PS0702158,ONGOMA PRIMARY SCHOOL
PS0702159,ORIA PRIMARY SCHOOL
PS0702160,OTARUNI PRIMARY SCHOOL
PS0702162,PALANGENY PRIMARY SCHOOL
PS0702163,PAPILIKI PRIMARY SCHOOL
PS0702265,PAUL ALBERT PRIMARY SCHOOL
PS0702164,RAU-RIVER PRIMARY SCHOOL
PS0702165,RAUYA PRIMARY SCHOOL
PS0702224,RIATA PRIMARY SCHOOL
PS0702256,RONGA PRIMARY SCHOOL
PS0702225,RONGOMA PRIMARY SCHOOL
PS0702250,ROSE PRIMARY SCHOOL
PS0702227,ROYAL PRIMARY SCHOOL
PS0702166,RUWA PRIMARY SCHOOL
PS0702167,SAA PRIMARY SCHOOL
PS0702214,SAGHANA PRIMARY SCHOOL
PS0702274,SAMALI PRIMARY SCHOOL
PS0702168,SAMANGA PRIMARY SCHOOL
PS0702170,SAMBARAI PRIMARY SCHOOL
PS0702171,SANGO PRIMARY SCHOOL
PS0702226,SANINGO PRIMARY SCHOOL
PS0702202,SCOLASTICA PRIMARY SCHOOL
PS0702172,SEMBETI PRIMARY SCHOOL
PS0702176,SHIA PRIMARY SCHOOL
PS0702177,SHIMBWE-CHINI PRIMARY SCHOOL
PS0702178,SHIMBWE-JUU PRIMARY SCHOOL
PS0702179,SHOKONY PRIMARY SCHOOL
PS0702173,SIA-SHIMBWE PRIMARY SCHOOL
PS0702175,SINGA CHINI - MAZOEZI PRIMARY SCHOOL
PS0702174,SINGA-BORA PRIMARY SCHOOL
PS0702196,SISAMARO PRIMARY SCHOOL
PS0702231,SOKO PRIMARY SCHOOL
PS0702259,ST URUSULA PRIMARY SCHOOL
PS0702266,SUMAYE PRIMARY SCHOOL
PS0702180,SUNGU PRIMARY SCHOOL
PS0702181,TELLA PRIMARY SCHOOL
PS0702253,TIMOTHY PRIMARY SCHOOL
PS0702272,TUMAINI FOUNDATION PRIMARY SCHOOL
PS0702182,UCHAU PRIMARY SCHOOL
PS0702269,UCHIRA ISLAMIC PRIMARY SCHOOL
PS0702183,UCHIRA PRIMARY SCHOOL
PS0702184,UMBWE PRIMARY SCHOOL
PS0702185,UPARO PRIMARY SCHOOL
PS0702267,UPENDO PRIMARY SCHOOL
PS0702186,URI PRIMARY SCHOOL
PS0702283,URU COMMUNITY PRIMARY SCHOOL
PS0702187,URU PRIMARY SCHOOL
PS0702169,USAGARA PRIMARY SCHOOL
PS0702188,UUWO PRIMARY SCHOOL
PS0702189,WERENI PRIMARY SCHOOL
PS0702190,WONDO PRIMARY SCHOOL
PS0702191,YAMU PRIMARY SCHOOL
PS0703042,ALHUDA PRIMARY SCHOOL
PS0703023,ARCHANGELS PRIMARY SCHOOL
PS0703031,AZIMIO PRIMARY SCHOOL
PS0703048,BRIDGE PRIMARY SCHOOL
PS0703038,CHEMCHEM PRIMARY SCHOOL
PS0703028,EDEN GARDEN PRIMARY SCHOOL
PS0703040,FM FOUNDATION PRIMARY SCHOOL
PS0703056,GUARDIAN ANGELS PRIMARY SCHOOL
PS0703001,JAMHURI PRIMARY SCHOOL
PS0703034,JITEGEMEE PRIMARY SCHOOL
PS0703004,JK NYERERE PRIMARY SCHOOL
PS0703054,JUHUDI PRIMARY SCHOOL
PS0703037,K E A PRIMARY SCHOOL
PS0703002,KALOLENI PRIMARY SCHOOL
PS0703003,KARANGA PRIMARY SCHOOL
PS0703043,KIBO PRIMARY SCHOOL
PS0703051,KIBO SHANTY PRIMARY SCHOOL
PS0703005,KIBORILONI PRIMARY SCHOOL
PS0703006,KILIMANJARO PRIMARY SCHOOL
PS0703007,KORONGONI PRIMARY SCHOOL
PS0703008,LANGONI PRIMARY SCHOOL
PS0703009,MAGEREZA PRIMARY SCHOOL
PS0703010,MAJENGO PRIMARY SCHOOL
PS0703012,MANDELA PRIMARY SCHOOL
PS0703011,MAWENZI PRIMARY SCHOOL
PS0703049,MCF PARADISE PRIMARY SCHOOL
PS0703022,MIEMBENI PRIMARY SCHOOL
PS0703033,MJIMPYA PRIMARY SCHOOL
PS0703030,MNAZI PRIMARY SCHOOL
PS0703026,MOSHI ACADEMY PRIMARY SCHOOL
PS0703035,MOSHI AIRPORT PRIMARY SCHOOL
PS0703014,MOSHI PRIMARY SCHOOL
PS0703013,MSANDAKA PRIMARY SCHOOL
PS0703046,MSANDAKA VIZIWI PRIMARY SCHOOL
PS0703021,MSARANGA PRIMARY SCHOOL
PS0703057,MSHIKAMANO PRIMARY SCHOOL
PS0703016,MUUNGANO PRIMARY SCHOOL
PS0703015,MWENGE PRIMARY SCHOOL
PS0703017,MWERENI PRIMARY SCHOOL
PS0703039,MZALENDO PRIMARY SCHOOL
PS0703024,NJORO PRIMARY SCHOOL
PS0703018,PASUA PRIMARY SCHOOL
PS0703041,PATRICK PRIMARY SCHOOL
PS0703019,RAU PRIMARY SCHOOL
PS0703047,SAMARIA PRIMARY SCHOOL
PS0703029,SHAURIMOYO PRIMARY SCHOOL
PS0703020,SHIRIMATUNDA PRIMARY SCHOOL
PS0703025,SOKOINE PRIMARY SCHOOL
PS0703044,SOWETO PRIMARY SCHOOL
PS0703027,ST ANNE PRIMARY SCHOOL
PS0703045,ST LOUIS PRIMARY SCHOOL
PS0703050,ST. MARY CIARA PRIMARY SCHOOL
PS0703052,TUMAINI PRIMARY SCHOOL
PS0703032,UHURU PRIMARY SCHOOL
PS0703036,VALLEY VIEW PRIMARY SCHOOL
PS0704121,AMAN HILLS PRIMARY SCHOOL
PS0704111,AMANI VUMWE PRIMARY SCHOOL
PS0704119,BISHOP STANLEY HOTAY PRIMARY SCHOOL
PS0704002,BUTU PRIMARY SCHOOL
PS0704095,BWAWANI PRIMARY SCHOOL
PS0704003,CHANGALAVO PRIMARY SCHOOL
PS0704001,CHANJALE PRIMARY SCHOOL
PS0704004,CHIMBI PRIMARY SCHOOL
PS0704005,CHOMVU PRIMARY SCHOOL
PS0704098,DR.OMARI PRIMARY SCHOOL
PS0704093,EMANGULAI PRIMARY SCHOOL
PS0704006,FUMBUANG'OMBE PRIMARY SCHOOL
PS0704110,GREEN BIRD PRIMARY SCHOOL
PS0704007,HANDENI PRIMARY SCHOOL
PS0704079,IBAYA PRIMARY SCHOOL
PS0704008,JIPE PRIMARY SCHOOL
PS0704118,JOHANE SCHNEIDER PRIMARY SCHOOL
PS0704009,KAGONGO PRIMARY SCHOOL
PS0704087,KAILI PRIMARY SCHOOL
PS0704099,KALIMANI PRIMARY SCHOOL
PS0704097,KAMANI PRIMARY SCHOOL
PS0704080,KAMBI-YA-SIMBA PRIMARY SCHOOL
PS0704077,KAMWALA PRIMARY SCHOOL
PS0704010,KARAMBACHA PRIMARY SCHOOL
PS0704011,KASENI PRIMARY SCHOOL
PS0704012,KATOLA PRIMARY SCHOOL
PS0704115,KAUZENI PRIMARY SCHOOL
PS0704013,KAVAZUNGU PRIMARY SCHOOL
PS0704100,KAWAWA PRIMARY SCHOOL
PS0704014,KIFARU PRIMARY SCHOOL
PS0704015,KIFULA PRIMARY SCHOOL
PS0704016,KIGONIGONI PRIMARY SCHOOL
PS0704017,KILAWENI PRIMARY SCHOOL
PS0704018,KILEO PRIMARY SCHOOL
PS0704019,KILOMENI PRIMARY SCHOOL
PS0704020,KINGONDI PRIMARY SCHOOL
PS0704021,KIRIKI PRIMARY SCHOOL
PS0704022,KIRONGWE PRIMARY SCHOOL
PS0704024,KIRURU PRIMARY SCHOOL
PS0704023,KIRYA PRIMARY SCHOOL
PS0704025,KISANGARA PRIMARY SCHOOL
PS0704026,KISANGARA-JUU PRIMARY SCHOOL
PS0704027,KISANGIRO PRIMARY SCHOOL
PS0704028,KISANJUNI PRIMARY SCHOOL
PS0704105,KISEKIBAHA PRIMARY SCHOOL
PS0704029,KITI-CHA-MUNGU PRIMARY SCHOOL
PS0704030,KITIVONI PRIMARY SCHOOL
PS0704088,KITOGHOTO PRIMARY SCHOOL
PS0704081,KITOPENI PRIMARY SCHOOL
PS0704031,KITURI PRIMARY SCHOOL
PS0704033,KIVERENGE PRIMARY SCHOOL
PS0704032,KIVINDU PRIMARY SCHOOL
PS0704034,KIVISINI PRIMARY SCHOOL
PS0704035,KIVULINI PRIMARY SCHOOL
PS0704082,KWAKIHINDI PRIMARY SCHOOL
PS0704036,KWAKOA PRIMARY SCHOOL
PS0704092,KWAMAVUSHA PRIMARY SCHOOL
PS0704037,KWAMSEMBEA PRIMARY SCHOOL
PS0704113,KWANYANGE PRIMARY SCHOOL
PS0704039,LAMBO PRIMARY SCHOOL
PS0704038,LANGA'TA PRIMARY SCHOOL
PS0704040,LEMBENI PRIMARY SCHOOL
PS0704041,LOMWE PRIMARY SCHOOL
PS0704042,LWAMI PRIMARY SCHOOL
PS0704096,MAJENGO PRIMARY SCHOOL
PS0704043,MAKANDENI PRIMARY SCHOOL
PS0704044,MAMBA PRIMARY SCHOOL
PS0704045,MANAGUGU PRIMARY SCHOOL
PS0704108,MANDAKA PRIMARY SCHOOL
PS0704046,MANGARA PRIMARY SCHOOL
PS0704047,MANGATU PRIMARY SCHOOL
PS0704048,MANGIO PRIMARY SCHOOL
PS0704049,MARETI PRIMARY SCHOOL
PS0704050,MASUMBENI PRIMARY SCHOOL
PS0704051,MBAMBUA PRIMARY SCHOOL
PS0704052,MBORE PRIMARY SCHOOL
PS0704053,MCHENI PRIMARY SCHOOL
PS0704054,MFINGA PRIMARY SCHOOL
PS0704055,MGAGAO PRIMARY SCHOOL
PS0704101,MKOMBOZI PRIMARY SCHOOL
PS0704103,MKONGEA PRIMARY SCHOOL
PS0704056,MLEVO PRIMARY SCHOOL
PS0704102,MNOA PRIMARY SCHOOL
PS0704112,MOMBEA PRIMARY SCHOOL
PS0704057,MRAMBA PRIMARY SCHOOL
PS0704058,MRITI PRIMARY SCHOOL
PS0704059,MRUMA PRIMARY SCHOOL
PS0704109,MSAFIRI PRIMARY SCHOOL
PS0704083,MSALENI PRIMARY SCHOOL
PS0704060,MSANGENI PRIMARY SCHOOL
PS0704107,MUUNGANO PRIMARY SCHOOL
PS0704084,MWAI PRIMARY SCHOOL
PS0704061,MWANGA PRIMARY SCHOOL
PS0704094,MWANGONDI PRIMARY SCHOOL
PS0704062,MWERO PRIMARY SCHOOL
PS0704063,NDAMBWE PRIMARY SCHOOL
PS0704085,NDEA PRIMARY SCHOOL
PS0704064,NDORWE PRIMARY SCHOOL
PS0704065,NGULU PRIMARY SCHOOL
PS0704106,NJUWENI PRIMARY SCHOOL
PS0704066,NYABINDA PRIMARY SCHOOL
PS0704104,PROF MAGHEMBE PRIMARY SCHOOL
PS0704067,RAA PRIMARY SCHOOL
PS0704068,RANGAA PRIMARY SCHOOL
PS0704091,RELI JUU PRIMARY SCHOOL
PS0704089,RURU PRIMARY SCHOOL
PS0704090,SHIGHATI PRIMARY SCHOOL
PS0704069,SHIGHATINI PRIMARY SCHOOL
PS0704070,SIMBOMU PRIMARY SCHOOL
PS0704071,SOFFE PRIMARY SCHOOL
PS0704072,SONGOA PRIMARY SCHOOL
PS0704117,ST. IMELDA PRIMARY SCHOOL
PS0704122,ST.KIZITO-RUPERT PRIMARY SCHOOL
PS0704073,SUNGO PRIMARY SCHOOL
PS0704114,TESTIMONY PRIMARY SCHOOL
PS0704074,TOLOHA PRIMARY SCHOOL
PS0704075,USANGI PRIMARY SCHOOL
PS0704086,VIZIWI-MWANGA PRIMARY SCHOOL
PS0704076,VUCHAMA PRIMARY SCHOOL
PS0705001,AMRUSHU PRIMARY SCHOOL
PS0705157,BARAKA PRIMARY SCHOOL
PS0705125,BOMA PRIMARY SCHOOL
PS0705002,BOONI PRIMARY SCHOOL
PS0705135,CHALA PRIMARY SCHOOL
PS0705153,ENDONETI PRIMARY SCHOOL
PS0705160,ERNICX PRIMARY SCHOOL
PS0705003,HAKWE PRIMARY SCHOOL
PS0705004,HITI PRIMARY SCHOOL
PS0705005,HOLILI PRIMARY SCHOOL
PS0705006,HURUMA PRIMARY SCHOOL
PS0705118,IBUKONI PRIMARY SCHOOL
PS0705007,IBURIENI PRIMARY SCHOOL
PS0705008,IKUINI PRIMARY SCHOOL
PS0705009,ITEMBWENI PRIMARY SCHOOL
PS0705010,KAFUFUU PRIMARY SCHOOL
PS0705011,KAFUMBU PRIMARY SCHOOL
PS0705012,KAHE-USSERI PRIMARY SCHOOL
PS0705124,KAMWANGA PRIMARY SCHOOL
PS0705013,KASIRWA PRIMARY SCHOOL
PS0705151,KASTAMU PRIMARY SCHOOL
PS0705016,KATANGARA PRIMARY SCHOOL
PS0705015,KENI-ALENI PRIMARY SCHOOL
PS0705014,KENI-MENGENI PRIMARY SCHOOL
PS0705017,KENI-MRERE PRIMARY SCHOOL
PS0705018,KERYO PRIMARY SCHOOL
PS0705019,KIBAONI PRIMARY SCHOOL
PS0705020,KIBOSOU PRIMARY SCHOOL
PS0705021,KIFUFUU PRIMARY SCHOOL
PS0705022,KIISHI PRIMARY SCHOOL
PS0705023,KIKELELWA PRIMARY SCHOOL
PS0705025,KILAWOI PRIMARY SCHOOL
PS0705024,KILESI PRIMARY SCHOOL
PS0705148,KILULINI PRIMARY SCHOOL
PS0705026,KIMANYATU PRIMARY SCHOOL
PS0705027,KIMWINGENI PRIMARY SCHOOL
PS0705028,KINGACHI PRIMARY SCHOOL
PS0705029,KINYAULI PRIMARY SCHOOL
PS0705030,KIRACHI PRIMARY SCHOOL
PS0705031,KIRAENI PRIMARY SCHOOL
PS0705128,KIRAI PRIMARY SCHOOL
PS0705032,KIRARO PRIMARY SCHOOL
PS0705033,KIROKOMU PRIMARY SCHOOL
PS0705034,KIRONGO-CHINI PRIMARY SCHOOL
PS0705035,KIRONGO-JUU PRIMARY SCHOOL
PS0705037,KIRUWENI PRIMARY SCHOOL
PS0705036,KIRWA-ROMBO PRIMARY SCHOOL
PS0705038,KISALE PRIMARY SCHOOL
PS0705039,KISEENI PRIMARY SCHOOL
PS0705040,KITERO PRIMARY SCHOOL
PS0705041,KITIRIMA PRIMARY SCHOOL
PS0705042,KITONGORIA PRIMARY SCHOOL
PS0705120,KITUKUNI PRIMARY SCHOOL
PS0705043,KIUNGU PRIMARY SCHOOL
PS0705044,KIUNGWE PRIMARY SCHOOL
PS0705045,KIURA PRIMARY SCHOOL
PS0705129,KLASARA PRIMARY SCHOOL
PS0705046,KWAIKURU PRIMARY SCHOOL
PS0705047,KWAKTAU PRIMARY SCHOOL
PS0705048,KWALAMAHONDO PRIMARY SCHOOL
PS0705150,KWAMAKSAU PRIMARY SCHOOL
PS0705049,KWAMBOKO PRIMARY SCHOOL
PS0705050,KWAMWERA PRIMARY SCHOOL
PS0705051,KWANAKUYA PRIMARY SCHOOL
PS0705052,KWANDELE PRIMARY SCHOOL
PS0705053,KWANGAO PRIMARY SCHOOL
PS0705054,KWASONDO PRIMARY SCHOOL
PS0705132,LESOROMA PRIMARY SCHOOL
PS0705133,LOKORO PRIMARY SCHOOL
PS0705055,MACHAME-ALENI PRIMARY SCHOOL
PS0705056,MAHAA PRIMARY SCHOOL
PS0705057,MAHAHENI PRIMARY SCHOOL
PS0705058,MAHARO PRIMARY SCHOOL
PS0705059,MAHOROSHA PRIMARY SCHOOL
PS0705061,MAKAENI PRIMARY SCHOOL
PS0705062,MAMBA PRIMARY SCHOOL
PS0705063,MAMONJO PRIMARY SCHOOL
PS0705064,MANDA PRIMARY SCHOOL
PS0705136,MARIENI PRIMARY SCHOOL
PS0705137,MASHIMA PRIMARY SCHOOL
PS0705066,MASHO PRIMARY SCHOOL
PS0705067,MAURENI PRIMARY SCHOOL
PS0705068,MAWANDA PRIMARY SCHOOL
PS0705069,MAWANDA-MKEI PRIMARY SCHOOL
PS0705070,MAWELISA PRIMARY SCHOOL
PS0705071,MAWENI PRIMARY SCHOOL
PS0705159,MAWENZI PRIMARY SCHOOL
PS0705072,MAWETETA PRIMARY SCHOOL
PS0705073,MBALANGASHENI PRIMARY SCHOOL
PS0705074,MBOMAI-JUU PRIMARY SCHOOL
PS0705075,MBOMAI-KATI PRIMARY SCHOOL
PS0705138,MENGENI PRIMARY SCHOOL
PS0705076,MENGWE PRIMARY SCHOOL
PS0705077,MFORO PRIMARY SCHOOL
PS0705139,MHAKA PRIMARY SCHOOL
PS0705078,MHARU PRIMARY SCHOOL
PS0705079,MKOKYAMA PRIMARY SCHOOL
PS0705080,MKOVANDA PRIMARY SCHOOL
PS0705121,MKUINI PRIMARY SCHOOL
PS0705081,MLEMBEA PRIMARY SCHOOL
PS0705082,MMOMWE PRIMARY SCHOOL
PS0705083,MOKALA PRIMARY SCHOOL
PS0705084,MOKOMBERO PRIMARY SCHOOL
PS0705085,MOTAMBURU-CHINI PRIMARY SCHOOL
PS0705086,MREYAI PRIMARY SCHOOL
PS0705087,MRITI PRIMARY SCHOOL
PS0705088,MSANGAI PRIMARY SCHOOL
PS0705143,MSINGA PRIMARY SCHOOL
PS0705164,MSIRWAI TENE PRIMARY SCHOOL
PS0705089,MSUU PRIMARY SCHOOL
PS0705090,MTEMBONI PRIMARY SCHOOL
PS0705091,MTERINI PRIMARY SCHOOL
PS0705092,MTIKOME PRIMARY SCHOOL
PS0705093,MTIMHOO PRIMARY SCHOOL
PS0705155,MUNGA PRIMARY SCHOOL
PS0705144,NANJARA PRIMARY SCHOOL
PS0705094,NAYEME PRIMARY SCHOOL
PS0705095,NDUWENI PRIMARY SCHOOL
PS0705122,NESSAE PRIMARY SCHOOL
PS0705145,NGALEKU PRIMARY SCHOOL
PS0705096,NGOYONI PRIMARY SCHOOL
PS0705097,NJAMTA PRIMARY SCHOOL
PS0705098,OLELE PRIMARY SCHOOL
PS0705165,RAFIKI PRIMARY SCHOOL
PS0705117,REHA PRIMARY SCHOOL
PS0705099,RIMA PRIMARY SCHOOL
PS0705154,RITALIZA OF MT CARMEL PRIMARY SCHOOL
PS0705100,RONGAI PRIMARY SCHOOL
PS0705101,ROYA PRIMARY SCHOOL
PS0705102,SAMANGA PRIMARY SCHOOL
PS0705152,SASENI PRIMARY SCHOOL
PS0705103,SHIMBI PRIMARY SCHOOL
PS0705123,SIMBALO PRIMARY SCHOOL
PS0705149,ST JOSEPH PRIMARY SCHOOL
PS0705162,ST. JOHN VIANNEY PRIMARY SCHOOL
PS0705161,ST. PIO IX PRIMARY SCHOOL
PS0705156,ST. PIUS X PRIMARY SCHOOL
PS0705146,SUMAYE PRIMARY SCHOOL
PS0705104,TANYA PRIMARY SCHOOL
PS0705147,TARAKEA PRIMARY SCHOOL
PS0705105,TAVARINI PRIMARY SCHOOL
PS0705106,UBAA PRIMARY SCHOOL
PS0705107,UBETU PRIMARY SCHOOL
PS0705108,UDANGENI PRIMARY SCHOOL
PS0705110,URAURI PRIMARY SCHOOL
PS0705111,URUWA PRIMARY SCHOOL
PS0705112,USHIRI PRIMARY SCHOOL
PS0705158,USONGO PRIMARY SCHOOL
PS0705113,USSERI PRIMARY SCHOOL
PS0705114,UWA PRIMARY SCHOOL
PS0705115,WAMA PRIMARY SCHOOL
PS0705116,WOKA PRIMARY SCHOOL
PS0706206,ANNE KILANGO PRIMARY SCHOOL
PS0706198,ARCHBISHOP JOSEPHAT LEBULU PRIMARY SCHOOL
PS0706183,ASSIS PRIMARY SCHOOL
PS0706001,BENDERA PRIMARY SCHOOL
PS0706180,BODA PRIMARY SCHOOL
PS0706002,BWAMBO PRIMARY SCHOOL
PS0706003,CHABARU PRIMARY SCHOOL
PS0706004,CHANGARAWE PRIMARY SCHOOL
PS0706005,CHANGULUE PRIMARY SCHOOL
PS0706006,CHANI PRIMARY SCHOOL
PS0706156,CHANIKA PRIMARY SCHOOL
PS0706157,CHANKOKO PRIMARY SCHOOL
PS0706158,CHANKOMA PRIMARY SCHOOL
PS0706159,CHEKERENI PRIMARY SCHOOL
PS0706007,CHOME PRIMARY SCHOOL
PS0706008,DAGHASETA PRIMARY SCHOOL
PS0706139,DIDO PRIMARY SCHOOL
PS0706195,DIMBWI PRIMARY SCHOOL
PS0706009,DINDIMO PRIMARY SCHOOL
PS0706010,DUMA PRIMARY SCHOOL
PS0706152,EMUGURI PRIMARY SCHOOL
PS0706196,ENDEVES PRIMARY SCHOOL
PS0706011,GAVAO PRIMARY SCHOOL
PS0706012,GIRIAMA PRIMARY SCHOOL
PS0706153,GITI PRIMARY SCHOOL
PS0706013,GOMA PRIMARY SCHOOL
PS0706160,GOMBELESA PRIMARY SCHOOL
PS0706133,GONJA PRIMARY SCHOOL
PS0706014,GONJANZA PRIMARY SCHOOL
PS0706015,GUNDU PRIMARY SCHOOL
PS0706140,GUNGE PRIMARY SCHOOL
PS0706016,GWANG'A PRIMARY SCHOOL
PS0706017,HEDARU PRIMARY SCHOOL
PS0706018,HEMBUA PRIMARY SCHOOL
PS0706193,HENRY WINKELMOLEN  PRIMARY SCHOOL
PS0706019,IDARU PRIMARY SCHOOL
PS0706186,IGULUNDI PRIMARY SCHOOL
PS0706020,IJINYU PRIMARY SCHOOL
PS0706021,ISHINDE PRIMARY SCHOOL
PS0706022,IVUGA PRIMARY SCHOOL
PS0706023,JITENGENI PRIMARY SCHOOL
PS0706089,JIUNGENI PRIMARY SCHOOL
PS0706024,KADANDO PRIMARY SCHOOL
PS0706025,KAFINGIRO PRIMARY SCHOOL
PS0706026,KALEMANE PRIMARY SCHOOL
PS0706027,KALEMAWE PRIMARY SCHOOL
PS0706194,KAMADUFA MASAI PRIMARY SCHOOL
PS0706028,KAMBENI PRIMARY SCHOOL
PS0706137,KAMPERA PRIMARY SCHOOL
PS0706029,KANZA PRIMARY SCHOOL
PS0706030,KARAMBA PRIMARY SCHOOL
PS0706148,KAVAMBUGU PRIMARY SCHOOL
PS0706031,KIDARU PRIMARY SCHOOL
PS0706032,KIDUNDA PRIMARY SCHOOL
PS0706033,KIDUNDAI PRIMARY SCHOOL
PS0706034,KIGANGO PRIMARY SCHOOL
PS0706035,KIGHARE PRIMARY SCHOOL
PS0706037,KIHURIO PRIMARY SCHOOL
PS0706038,KIJOMU PRIMARY SCHOOL
PS0706190,KIKWETE PRIMARY SCHOOL
PS0706168,KINARU PRIMARY SCHOOL
PS0706039,KIOMANDE PRIMARY SCHOOL
PS0706040,KIRANGA PRIMARY SCHOOL
PS0706041,KIRANGARE PRIMARY SCHOOL
PS0706169,KIRINGA PRIMARY SCHOOL
PS0706155,KIRINJIKO ISLAMIC PRIMARY SCHOOL
PS0706149,KIRINJIKO PRIMARY SCHOOL
PS0706170,KIRONGWE PRIMARY SCHOOL
PS0706042,KIRORE PRIMARY SCHOOL
PS0706188,KISHAA PRIMARY SCHOOL
PS0706043,KISIMA PRIMARY SCHOOL
PS0706044,KISIWANI PRIMARY SCHOOL
PS0706045,KITALA PRIMARY SCHOOL
PS0706144,KITAMURI PRIMARY SCHOOL
PS0706046,KITUBWA PRIMARY SCHOOL
PS0706047,KIWANJA PRIMARY SCHOOL
PS0706189,KIZERUI PRIMARY SCHOOL
PS0706048,KWAINKA PRIMARY SCHOOL
PS0706197,KWAKOKO HILL PRIMARY SCHOOL
PS0706049,KWAMSHITU PRIMARY SCHOOL
PS0706050,KWASEKINGA PRIMARY SCHOOL
PS0706184,KWASERIKA PRIMARY SCHOOL
PS0706051,KWERESHA PRIMARY SCHOOL
PS0706052,KWESASU PRIMARY SCHOOL
PS0706053,KWIZU PRIMARY SCHOOL
PS0706181,LESIRWAI PRIMARY SCHOOL
PS0706054,LUGULU PRIMARY SCHOOL
PS0706161,LUNGWANA PRIMARY SCHOOL
PS0706055,MABILIONI PRIMARY SCHOOL
PS0706057,MAGANDA PRIMARY SCHOOL
PS0706058,MAHANDE PRIMARY SCHOOL
PS0706162,MAJENGO PRIMARY SCHOOL
PS0706141,MAJEVU PRIMARY SCHOOL
PS0706200,MAKANYA ISLAMIC PRIMARY SCHOOL
PS0706059,MAKANYA PRIMARY SCHOOL
PS0706060,MAKASA PRIMARY SCHOOL
PS0706182,MAKERENI PRIMARY SCHOOL
PS0706061,MAKOKANE PRIMARY SCHOOL
PS0706062,MALINDI PRIMARY SCHOOL
PS0706063,MANKA PRIMARY SCHOOL
PS0706064,MAORE PRIMARY SCHOOL
PS0706065,MARARO PRIMARY SCHOOL
PS0706066,MARINDI PRIMARY SCHOOL
PS0706143,MARWA PRIMARY SCHOOL
PS0706067,MASANDARE PRIMARY SCHOOL
PS0706075,MBAKWENI PRIMARY SCHOOL
PS0706083,MBONO PRIMARY SCHOOL
PS0706084,MBUYUNI PRIMARY SCHOOL
PS0706163,MDARIANI PRIMARY SCHOOL
PS0706145,MESERANI PRIMARY SCHOOL
PS0706171,MFEREJINI PRIMARY SCHOOL
PS0706086,MGAMBO PRIMARY SCHOOL
PS0706085,MGANDU PRIMARY SCHOOL
PS0706134,MGHUNGANI PRIMARY SCHOOL
PS0706078,MGWASI PRIMARY SCHOOL
PS0706090,MHERO PRIMARY SCHOOL
PS0706091,MHEZA PRIMARY SCHOOL
PS0706092,MHEZI PRIMARY SCHOOL
PS0706142,MINYALA PRIMARY SCHOOL
PS0706093,MISUFINI PRIMARY SCHOOL
PS0706094,MJEMA PRIMARY SCHOOL
PS0706095,MKANYENI PRIMARY SCHOOL
PS0706172,MKAPA PRIMARY SCHOOL
PS0706096,MKUME PRIMARY SCHOOL
PS0706073,MNG'ENDE PRIMARY SCHOOL
PS0706146,MOIPO PRIMARY SCHOOL
PS0706072,MOKANDA PRIMARY SCHOOL
PS0706074,MONGOLOMA PRIMARY SCHOOL
PS0706185,MOTHER KEVIN PRIMARY SCHOOL
PS0706164,MOUNT SOVAVI PRIMARY SCHOOL
PS0706150,MPATWA PRIMARY SCHOOL
PS0706070,MPINJI PRIMARY SCHOOL
PS0706071,MPIRANI PRIMARY SCHOOL
PS0706165,MRAMBA PRIMARY SCHOOL
PS0706173,MROYO PRIMARY SCHOOL
PS0706069,MSASA PRIMARY SCHOOL
PS0706097,MSHEWA PRIMARY SCHOOL
PS0706174,MSHIHWI PRIMARY SCHOOL
PS0706102,MSINDO PRIMARY SCHOOL
PS0706151,MSOROHA PRIMARY SCHOOL
PS0706103,MTEKE PRIMARY SCHOOL
PS0706080,MTII PRIMARY SCHOOL
PS0706079,MTUNDU PRIMARY SCHOOL
PS0706104,MTUNGUJA PRIMARY SCHOOL
PS0706087,MTURO PRIMARY SCHOOL
PS0706088,MUNZE PRIMARY SCHOOL
PS0706076,MVAA PRIMARY SCHOOL
PS0706101,MVANGO PRIMARY SCHOOL
PS0706191,MVUNGWE PRIMARY SCHOOL
PS0706106,MVURENI PRIMARY SCHOOL
PS0706107,MWALA PRIMARY SCHOOL
PS0706128,MWANYA PRIMARY SCHOOL
PS0706105,MWEMBE PRIMARY SCHOOL
PS0706175,MWENGE PRIMARY SCHOOL
PS0706077,MYAMBA PRIMARY SCHOOL
PS0706081,MYOMBO PRIMARY SCHOOL
PS0706187,NADURURU PRIMARY SCHOOL
PS0706082,NAREMA PRIMARY SCHOOL
PS0706068,NASURO PRIMARY SCHOOL
PS0706108,NDIVENI PRIMARY SCHOOL
PS0706109,NDOLWA PRIMARY SCHOOL
PS0706110,NDUNGU PRIMARY SCHOOL
PS0706147,NGAMA PRIMARY SCHOOL
PS0706111,NGARITO PRIMARY SCHOOL
PS0706192,NGUJINI PRIMARY SCHOOL
PS0706112,NJAGU PRIMARY SCHOOL
PS0706135,NJIRO PRIMARY SCHOOL
PS0706113,NJORO PRIMARY SCHOOL
PS0706115,NKWINI PRIMARY SCHOOL
PS0706118,NTAMBWE PRIMARY SCHOOL
PS0706114,NTENGA PRIMARY SCHOOL
PS0706176,PANGANI PRIMARY SCHOOL
PS0706119,PAPA PRIMARY SCHOOL
PS0706120,PARANE PRIMARY SCHOOL
PS0706121,PARENI PRIMARY SCHOOL
PS0706116,PUTU PRIMARY SCHOOL
PS0706166,RAMU PRIMARY SCHOOL
PS0706123,RIKA PRIMARY SCHOOL
PS0706136,RIKWENI PRIMARY SCHOOL
PS0706177,RINDINI PRIMARY SCHOOL
PS0706117,RUVU PRIMARY SCHOOL
PS0706178,SABASABA PRIMARY SCHOOL
PS0706154,SAME HILL PRIMARY SCHOOL
PS0706122,SAME PRIMARY SCHOOL
PS0706098,SAWENI PRIMARY SCHOOL
PS0706201,ST. JOHN BAPTIST PRIMARY SCHOOL
PS0706199,ST. RITA PRIMARY SCHOOL
PS0706099,SUJI PRIMARY SCHOOL
PS0706100,TAE PRIMARY SCHOOL
PS0706167,TINTINI PRIMARY SCHOOL
PS0706138,TONGWENI PRIMARY SCHOOL
PS0706124,TURIANI PRIMARY SCHOOL
PS0706179,UMOJA PRIMARY SCHOOL
PS0706125,UZAMBARA PRIMARY SCHOOL
PS0706126,VUDEE PRIMARY SCHOOL
PS0706127,VUGWAMA PRIMARY SCHOOL
PS0706131,VUJE PRIMARY SCHOOL
PS0706130,VUMARI PRIMARY SCHOOL
PS0706129,VUMBA PRIMARY SCHOOL
PS0706132,VUNTA PRIMARY SCHOOL
PS0707064,AFRILIGHT PRIMARY SCHOOL
PS0707060,ARISE COMMUNITY PRIMARY SCHOOL
PS0707053,ASHENGAI PRIMARY SCHOOL
PS0707001,DONYOMURWA PRIMARY SCHOOL
PS0707057,EKENYWA PRIMARY SCHOOL
PS0707002,EMBUKOI PRIMARY SCHOOL
PS0707058,FAITH LIGHT PRIMARY SCHOOL
PS0707004,FUKA PRIMARY SCHOOL
PS0707054,FUKA PRIMARY SCHOOL
PS0707005,GARARAGUA PRIMARY SCHOOL
PS0707006,KANDASHI PRIMARY SCHOOL
PS0707007,KARANSI PRIMARY SCHOOL
PS0707055,KIBONG'OTO PRIMARY SCHOOL
PS0707008,KILARI PRIMARY SCHOOL
PS0707009,KILINGI PRIMARY SCHOOL
PS0707010,KIRISHA PRIMARY SCHOOL
PS0707011,KISHISHA PRIMARY SCHOOL
PS0707012,KITAHEMWA PRIMARY SCHOOL
PS0707013,KOBOKO PRIMARY SCHOOL
PS0707014,KYENGIA PRIMARY SCHOOL
PS0707015,LAWATE PRIMARY SCHOOL
PS0707016,LEKRIMUNI PRIMARY SCHOOL
PS0707017,LEMOSHO PRIMARY SCHOOL
PS0707018,LOKIRI PRIMARY SCHOOL
PS0707019,LOMAKAA PRIMARY SCHOOL
PS0707020,MAE JUU PRIMARY SCHOOL
PS0707021,MAGADINI PRIMARY SCHOOL
PS0707022,MAJENGO PRIMARY SCHOOL
PS0707023,MAKIWARU PRIMARY SCHOOL
PS0707024,MAWASILIANO PRIMARY SCHOOL
PS0707025,MERALI PRIMARY SCHOOL
PS0707049,MESE PRIMARY SCHOOL
PS0707050,MKOMBOZI PRIMARY SCHOOL
PS0707026,MONIKO PRIMARY SCHOOL
PS0707073,MUNGE PRIMARY SCHOOL
PS0707027,MWANGAZA PRIMARY SCHOOL
PS0707028,NAIBILI PRIMARY SCHOOL
PS0707029,NAMWAI PRIMARY SCHOOL
PS0707030,NASAI PRIMARY SCHOOL
PS0707031,NAWERU PRIMARY SCHOOL
PS0707072,NEW BEGINNING PRIMARY SCHOOL
PS0707067,NGARE MJI PRIMARY SCHOOL
PS0707032,NGARENAIROBI PRIMARY SCHOOL
PS0707033,NGARITATI PRIMARY SCHOOL
PS0707034,NGARONY PRIMARY SCHOOL
PS0707035,NKYARE PRIMARY SCHOOL
PS0707036,NKYEKU PRIMARY SCHOOL
PS0707037,NRAO MAARABO PRIMARY SCHOOL
PS0707056,NURU PRIMARY SCHOOL
PS0707038,OLKOLILI PRIMARY SCHOOL
PS0707039,OLMOLOG VETY PRIMARY SCHOOL
PS0707040,ORMELILI PRIMARY SCHOOL
PS0707052,ROSELINE PRIMARY SCHOOL
PS0707061,ROSSANA PRIMARY SCHOOL
PS0707041,SABUKU PRIMARY SCHOOL
PS0707042,SAMAKI PRIMARY SCHOOL
PS0707063,SANYA HOYEE PRIMARY SCHOOL
PS0707043,SANYA JUU PRIMARY SCHOOL
PS0707051,SIHA LEADERSHIP PRIMARY SCHOOL
PS0707044,SIHA PRIMARY SCHOOL
PS0707059,SINAI PRIMARY SCHOOL
PS0707045,SUUMU PRIMARY SCHOOL
PS0707046,TINDIGANI NAIBILI PRIMARY SCHOOL
PS0707047,WANRI KATI PRIMARY SCHOOL
PS0707048,WIRI PRIMARY SCHOOL
PS0707062,WIRI PRIMARY SCHOOL
PS0801001,CHAPITA PRIMARY SCHOOL
PS0801002,CHUMO PRIMARY SCHOOL
PS0801094,DARAJANI PRIMARY SCHOOL
PS0801113,FAIBA PRIMARY SCHOOL
PS0801003,HANGA PRIMARY SCHOOL
PS0801071,HONGWE PRIMARY SCHOOL
PS0801004,HOTELI-TATU PRIMARY SCHOOL
PS0801005,INGIRITO PRIMARY SCHOOL
PS0801006,KANDAWALE PRIMARY SCHOOL
PS0801007,KIBATA PRIMARY SCHOOL
PS0801095,KIBE PRIMARY SCHOOL
PS0801008,KIKANDA PRIMARY SCHOOL
PS0801009,KIKOLE PRIMARY SCHOOL
PS0801101,KIKOTAMA PRIMARY SCHOOL
PS0801010,KINJUMBI PRIMARY SCHOOL
PS0801012,KINYWANYU PRIMARY SCHOOL
PS0801011,KIPATIMU PRIMARY SCHOOL
PS0801013,KIPINDIMBI PRIMARY SCHOOL
PS0801014,KIRANJERANJE PRIMARY SCHOOL
PS0801015,KISANGI PRIMARY SCHOOL
PS0801016,KISIMAMKIKA PRIMARY SCHOOL
PS0801017,KISIWANI PRIMARY SCHOOL
PS0801018,KISONGO PRIMARY SCHOOL
PS0801019,KISWERE PRIMARY SCHOOL
PS0801020,KIVINJE PRIMARY SCHOOL
PS0801021,KIWAWA PRIMARY SCHOOL
PS0801096,LIHIMALYAO KUSINI PRIMARY SCHOOL
PS0801022,LIHIMALYAO PRIMARY SCHOOL
PS0801023,LIKAWAGE PRIMARY SCHOOL
PS0801097,LIKUMLA PRIMARY SCHOOL
PS0801091,LYOMANGA PRIMARY SCHOOL
PS0801024,MAKANGAGA PRIMARY SCHOOL
PS0801025,MALALANI PRIMARY SCHOOL
PS0801026,MANDAWA PRIMARY SCHOOL
PS0801074,MARENDEGO PRIMARY SCHOOL
PS0801117,MASANINGA PRIMARY SCHOOL
PS0801027,MASOKO PRIMARY SCHOOL
PS0801028,MATANDU PRIMARY SCHOOL
PS0801029,MAVUJI PRIMARY SCHOOL
PS0801118,MBATE PRIMARY SCHOOL
PS0801119,MBELENJE PRIMARY SCHOOL
PS0801102,MBUYUNI PRIMARY SCHOOL
PS0801030,MBWEMKURU PRIMARY SCHOOL
PS0801080,MCHAKAMA PRIMARY SCHOOL
PS0801031,MIGEREGERE PRIMARY SCHOOL
PS0801032,MIGURUWE PRIMARY SCHOOL
PS0801033,MIKOMA PRIMARY SCHOOL
PS0801034,MINGUMBI PRIMARY SCHOOL
PS0801089,MIRUMBA PRIMARY SCHOOL
PS0801035,MITEJA PRIMARY SCHOOL
PS0801036,MITOLE PRIMARY SCHOOL
PS0801079,MIUMBU PRIMARY SCHOOL
PS0801037,MKARANGO PRIMARY SCHOOL
PS0801038,MKONDAJI PRIMARY SCHOOL
PS0801092,MKWANYULE PRIMARY SCHOOL
PS0801039,MNAZI-MMOJA PRIMARY SCHOOL
PS0801120,MNUNGUNDWA PRIMARY SCHOOL
PS0801040,MPOPERA PRIMARY SCHOOL
PS0801041,MTANDANGO PRIMARY SCHOOL
PS0801042,MTANDI PRIMARY SCHOOL
PS0801043,MTANGA PRIMARY SCHOOL
PS0801075,MTENDE PRIMARY SCHOOL
PS0801098,MTEPERA PRIMARY SCHOOL
PS0801044,MTITIMIRA PRIMARY SCHOOL
PS0801045,MTONDO-KIMWAGA PRIMARY SCHOOL
PS0801046,MTONI PRIMARY SCHOOL
PS0801047,MTUKWAO PRIMARY SCHOOL
PS0801072,MTYALAMBUKO PRIMARY SCHOOL
PS0801103,MUUNGANO PRIMARY SCHOOL
PS0801081,MWANGI PRIMARY SCHOOL
PS0801048,MWENGEI PRIMARY SCHOOL
PS0801049,MZIZIMA PRIMARY SCHOOL
PS0801087,NAHAMA PRIMARY SCHOOL
PS0801082,NAIPULI PRIMARY SCHOOL
PS0801083,NAKINDU PRIMARY SCHOOL
PS0801050,NAKINGOMBE PRIMARY SCHOOL
PS0801051,NAKIU PRIMARY SCHOOL
PS0801093,NAMAKOLO PRIMARY SCHOOL
PS0801052,NAMAKONGORO PRIMARY SCHOOL
PS0801105,NAMATEWA PRIMARY SCHOOL
PS0801115,NAMATUNGUTUNGU PRIMARY SCHOOL
PS0801054,NAMAYUNI PRIMARY SCHOOL
PS0801084,NAMBONDO PRIMARY SCHOOL
PS0801099,NAMKAMBA PRIMARY SCHOOL
PS0801055,NAMPUNGA PRIMARY SCHOOL
PS0801085,NAMTUTI PRIMARY SCHOOL
PS0801056,NAMWEDO PRIMARY SCHOOL
PS0801057,NANDEMBO PRIMARY SCHOOL
PS0801058,NANDETE PRIMARY SCHOOL
PS0801100,NANG'OO KIWALA PRIMARY SCHOOL
PS0801086,NANGURUKURU PRIMARY SCHOOL
PS0801111,NANJIRINJI A PRIMARY SCHOOL
PS0801059,NANJIRINJI PRIMARY SCHOOL
PS0801106,NASAYA PRIMARY SCHOOL
PS0801107,NDENDE PRIMARY SCHOOL
PS0801060,NGARAMBI PRIMARY SCHOOL
PS0801110,NGEA PRIMARY SCHOOL
PS0801088,NGORONGORO PRIMARY SCHOOL
PS0801108,NJIANNE PRIMARY SCHOOL
PS0801061,NJINJO PRIMARY SCHOOL
PS0801062,PANDE PRIMARY SCHOOL
PS0801112,PEC PRIMARY SCHOOL
PS0801078,PUNGUTINI PRIMARY SCHOOL
PS0801063,RUHATWE PRIMARY SCHOOL
PS0801064,RUSHUNGI PRIMARY SCHOOL
PS0801065,RUYAYA PRIMARY SCHOOL
PS0801066,SINGINO PRIMARY SCHOOL
PS0801067,SOMANGA PRIMARY SCHOOL
PS0801104,SOMANGA SIMU PRIMARY SCHOOL
PS0801068,SONGOMNARA PRIMARY SCHOOL
PS0801069,SONGOSONGO PRIMARY SCHOOL
PS0801090,UKOMBOZI PRIMARY SCHOOL
PS0801076,ZINGAKIBAONI PRIMARY SCHOOL
PS0803015,CHELEWENI PRIMARY SCHOOL
PS0803073,CHIKONJI KASKAZINI PRIMARY SCHOOL
PS0803016,CHIKONJI PRIMARY SCHOOL
PS0803035,CHILALA PRIMARY SCHOOL
PS0803036,DIMBA PRIMARY SCHOOL
PS0803074,GREAT MINDS PRIMARY SCHOOL
PS0803034,HIDAYA MEMORIAL PRIMARY SCHOOL
PS0803017,JANGWANI PRIMARY SCHOOL
PS0803033,JOY SCHOOL PRIMARY SCHOOL
PS0803037,KIJIWENI PRIMARY SCHOOL
PS0803038,KIKOMOLELA PRIMARY SCHOOL
PS0803018,KIKWETU PRIMARY SCHOOL
PS0803078,KILANGALA A PRIMARY SCHOOL
PS0803039,KILANGALA PRIMARY SCHOOL
PS0803040,KILOLAMBWANI PRIMARY SCHOOL
PS0803001,KINENG'ENE PRIMARY SCHOOL
PS0803041,KINGURUNGUNDWA PRIMARY SCHOOL
PS0803042,KINYOPE PRIMARY SCHOOL
PS0803043,KITOMANGA PRIMARY SCHOOL
PS0803002,KITUMBIKWELA PRIMARY SCHOOL
PS0803044,KIWAWA PRIMARY SCHOOL
PS0803083,LEGEZA MWENDO PRIMARY SCHOOL
PS0803045,LIHIMILO PRIMARY SCHOOL
PS0803019,LIKONG'O PRIMARY SCHOOL
PS0803003,LIKOTWA PRIMARY SCHOOL
PS0803046,LIKWAYA PRIMARY SCHOOL
PS0803047,MAKANGARA PRIMARY SCHOOL
PS0803048,MAKUMBA PRIMARY SCHOOL
PS0803049,MATAPWA PRIMARY SCHOOL
PS0803050,MATIMBA PRIMARY SCHOOL
PS0803084,MBUYUNI PRIMARY SCHOOL
PS0803051,MCHINGA I PRIMARY SCHOOL
PS0803052,MCHINGA II PRIMARY SCHOOL
PS0803053,MILOLA A PRIMARY SCHOOL
PS0803054,MILOLA B PRIMARY SCHOOL
PS0803020,MINGOYO PRIMARY SCHOOL
PS0803055,MIPINGO PRIMARY SCHOOL
PS0803004,MITWERO PRIMARY SCHOOL
PS0803021,MKANGA I PRIMARY SCHOOL
PS0803014,MKUNDI PRIMARY SCHOOL
PS0803022,MKUPAMA PRIMARY SCHOOL
PS0803056,MKWAJUNI PRIMARY SCHOOL
PS0803023,MKWAYA PRIMARY SCHOOL
PS0803005,MLANDEGE PRIMARY SCHOOL
PS0803057,MNANG'OLE PRIMARY SCHOOL
PS0803024,MNAZI MMOJA PRIMARY SCHOOL
PS0803077,MNAZIMMOJA B PRIMARY SCHOOL
PS0803058,MNIMBILA PRIMARY SCHOOL
PS0803059,MNYANGARA PRIMARY SCHOOL
PS0803060,MOKA PRIMARY SCHOOL
PS0803006,MPILIPILI PRIMARY SCHOOL
PS0803061,MPUTWA PRIMARY SCHOOL
PS0803007,MSINJAHILI PRIMARY SCHOOL
PS0803008,MTANDA PRIMARY SCHOOL
PS0803076,MTANGE PRIMARY SCHOOL
PS0803009,MTULENI PRIMARY SCHOOL
PS0803062,MTUMBIKILE PRIMARY SCHOOL
PS0803025,MUUNGANO PRIMARY SCHOOL
PS0803063,MVULENI PRIMARY SCHOOL
PS0803064,NAMKONGO PRIMARY SCHOOL
PS0803065,NAMTAMBA PRIMARY SCHOOL
PS0803026,NANDAMBI PRIMARY SCHOOL
PS0803066,NANGARU PRIMARY SCHOOL
PS0803027,NANYANJE PRIMARY SCHOOL
PS0803028,NG'APA PRIMARY SCHOOL
PS0803067,NGWENYA PRIMARY SCHOOL
PS0803010,RAHALEO PRIMARY SCHOOL
PS0803029,RUAHA PRIMARY SCHOOL
PS0803068,RUCHEMI PRIMARY SCHOOL
PS0803069,RUHOMA PRIMARY SCHOOL
PS0803070,RUTAMBA PRIMARY SCHOOL
PS0803085,RUTAMBA YA SASA PRIMARY SCHOOL
PS0803071,RUVU PRIMARY SCHOOL
PS0803030,SINDE PRIMARY SCHOOL
PS0803011,STADIUM PRIMARY SCHOOL
PS0803031,TANDANGONGORO PRIMARY SCHOOL
PS0803012,TULIENI PRIMARY SCHOOL
PS0803075,ULEKA PRIMARY SCHOOL
PS0803072,UMOJA PRIMARY SCHOOL
PS0803013,WAILES PRIMARY SCHOOL
PS0804001,BARIKIWA PRIMARY SCHOOL
PS0804002,CHIMBUKO PRIMARY SCHOOL
PS0804039,KAMBARAGE PRIMARY SCHOOL
PS0804056,KAMENA PRIMARY SCHOOL
PS0804003,KAWAWA PRIMARY SCHOOL
PS0804004,KIANGARA PRIMARY SCHOOL
PS0804005,KIBUTUKA PRIMARY SCHOOL
PS0804040,KICHONDA PRIMARY SCHOOL
PS0804049,KIGWEMA PRIMARY SCHOOL
PS0804006,KIKULYUNGU PRIMARY SCHOOL
PS0804007,KIMAMBI PRIMARY SCHOOL
PS0804060,KIMBEMBA PRIMARY SCHOOL
PS0804008,KIPELELE PRIMARY SCHOOL
PS0804009,KIPULE PRIMARY SCHOOL
PS0804010,KITOGORO PRIMARY SCHOOL
PS0804011,LIKOMBORA PRIMARY SCHOOL
PS0804054,LIKONGOWELE PRIMARY SCHOOL
PS0804043,LILOMBE B PRIMARY SCHOOL
PS0804012,LILOMBE PRIMARY SCHOOL
PS0804013,LIWALE PRIMARY SCHOOL
PS0804057,LUIZA MLELWA PRIMARY SCHOOL
PS0804038,MAGEREZA PRIMARY SCHOOL
PS0804014,MAKATA PRIMARY SCHOOL
PS0804052,MAKINDA PRIMARY SCHOOL
PS0804015,MANGIRIKITI PRIMARY SCHOOL
PS0804016,MBAYA PRIMARY SCHOOL
PS0804066,MBONDE PRIMARY SCHOOL
PS0804042,MBULI PRIMARY SCHOOL
PS0804017,MIHUMO PRIMARY SCHOOL
PS0804034,MIKUNYA PRIMARY SCHOOL
PS0804018,MIRUI PRIMARY SCHOOL
PS0804058,MITAWA PRIMARY SCHOOL
PS0804019,MKUNDI PRIMARY SCHOOL
PS0804020,MKUTANO PRIMARY SCHOOL
PS0804021,MKWAJUNI PRIMARY SCHOOL
PS0804022,MLEMBWE PRIMARY SCHOOL
PS0804023,MPENGERE PRIMARY SCHOOL
PS0804024,MPIGAMITI PRIMARY SCHOOL
PS0804055,MSUFINI PRIMARY SCHOOL
PS0804036,MTAWANGO PRIMARY SCHOOL
PS0804037,MTAWATAWA PRIMARY SCHOOL
PS0804050,MUNGURUMO PRIMARY SCHOOL
PS0804044,MUUNGANO PRIMARY SCHOOL
PS0804053,NABUYA PRIMARY SCHOOL
PS0804025,NAHORO PRIMARY SCHOOL
PS0804059,NAIHURU PRIMARY SCHOOL
PS0804026,NALULEO PRIMARY SCHOOL
PS0804045,NAMBINDA PRIMARY SCHOOL
PS0804047,NAMIHU PRIMARY SCHOOL
PS0804051,NANGANDO PRIMARY SCHOOL
PS0804027,NANGANO PRIMARY SCHOOL
PS0804046,NANJEGEJA PRIMARY SCHOOL
PS0804035,NAUJOMBO PRIMARY SCHOOL
PS0804028,NDAPATA PRIMARY SCHOOL
PS0804029,NDUNYUNGU PRIMARY SCHOOL
PS0804030,NDURUKA PRIMARY SCHOOL
PS0804031,NGONGOWELE PRIMARY SCHOOL
PS0804041,NGORONGOPA PRIMARY SCHOOL
PS0804032,NGUMBU PRIMARY SCHOOL
PS0804033,NGUNJA PRIMARY SCHOOL
PS0804048,TURUKI PRIMARY SCHOOL
PS0802072,CHIKOMBE PRIMARY SCHOOL
PS0802001,CHIODYA PRIMARY SCHOOL
PS0802002,CHIPONDA PRIMARY SCHOOL
PS0802003,CHIUTA PRIMARY SCHOOL
PS0802049,CHIUWE PRIMARY SCHOOL
PS0802004,CHIWERERE PRIMARY SCHOOL
PS0802005,HINGAWALI PRIMARY SCHOOL
PS0802084,KILIDU PRIMARY SCHOOL
PS0802079,KILIMANIHEWA PRIMARY SCHOOL
PS0802054,KILIMANJARO PRIMARY SCHOOL
PS0802074,KIPINGO PRIMARY SCHOOL
PS0802006,KIWALALA PRIMARY SCHOOL
PS0802007,KIWANJANI PRIMARY SCHOOL
PS0802061,LIGANGA PRIMARY SCHOOL
PS0802058,LIHIMBA PRIMARY SCHOOL
PS0802008,LIKOLOMBE PRIMARY SCHOOL
PS0802071,LINDWANDWALI PRIMARY SCHOOL
PS0802050,LINOHA PRIMARY SCHOOL
PS0802009,LIPOME PRIMARY SCHOOL
PS0802073,LITINGI PRIMARY SCHOOL
PS0802010,LITIPU PRIMARY SCHOOL
PS0802076,LUWALE PRIMARY SCHOOL
PS0802011,MADANGWA PRIMARY SCHOOL
PS0802012,MADINGO PRIMARY SCHOOL
PS0802013,MAHIWA PRIMARY SCHOOL
PS0802014,MAHUMBIKA PRIMARY SCHOOL
PS0802047,MAJENGO PRIMARY SCHOOL
PS0802015,MALUNGO PRIMARY SCHOOL
PS0802085,MANDAWA PRIMARY SCHOOL
PS0802016,MANDWANGA PRIMARY SCHOOL
PS0802075,MBAGALA PRIMARY SCHOOL
PS0802060,MBALALA PRIMARY SCHOOL
PS0802051,MBAWALA PRIMARY SCHOOL
PS0802055,MBUTA PRIMARY SCHOOL
PS0802018,MIHANGA PRIMARY SCHOOL
PS0802019,MIHIMA PRIMARY SCHOOL
PS0802020,MIHOGONI PRIMARY SCHOOL
PS0802017,MILAMBA PRIMARY SCHOOL
PS0802021,MITANGA PRIMARY SCHOOL
PS0802022,MKANGA II PRIMARY SCHOOL
PS0802080,MKUNG'UNI PRIMARY SCHOOL
PS0802062,MMANGAWANGA PRIMARY SCHOOL
PS0802067,MMONGOMONGO PRIMARY SCHOOL
PS0802043,MMUMBU PRIMARY SCHOOL
PS0802023,MNARA PRIMARY SCHOOL
PS0802063,MNENGULO PRIMARY SCHOOL
PS0802024,MNOLELA PRIMARY SCHOOL
PS0802044,MPEMBE PRIMARY SCHOOL
PS0802065,MSANGI PRIMARY SCHOOL
PS0802025,MTAMA PRIMARY SCHOOL
PS0802059,MTEGU PRIMARY SCHOOL
PS0802026,MTUA PRIMARY SCHOOL
PS0802027,MTUMBYA PRIMARY SCHOOL
PS0802056,MWANGU PRIMARY SCHOOL
PS0802028,NACHUNYU PRIMARY SCHOOL
PS0802029,NAHUKAHUKA PRIMARY SCHOOL
PS0802030,NAMANGALE PRIMARY SCHOOL
PS0802081,NAMDEDA PRIMARY SCHOOL
PS0802052,NAMPUNGA PRIMARY SCHOOL
PS0802068,NAMTUMBULA PRIMARY SCHOOL
PS0802032,NAMUNDA PRIMARY SCHOOL
PS0802031,NAMUPA PRIMARY SCHOOL
PS0802042,NANG'AKA PRIMARY SCHOOL
PS0802057,NARWADI PRIMARY SCHOOL
PS0802033,NAVANGA PRIMARY SCHOOL
PS0802048,NG`AWA PRIMARY SCHOOL
PS0802078,NIKOWELA PRIMARY SCHOOL
PS0802069,NJONJO PRIMARY SCHOOL
PS0802066,NNDAWA PRIMARY SCHOOL
PS0802036,NTAUNA PRIMARY SCHOOL
PS0802037,NTENE PRIMARY SCHOOL
PS0802034,NYANGAMARA PRIMARY SCHOOL
PS0802035,NYANGAO PRIMARY SCHOOL
PS0802038,NYENGEDI PRIMARY SCHOOL
PS0802039,NYUNDO I PRIMARY SCHOOL
PS0802086,PANGABOI PRIMARY SCHOOL
PS0802053,RUHOKWE PRIMARY SCHOOL
PS0802040,RUO PRIMARY SCHOOL
PS0802045,SHUKA PRIMARY SCHOOL
PS0802046,SIMANA PRIMARY SCHOOL
PS0802070,SONGAMBELE PRIMARY SCHOOL
PS0802041,SUDI PRIMARY SCHOOL
PS0802077,UJIRANIMWEMA PRIMARY SCHOOL
PS0802064,UTIMBE PRIMARY SCHOOL
PS0805003,CHEMCHEM PRIMARY SCHOOL
PS0805004,CHIGANGA PRIMARY SCHOOL
PS0805102,CHILAILE PRIMARY SCHOOL
PS0805005,CHIMBENDENGA PRIMARY SCHOOL
PS0805006,CHINGUNDULI PRIMARY SCHOOL
PS0805007,CHIOLA PRIMARY SCHOOL
PS0805008,CHIUMBATI PRIMARY SCHOOL
PS0805084,CHIWINDI PRIMARY SCHOOL
PS0805097,FARM 17 PRIMARY SCHOOL
PS0805093,FARM 8 PRIMARY SCHOOL
PS0805083,GAMA PRIMARY SCHOOL
PS0805009,IKUNGU PRIMARY SCHOOL
PS0805099,ILOLO PRIMARY SCHOOL
PS0805079,ILULU PRIMARY SCHOOL
PS0805072,JANGWANI PRIMARY SCHOOL
PS0805080,JITEGEMEE PRIMARY SCHOOL
PS0805081,JUHUDI PRIMARY SCHOOL
PS0805094,KALOLENI PRIMARY SCHOOL
PS0805085,KIBAONI PRIMARY SCHOOL
PS0805010,KIEGEI PRIMARY SCHOOL
PS0805011,KIHUWE PRIMARY SCHOOL
PS0805012,KILIMARONDO PRIMARY SCHOOL
PS0805013,KIPARA PRIMARY SCHOOL
PS0805014,KITANDI PRIMARY SCHOOL
PS0805104,KONGO PRIMARY SCHOOL
PS0805105,LIKONGOWELE PRIMARY SCHOOL
PS0805015,LIKWELA PRIMARY SCHOOL
PS0805016,LIONJA PRIMARY SCHOOL
PS0805077,LIPUYU PRIMARY SCHOOL
PS0805017,MAJENGO PRIMARY SCHOOL
PS0805018,MAJIMAJI PRIMARY SCHOOL
PS0805074,MAJOGO PRIMARY SCHOOL
PS0805019,MAJONANGA PRIMARY SCHOOL
PS0805087,MAKITIKITI PRIMARY SCHOOL
PS0805020,MANDAI PRIMARY SCHOOL
PS0805021,MANDAWA PRIMARY SCHOOL
PS0805022,MAPINDUZI PRIMARY SCHOOL
PS0805023,MARAMBO PRIMARY SCHOOL
PS0805024,MATANGINI PRIMARY SCHOOL
PS0805025,MAUHINDA PRIMARY SCHOOL
PS0805026,MAYAKA PRIMARY SCHOOL
PS0805071,MAZIWA PRIMARY SCHOOL
PS0805027,MBONDO PRIMARY SCHOOL
PS0805088,MBUTE PRIMARY SCHOOL
PS0805028,MCHANGANI PRIMARY SCHOOL
PS0805073,MCHONDA PRIMARY SCHOOL
PS0805089,MIANZINI PRIMARY SCHOOL
PS0805029,MITUMBATI PRIMARY SCHOOL
PS0805103,MIUMBUTI PRIMARY SCHOOL
PS0805030,MKOKA PRIMARY SCHOOL
PS0805031,MKONJELA PRIMARY SCHOOL
PS0805032,MKOTOKUYANA PRIMARY SCHOOL
PS0805101,MKUKWE PRIMARY SCHOOL
PS0805033,MKUMBA PRIMARY SCHOOL
PS0805091,MKURUPILO PRIMARY SCHOOL
PS0805106,MKWAJUNI PRIMARY SCHOOL
PS0805034,MNERO PRIMARY SCHOOL
PS0805035,MPIRUKA PRIMARY SCHOOL
PS0805070,MPUTE PRIMARY SCHOOL
PS0805036,MTIMBO PRIMARY SCHOOL
PS0805037,MTUA PRIMARY SCHOOL
PS0805038,MUUNGANO PRIMARY SCHOOL
PS0805108,MUZDALIFA ISLAMIC PRIMARY SCHOOL
PS0805039,MWANDILA PRIMARY SCHOOL
PS0805040,MWENGE PRIMARY SCHOOL
PS0805041,NACHINGWEA PRIMARY SCHOOL
PS0805114,NAGAGA PRIMARY SCHOOL
PS0805068,NAHIMBA PRIMARY SCHOOL
PS0805042,NAIPANGA PRIMARY SCHOOL
PS0805043,NAIPINGO PRIMARY SCHOOL
PS0805045,NAKALONJI PRIMARY SCHOOL
PS0805044,NALENGWE PRIMARY SCHOOL
PS0805051,NAMANJA PRIMARY SCHOOL
PS0805046,NAMAPWIA PRIMARY SCHOOL
PS0805047,NAMATULA PRIMARY SCHOOL
PS0805078,NAMATUMBUSI PRIMARY SCHOOL
PS0805069,NAMATUNU PRIMARY SCHOOL
PS0805098,NAMAUNI PRIMARY SCHOOL
PS0805086,NAMBALAPALA PRIMARY SCHOOL
PS0805048,NAMBAMBO PRIMARY SCHOOL
PS0805049,NAMIKANGO PRIMARY SCHOOL
PS0805050,NAMKULA PRIMARY SCHOOL
PS0805052,NAMMANGA PRIMARY SCHOOL
PS0805092,NAMPEMBA PRIMARY SCHOOL
PS0805119,NANDEMBO PRIMARY SCHOOL
PS0805100,NANDILE PRIMARY SCHOOL
PS0805075,NANG'ONDO PRIMARY SCHOOL
PS0805053,NANGOWE PRIMARY SCHOOL
PS0805054,NANGUNDE PRIMARY SCHOOL
PS0805055,NANJIHI PRIMARY SCHOOL
PS0805090,NARUNGOMBE PRIMARY SCHOOL
PS0805110,NAUNGO PRIMARY SCHOOL
PS0805056,NDITI PRIMARY SCHOOL
PS0805057,NDOMONDO PRIMARY SCHOOL
PS0805058,NDOMONI PRIMARY SCHOOL
PS0805107,NGANGAMBO PRIMARY SCHOOL
PS0805059,NGUNICHILE PRIMARY SCHOOL
PS0805076,NGUVUMOJA PRIMARY SCHOOL
PS0805060,NTILA PRIMARY SCHOOL
PS0805095,NYAMBI PRIMARY SCHOOL
PS0805082,RAHALEO PRIMARY SCHOOL
PS0805061,RUPONDA PRIMARY SCHOOL
PS0805062,RUPOTA PRIMARY SCHOOL
PS0805063,RWEJE PRIMARY SCHOOL
PS0805109,SILVERNACHI PRIMARY SCHOOL
PS0805064,SONGAMBELE PRIMARY SCHOOL
PS0805065,STESHENI PRIMARY SCHOOL
PS0805066,TUNDURU-YA-LEO PRIMARY SCHOOL
PS0805067,UHURU PRIMARY SCHOOL
PS0805096,UKOMBOZI PRIMARY SCHOOL
PS0806001,CHIBULA PRIMARY SCHOOL
PS0806004,CHIENJELE PRIMARY SCHOOL
PS0806082,CHIKOKO PRIMARY SCHOOL
PS0806002,CHIKUNDI PRIMARY SCHOOL
PS0806050,CHIKWALE PRIMARY SCHOOL
PS0806007,CHILANGALILE PRIMARY SCHOOL
PS0806066,CHIMBILA 'B' PRIMARY SCHOOL
PS0806006,CHIMBILA PRIMARY SCHOOL
PS0806073,CHINGUMBWA PRIMARY SCHOOL
PS0806046,CHINOKOLE PRIMARY SCHOOL
PS0806005,CHINONGWE PRIMARY SCHOOL
PS0806089,CHIWANGALA PRIMARY SCHOOL
PS0806003,CHUNYU PRIMARY SCHOOL
PS0806051,DODOMA PRIMARY SCHOOL
PS0806008,IPINGO PRIMARY SCHOOL
PS0806067,JUHUDI PRIMARY SCHOOL
PS0806053,KIPINDIMBI PRIMARY SCHOOL
PS0806009,KITANDI PRIMARY SCHOOL
PS0806076,LICHWACHWA PRIMARY SCHOOL
PS0806012,LIKANGARA PRIMARY SCHOOL
PS0806014,LIKUNJA PRIMARY SCHOOL
PS0806011,LIKWACHU PRIMARY SCHOOL
PS0806052,LIPANDE PRIMARY SCHOOL
PS0806054,LITAMA PRIMARY SCHOOL
PS0806010,LIUGURU PRIMARY SCHOOL
PS0806013,LUCHELEGWA PRIMARY SCHOOL
PS0806024,MACHANG'ANJA PRIMARY SCHOOL
PS0806075,MAGUJA PRIMARY SCHOOL
PS0806022,MAKANJIRO PRIMARY SCHOOL
PS0806018,MALOLO PRIMARY SCHOOL
PS0806057,MAMBA PRIMARY SCHOOL
PS0806023,MANDARAWE PRIMARY SCHOOL
PS0806029,MANDAWA PRIMARY SCHOOL
PS0806068,MANOKWE PRIMARY SCHOOL
PS0806027,MATAMBARALE PRIMARY SCHOOL
PS0806072,MATUMBU PRIMARY SCHOOL
PS0806047,MBANGARA PRIMARY SCHOOL
PS0806019,MBECHA PRIMARY SCHOOL
PS0806025,MBEKENYERA PRIMARY SCHOOL
PS0806094,MBUNGU PRIMARY SCHOOL
PS0806058,MBUYUNI PRIMARY SCHOOL
PS0806086,MCHENGANYUMBA PRIMARY SCHOOL
PS0806020,MIBURE PRIMARY SCHOOL
PS0806017,MICHENGA PRIMARY SCHOOL
PS0806016,MIHEWE PRIMARY SCHOOL
PS0806074,MITOPE PRIMARY SCHOOL
PS0806021,MKATA PRIMARY SCHOOL
PS0806026,MKUTINGOME PRIMARY SCHOOL
PS0806056,MMAWA PRIMARY SCHOOL
PS0806015,MNACHO PRIMARY SCHOOL
PS0806078,MNAMBA PRIMARY SCHOOL
PS0806096,MPANYU PRIMARY SCHOOL
PS0806081,MPARA PRIMARY SCHOOL
PS0806070,MPUMBE PRIMARY SCHOOL
PS0806055,MTAKUJA PRIMARY SCHOOL
PS0806065,MTAWILILE PRIMARY SCHOOL
PS0806028,MTONDO PRIMARY SCHOOL
PS0806085,MTOPITOPI PRIMARY SCHOOL
PS0806097,NACHINUKU PRIMARY SCHOOL
PS0806059,NACHINYIMBA PRIMARY SCHOOL
PS0806087,NACHIULAGA PRIMARY SCHOOL
PS0806079,NACHIUNGO PRIMARY SCHOOL
PS0806030,NAHANGA PRIMARY SCHOOL
PS0806060,NAMAKONDE PRIMARY SCHOOL
PS0806040,NAMAKUKU PRIMARY SCHOOL
PS0806091,NAMAPOU PRIMARY SCHOOL
PS0806031,NAMBILANJE PRIMARY SCHOOL
PS0806033,NAMICHIGA PRIMARY SCHOOL
PS0806077,NAMIENJE PRIMARY SCHOOL
PS0806061,NAMIHEGU PRIMARY SCHOOL
PS0806036,NAMIKULO PRIMARY SCHOOL
PS0806035,NAMILEMA PRIMARY SCHOOL
PS0806088,NAMITENDE PRIMARY SCHOOL
PS0806048,NAMKATILA PRIMARY SCHOOL
PS0806049,NAMKONJELA PRIMARY SCHOOL
PS0806042,NANDAGALA PRIMARY SCHOOL
PS0806034,NANDANDARA PRIMARY SCHOOL
PS0806043,NANDANGA PRIMARY SCHOOL
PS0806038,NANDENJE PRIMARY SCHOOL
PS0806044,NANGANGA PRIMARY SCHOOL
PS0806041,NANGUMBU PRIMARY SCHOOL
PS0806062,NANGURUGAI PRIMARY SCHOOL
PS0806032,NANJARU PRIMARY SCHOOL
PS0806037,NARUNGOMBE PRIMARY SCHOOL
PS0806063,NAUNAMBE PRIMARY SCHOOL
PS0806069,NDANDAWALE PRIMARY SCHOOL
PS0806080,NG'ALILE PRIMARY SCHOOL
PS0806064,NG'IMBWA PRIMARY SCHOOL
PS0806095,NJENGA PRIMARY SCHOOL
PS0806039,NKOWE PRIMARY SCHOOL
PS0806045,RUANGWA PRIMARY SCHOOL
PS0806084,SOUTHERN STAR PRIMARY SCHOOL
PS0806071,UHURU PRIMARY SCHOOL
PS0806083,WONDER KIDS PRIMARY SCHOOL
PS0901135,BIGEGU PRIMARY SCHOOL
PS0901003,BUGUMA PRIMARY SCHOOL
PS0901004,BUKAMA PRIMARY SCHOOL
PS0901106,BULAMBA PRIMARY SCHOOL
PS0901006,BULENDABUFWE PRIMARY SCHOOL
PS0901111,BULOMBA PRIMARY SCHOOL
PS0901008,BUNERE PRIMARY SCHOOL
PS0901161,BUNYUNYI PRIMARY SCHOOL
PS0901009,BUSAMBARA PRIMARY SCHOOL
PS0901145,BUSAMBU PRIMARY SCHOOL
PS0901010,BUSORE PRIMARY SCHOOL
PS0901011,BUZIMBWE PRIMARY SCHOOL
PS0901012,BWANZA PRIMARY SCHOOL
PS0901110,CHAMAKAPO PRIMARY SCHOOL
PS0901129,CHAMTIGITI PRIMARY SCHOOL
PS0901150,CHINGURUBILA PRIMARY SCHOOL
PS0901156,DODOMA PRIMARY SCHOOL
PS0901102,HARUZALE PRIMARY SCHOOL
PS0901165,HOPE ADVENTIST PRIMARY SCHOOL
PS0901017,HUNYARI PRIMARY SCHOOL
PS0901099,IBWAGALILO PRIMARY SCHOOL
PS0901018,IGUNDU PRIMARY SCHOOL
PS0901019,IKIZU 'A' PRIMARY SCHOOL
PS0901130,IKIZU 'B' PRIMARY SCHOOL
PS0901020,ISANJU PRIMARY SCHOOL
PS0901021,KABAINJA PRIMARY SCHOOL
PS0901024,KABIRIZI PRIMARY SCHOOL
PS0901101,KAMBARAGE PRIMARY SCHOOL
PS0901026,KAMBUBU PRIMARY SCHOOL
PS0901146,KAMULEBYA PRIMARY SCHOOL
PS0901027,KARUKEKERE 'A' PRIMARY SCHOOL
PS0901120,KARUKEKERE 'B' PRIMARY SCHOOL
PS0901028,KASAHUNGA PRIMARY SCHOOL
PS0901029,KASUGUTI PRIMARY SCHOOL
PS0901030,KENKOMBYO PRIMARY SCHOOL
PS0901103,KETARE PRIMARY SCHOOL
PS0901031,KIBARA 'A' PRIMARY SCHOOL
PS0901131,KIBARA 'B' PRIMARY SCHOOL
PS0901032,KIGAGA PRIMARY SCHOOL
PS0901033,KIHUMBU PRIMARY SCHOOL
PS0901168,KILIMANI PRIMARY SCHOOL
PS0901035,KIROLELI PRIMARY SCHOOL
PS0901037,KISORYA PRIMARY SCHOOL
PS0901038,KITENGULE PRIMARY SCHOOL
PS0901042,KURUSANGA PRIMARY SCHOOL
PS0901043,KYANDEGE PRIMARY SCHOOL
PS0901015,MAFWELE PRIMARY SCHOOL
PS0901163,MAHANGA PRIMARY SCHOOL
PS0901045,MAHYOLO PRIMARY SCHOOL
PS0901104,MAKWA PRIMARY SCHOOL
PS0901046,MANCHIMWERU 'A' PRIMARY SCHOOL
PS0901134,MANCHIMWERU 'B' PRIMARY SCHOOL
PS0901100,MANYANGARE PRIMARY SCHOOL
PS0901047,MARAMBEKA PRIMARY SCHOOL
PS0901048,MARIWANDA 'A' PRIMARY SCHOOL
PS0901137,MARIWANDA 'B' PRIMARY SCHOOL
PS0901151,MASABA PRIMARY SCHOOL
PS0901049,MASAHUNGA PRIMARY SCHOOL
PS0901056,MCHIGONDO PRIMARY SCHOOL
PS0901051,MEKOMARIRO 'A' PRIMARY SCHOOL
PS0901122,MEKOMARIRO 'B' PRIMARY SCHOOL
PS0901055,MIHINGO PRIMARY SCHOOL
PS0901058,MUGARA 'A' PRIMARY SCHOOL
PS0901133,MUGARA 'B' PRIMARY SCHOOL
PS0901059,MUGETA PRIMARY SCHOOL
PS0901162,MUGETA PRIMARY SCHOOL
PS0901060,MUMAGUNGA PRIMARY SCHOOL
PS0901061,MURANDA 'A' PRIMARY SCHOOL
PS0901124,MURANDA 'B' PRIMARY SCHOOL
PS0901147,MUUNGANO PRIMARY SCHOOL
PS0901158,MWIBARA PRIMARY SCHOOL
PS0901064,MWIRURUMA PRIMARY SCHOOL
PS0901062,MWISENI PRIMARY SCHOOL
PS0901063,MWITENDE PRIMARY SCHOOL
PS0901065,NAFUBA PRIMARY SCHOOL
PS0901066,NAKATUBA PRIMARY SCHOOL
PS0901067,NAMALAMA PRIMARY SCHOOL
PS0901068,NAMALEBE PRIMARY SCHOOL
PS0901069,NAMBAZA PRIMARY SCHOOL
PS0901070,NAMBUBI PRIMARY SCHOOL
PS0901072,NAMHULA PRIMARY SCHOOL
PS0901071,NAMHULA-STOO PRIMARY SCHOOL
PS0901073,NAMIBU 'A' PRIMARY SCHOOL
PS0901125,NAMIBU 'B' PRIMARY SCHOOL
PS0901074,NANSIMO PRIMARY SCHOOL
PS0901112,NANSURULI PRIMARY SCHOOL
PS0901076,NYABURUNDU PRIMARY SCHOOL
PS0901166,NYABUZUME PRIMARY SCHOOL
PS0901152,NYAMAKOMBU PRIMARY SCHOOL
PS0901080,NYAMITWEBILI PRIMARY SCHOOL
PS0901081,NYAMUSWA 'A' PRIMARY SCHOOL
PS0901126,NYAMUSWA 'B' PRIMARY SCHOOL
PS0901082,NYANG'ARANGA PRIMARY SCHOOL
PS0901083,NYANGERE PRIMARY SCHOOL
PS0901153,NYANSIRORI PRIMARY SCHOOL
PS0901086,RAGATA PRIMARY SCHOOL
PS0901141,RAKANA PRIMARY SCHOOL
PS0901167,SABASITA PRIMARY SCHOOL
PS0901088,SALAMA 'A' PRIMARY SCHOOL
PS0901128,SALAMA 'B' PRIMARY SCHOOL
PS0901089,SALAMA-KATI PRIMARY SCHOOL
PS0901090,SANZATE PRIMARY SCHOOL
PS0901105,SARAKWA PRIMARY SCHOOL
PS0901092,SARAWE PRIMARY SCHOOL
PS0901094,SIKIRO PRIMARY SCHOOL
PS0901164,ST. GREGORY PRIMARY SCHOOL
PS0901160,STEVEN WASIRA  PRIMARY SCHOOL
PS0901095,SUNSI 'A' PRIMARY SCHOOL
PS0901127,SUNSI 'B' PRIMARY SCHOOL
PS0901098,TINGIRIMA PRIMARY SCHOOL
PS0909070,ACT-SHALOM PRIMARY SCHOOL
PS0909085,AMANI LUTHERAN PRIMARY SCHOOL
PS0909081,AZIMIO PRIMARY SCHOOL
PS0909001,BALILI A PRIMARY SCHOOL
PS0909002,BALILI B PRIMARY SCHOOL
PS0909003,BIGUTU PRIMARY SCHOOL
PS0909004,BITARAGURU A PRIMARY SCHOOL
PS0909005,BITARAGURU B PRIMARY SCHOOL
PS0909006,BUKORE PRIMARY SCHOOL
PS0909007,BUNDA A PRIMARY SCHOOL
PS0909008,BUNDA B PRIMARY SCHOOL
PS0909082,BUNDA STOO PRIMARY SCHOOL
PS0909009,BUSHIGWAMALA PRIMARY SCHOOL
PS0909010,BUTAKALE PRIMARY SCHOOL
PS0909073,CHAMGONGO PRIMARY SCHOOL
PS0909011,CHANGUGE PRIMARY SCHOOL
PS0909012,CHIRINGE A PRIMARY SCHOOL
PS0909013,CHIRINGE B PRIMARY SCHOOL
PS0909014,DAYSTAR PRIMARY SCHOOL
PS0909015,FASEJOMA PRIMARY SCHOOL
PS0909016,GUTA A PRIMARY SCHOOL
PS0909017,GUTA B PRIMARY SCHOOL
PS0909065,IHALE PRIMARY SCHOOL
PS0909018,KABARIMU A PRIMARY SCHOOL
PS0909019,KABARIMU B PRIMARY SCHOOL
PS0909020,KABASA A PRIMARY SCHOOL
PS0909021,KABASA B PRIMARY SCHOOL
PS0909022,KAMKENGA PRIMARY SCHOOL
PS0909023,KANGETUTYA PRIMARY SCHOOL
PS0909024,KILIMANI PRIMARY SCHOOL
PS0909025,KINYAMBWIGA A PRIMARY SCHOOL
PS0909026,KINYAMBWIGA B PRIMARY SCHOOL
PS0909027,KISANGWA PRIMARY SCHOOL
PS0909028,KITARAMAKA PRIMARY SCHOOL
PS0909029,KIWASI PRIMARY SCHOOL
PS0909030,KUNANGA PRIMARY SCHOOL
PS0909031,KUNG'OMBE A PRIMARY SCHOOL
PS0909032,KUNG'OMBE B PRIMARY SCHOOL
PS0909033,KUNZUGU PRIMARY SCHOOL
PS0909034,LIGAMBA PRIMARY SCHOOL
PS0909035,MAJENGO PRIMARY SCHOOL
PS0909066,MAKALEKALE PRIMARY SCHOOL
PS0909036,MAZOEZI BUNDA PRIMARY SCHOOL
PS0909071,MBUGANI PRIMARY SCHOOL
PS0909037,MCHARO PRIMARY SCHOOL
PS0909038,MIEMBENI A PRIMARY SCHOOL
PS0909039,MIEMBENI B PRIMARY SCHOOL
PS0909040,MIGUNGANI PRIMARY SCHOOL
PS0909041,MIHALE PRIMARY SCHOOL
PS0909068,MT. FRANCIS WA ASSIS PRIMARY SCHOOL
PS0909042,MUGAJA PRIMARY SCHOOL
PS0909043,MZUMA PRIMARY SCHOOL
PS0909044,NYABEHU PRIMARY SCHOOL
PS0909045,NYAMATOKE PRIMARY SCHOOL
PS0909046,NYAMBITILWA PRIMARY SCHOOL
PS0909047,NYAMILAMA PRIMARY SCHOOL
PS0909048,NYANTARE PRIMARY SCHOOL
PS0909049,NYASANA PRIMARY SCHOOL
PS0909050,NYASURA PRIMARY SCHOOL
PS0909052,NYERERE PRIMARY SCHOOL
PS0909053,NYIHANGA PRIMARY SCHOOL
PS0909055,RUBANA PRIMARY SCHOOL
PS0909056,RWABU PRIMARY SCHOOL
PS0909057,SAZIRA PRIMARY SCHOOL
PS0909058,SENGEREMA PRIMARY SCHOOL
PS0909069,SHIYENZO PRIMARY SCHOOL
PS0909060,ST. PAUL'S PRIMARY SCHOOL
PS0909067,ST.MARIA ROSE PRIMARY SCHOOL
PS0909061,TAIRO PRIMARY SCHOOL
PS0909063,USHASHI PRIMARY SCHOOL
PS0909064,WARIKU PRIMARY SCHOOL
PS0907001,BARANGA PRIMARY SCHOOL
PS0907002,BIATIKA PRIMARY SCHOOL
PS0907003,BISARYE PRIMARY SCHOOL
PS0907004,BISUMWA PRIMARY SCHOOL
PS0907087,BLESSED EDMUND PRIMARY SCHOOL
PS0907005,BUHEMBA PRIMARY SCHOOL
PS0907083,BUKINGA PRIMARY SCHOOL
PS0907006,BUMANGI PRIMARY SCHOOL
PS0907007,BURUMA PRIMARY SCHOOL
PS0907008,BUSEGWE PRIMARY SCHOOL
PS0907009,BUSIRIME PRIMARY SCHOOL
PS0907010,BUSWAHILI PRIMARY SCHOOL
PS0907093,BUTASYA PRIMARY SCHOOL
PS0907011,BUTIAMA 'B' PRIMARY SCHOOL
PS0907012,BUTIAMA PRIMARY SCHOOL
PS0907013,BUTURU PRIMARY SCHOOL
PS0907014,BUZAHYA PRIMARY SCHOOL
PS0907015,BWIREGI PRIMARY SCHOOL
PS0907101,CHIEF MANYORI PRIMARY SCHOOL
PS0907090,DEUS CARITAS PRIMARY SCHOOL
PS0907016,IBISO PRIMARY SCHOOL
PS0907017,ISABA PRIMARY SCHOOL
PS0907092,KAGINAKERU PRIMARY SCHOOL
PS0907018,KAMGENDI PRIMARY SCHOOL
PS0907019,KAMIMANGE PRIMARY SCHOOL
PS0907020,KAMUGEGI PRIMARY SCHOOL
PS0907021,KIABAKARI 'B' PRIMARY SCHOOL
PS0907022,KIABAKARI PRIMARY SCHOOL
PS0907023,KIAGATA PRIMARY SCHOOL
PS0907024,KIBUBWA PRIMARY SCHOOL
PS0907025,KIGORI PRIMARY SCHOOL
PS0907026,KIHUZU PRIMARY SCHOOL
PS0907027,KINYARIRI PRIMARY SCHOOL
PS0907028,KIRUMI PRIMARY SCHOOL
PS0907029,KISAMWENE PRIMARY SCHOOL
PS0907030,KITARAMANKA PRIMARY SCHOOL
PS0907031,KIZARU PRIMARY SCHOOL
PS0907032,KONGOTO PRIMARY SCHOOL
PS0907033,KURUGESE PRIMARY SCHOOL
PS0907034,KWIGUTU PRIMARY SCHOOL
PS0907035,KWISANGURA PRIMARY SCHOOL
PS0907036,KWISARO PRIMARY SCHOOL
PS0907037,KYAMAJOJE PRIMARY SCHOOL
PS0907100,KYAMASABETA PRIMARY SCHOOL
PS0907038,KYAMUKO PRIMARY SCHOOL
PS0907039,KYASAMITI PRIMARY SCHOOL
PS0907040,KYAWAZARU PRIMARY SCHOOL
PS0907041,KYESWA PRIMARY SCHOOL
PS0907042,MADARAKA PRIMARY SCHOOL
PS0907043,MAGANA PRIMARY SCHOOL
PS0907044,MAGEREZA PRIMARY SCHOOL
PS0907045,MAGUNGA PRIMARY SCHOOL
PS0907046,MAKORE PRIMARY SCHOOL
PS0907094,MANYAWA PRIMARY SCHOOL
PS0907047,MASURURA PRIMARY SCHOOL
PS0907048,MATONGO PRIMARY SCHOOL
PS0907085,MBEZA PRIMARY SCHOOL
PS0907049,MIRWA PRIMARY SCHOOL
PS0907050,MKIRINGO PRIMARY SCHOOL
PS0907084,MKONO  PRIMARY SCHOOL
PS0907051,MMAZAMI PRIMARY SCHOOL
PS0907052,MUGANZA PRIMARY SCHOOL
PS0907053,MURIAZA PRIMARY SCHOOL
PS0907088,MWALIMU NYERERE PRIMARY SCHOOL
PS0907054,MWANZABURIGA PRIMARY SCHOOL
PS0907055,MWIBAGI PRIMARY SCHOOL
PS0907056,MWIKOKO PRIMARY SCHOOL
PS0907057,NGEREKWE PRIMARY SCHOOL
PS0907058,NYABANGE PRIMARY SCHOOL
PS0907059,NYABEKWABI PRIMARY SCHOOL
PS0907060,NYABUBUMARI PRIMARY SCHOOL
PS0907061,NYAGINO PRIMARY SCHOOL
PS0907062,NYAKISWA PRIMARY SCHOOL
PS0907063,NYAMAGANA PRIMARY SCHOOL
PS0907064,NYAMBILI PRIMARY SCHOOL
PS0907065,NYAMIHURU PRIMARY SCHOOL
PS0907086,NYAMIKOMA 'B' PRIMARY SCHOOL
PS0907066,NYAMIKOMA PRIMARY SCHOOL
PS0907067,NYAMISISI PRIMARY SCHOOL
PS0907068,NYANKANGA PRIMARY SCHOOL
PS0907069,NYANZA PRIMARY SCHOOL
PS0907070,NYARUKORU PRIMARY SCHOOL
PS0907071,NYASIRORI PRIMARY SCHOOL
PS0907091,RESSURECTION PRIMARY SCHOOL
PS0907072,RWAMKOMA PRIMARY SCHOOL
PS0907073,RWASERETA PRIMARY SCHOOL
PS0907074,RYAMISANGA PRIMARY SCHOOL
PS0907075,RYAMUGABO PRIMARY SCHOOL
PS0907076,SINGU PRIMARY SCHOOL
PS0907077,SIRORISIMBA PRIMARY SCHOOL
PS0907078,TARANI PRIMARY SCHOOL
PS0907079,TERITA PRIMARY SCHOOL
PS0907080,TONYO PRIMARY SCHOOL
PS0907089,VICZONE PRIMARY SCHOOL
PS0907081,WEGERO PRIMARY SCHOOL
PS0907082,ZANAKI PRIMARY SCHOOL
PS0902112,AGAPEPRIMARY SCHOOL PRIMARY SCHOOL
PS0902001,BUGOJI PRIMARY SCHOOL
PS0902002,BUGWEMA PRIMARY SCHOOL
PS0902003,BUIRA PRIMARY SCHOOL
PS0902004,BUKUMI PRIMARY SCHOOL
PS0902109,BUKWAYA PRIMARY SCHOOL
PS0902076,BULINGA  B PRIMARY SCHOOL
PS0902005,BULINGA PRIMARY SCHOOL
PS0902006,BURAGA PRIMARY SCHOOL
PS0902007,BURUNGU PRIMARY SCHOOL
PS0902008,BUSAMBA PRIMARY SCHOOL
PS0902009,BUSEKERA PRIMARY SCHOOL
PS0902077,BUSUMI B PRIMARY SCHOOL
PS0902010,BUSUMI PRIMARY SCHOOL
PS0902011,BUSUNGU PRIMARY SCHOOL
PS0902078,BUTATA  B PRIMARY SCHOOL
PS0902012,BUTATA PRIMARY SCHOOL
PS0902079,BWAI B PRIMARY SCHOOL
PS0902013,BWAI PRIMARY SCHOOL
PS0902080,BWASI 'B' PRIMARY SCHOOL
PS0902014,BWASI PRIMARY SCHOOL
PS0902081,BWENDA  B PRIMARY SCHOOL
PS0902015,BWENDA PRIMARY SCHOOL
PS0902082,CHANYAURU B  PRIMARY SCHOOL
PS0902016,CHANYAURU PRIMARY SCHOOL
PS0902083,CHIMATI  B PRIMARY SCHOOL
PS0902017,CHIMATI PRIMARY SCHOOL
PS0902018,CHIRORWE PRIMARY SCHOOL
PS0902084,CHITARE  B PRIMARY SCHOOL
PS0902019,CHITARE PRIMARY SCHOOL
PS0902085,CHUMWI  B  PRIMARY SCHOOL
PS0902020,CHUMWI PRIMARY SCHOOL
PS0902120,EKUNGU PRIMARY SCHOOL
PS0902113,ELIMEDO PRIMARY SCHOOL
PS0902021,ETARO PRIMARY SCHOOL
PS0902022,JITIRORA PRIMARY SCHOOL
PS0902086,KABURABURA  B PRIMARY SCHOOL
PS0902023,KABURABURA PRIMARY SCHOOL
PS0902024,KAMATONDO PRIMARY SCHOOL
PS0902025,KAMBARAGE PRIMARY SCHOOL
PS0902026,KAMGURUKI PRIMARY SCHOOL
PS0902087,KANDEREMA B PRIMARY SCHOOL
PS0902027,KANDEREMA PRIMARY SCHOOL
PS0902028,KANYEGA PRIMARY SCHOOL
PS0902029,KARUBUGU PRIMARY SCHOOL
PS0902088,KASOMA  B PRIMARY SCHOOL
PS0902030,KASOMA PRIMARY SCHOOL
PS0902089,KATARYO  B PRIMARY SCHOOL
PS0902031,KATARYO PRIMARY SCHOOL
PS0902090,KIGERA B PRIMARY SCHOOL
PS0902032,KIGERA PRIMARY SCHOOL
PS0902033,KINYANG'ERERE PRIMARY SCHOOL
PS0902091,KIRIBA  B PRIMARY SCHOOL
PS0902034,KIRIBA PRIMARY SCHOOL
PS0902092,KOME  B PRIMARY SCHOOL
PS0902035,KOME PRIMARY SCHOOL
PS0902093,KURUGONGO  B PRIMARY SCHOOL
PS0902036,KURUGONGO PRIMARY SCHOOL
PS0902037,KURUKEREGE PRIMARY SCHOOL
PS0902094,KUSENYI  B  PRIMARY SCHOOL
PS0902038,KUSENYI PRIMARY SCHOOL
PS0902095,KWIBARA B PRIMARY SCHOOL
PS0902039,KWIBARA PRIMARY SCHOOL
PS0902040,KWIKEREGE PRIMARY SCHOOL
PS0902041,KWIKUBA PRIMARY SCHOOL
PS0902042,LYASEMBE PRIMARY SCHOOL
PS0902096,MABUIMERAFURU  B PRIMARY SCHOOL
PS0902043,MABUIMERAFURU PRIMARY SCHOOL
PS0902097,MAJITA  B PRIMARY SCHOOL
PS0902044,MAJITA PRIMARY SCHOOL
PS0902045,MAKOJO PRIMARY SCHOOL
PS0902046,MANEKE PRIMARY SCHOOL
PS0902047,MASINONO PRIMARY SCHOOL
PS0902048,MIKUYU PRIMARY SCHOOL
PS0902107,MKAPA  PRIMARY SCHOOL
PS0902098,MKIRIRA B PRIMARY SCHOOL
PS0902049,MKIRIRA PRIMARY SCHOOL
PS0902050,MMAHARE PRIMARY SCHOOL
PS0902051,MUGANE PRIMARY SCHOOL
PS0902052,MUGANGO PRIMARY SCHOOL
PS0902053,MUHOJI PRIMARY SCHOOL
PS0902099,MURANGI  B PRIMARY SCHOOL
PS0902054,MURANGI PRIMARY SCHOOL
PS0902055,MURUGEE PRIMARY SCHOOL
PS0902056,MURUNYIGO PRIMARY SCHOOL
PS0902057,MUSANJA PRIMARY SCHOOL
PS0902058,MWIRINGO PRIMARY SCHOOL
PS0902114,NGERENGERE PRIMARY SCHOOL
PS0902059,NYABAENGERE PRIMARY SCHOOL
PS0902060,NYAKATENDE PRIMARY SCHOOL
PS0902061,NYAMBONO 'A' PRIMARY SCHOOL
PS0902062,NYAMBONO 'B' PRIMARY SCHOOL
PS0902100,NYAMINYA  B PRIMARY SCHOOL
PS0902063,NYAMINYA PRIMARY SCHOOL
PS0902110,NYAMIYENGA PRIMARY SCHOOL
PS0902108,NYAMRANDIRIRA PRIMARY SCHOOL
PS0902064,NYAMWIRU PRIMARY SCHOOL
PS0902065,NYASAUNGU PRIMARY SCHOOL
PS0902066,NYASURURA PRIMARY SCHOOL
PS0902101,NYEGINA B PRIMARY SCHOOL
PS0902067,NYEGINA PRIMARY SCHOOL
PS0902068,NYETASYO PRIMARY SCHOOL
PS0902069,RUKUBA PRIMARY SCHOOL
PS0902102,RUSOLI  B PRIMARY SCHOOL
PS0902070,RUSOLI PRIMARY SCHOOL
PS0902111,RWANGA PRIMARY SCHOOL
PS0902103,SEKA  B  PRIMARY SCHOOL
PS0902071,SEKA PRIMARY SCHOOL
PS0902072,SOKOINE PRIMARY SCHOOL
PS0902104,SUGUTI  B PRIMARY SCHOOL
PS0902073,SUGUTI PRIMARY SCHOOL
PS0902105,TEGERUKA B PRIMARY SCHOOL
PS0902074,TEGERUKA PRIMARY SCHOOL
PS0902106,WANYERE  B PRIMARY SCHOOL
PS0902075,WANYERE PRIMARY SCHOOL
PS0903039,ACT MARA PRIMARY SCHOOL
PS0903046,AMANI PRIMARY SCHOOL
PS0903001,AZIMIO PRIMARY SCHOOL
PS0903041,BAKHITA PRIMARY SCHOOL
PS0903066,BUHARE KATI PRIMARY SCHOOL
PS0903002,BUHARE PRIMARY SCHOOL
PS0903063,BUKOBA 'B' PRIMARY SCHOOL
PS0903043,BUKOBA PRIMARY SCHOOL
PS0903003,BWERI PRIMARY SCHOOL
PS0903045,CHRIST THE KING PRIMARY SCHOOL
PS0903054,GHATI MEMORIAL PRIMARY SCHOOL
PS0903047,IMAM SHAFII PRIMARY SCHOOL
PS0903040,IMANUEL PRIMARY SCHOOL
PS0903004,IRINGO 'A' PRIMARY SCHOOL
PS0903023,IRINGO 'B' PRIMARY SCHOOL
PS0903044,JWTZ BUKANGA PRIMARY SCHOOL
PS0903036,KAMBARAGE 'A' PRIMARY SCHOOL
PS0903037,KAMBARAGE 'B' PRIMARY SCHOOL
PS0903005,KAMUNYONGE 'A' PRIMARY SCHOOL
PS0903024,KAMUNYONGE 'B' PRIMARY SCHOOL
PS0903018,KIARA PRIMARY SCHOOL
PS0903006,KIGERA 'A' PRIMARY SCHOOL
PS0903025,KIGERA 'B' PRIMARY SCHOOL
PS0903016,KWANGWA PRIMARY SCHOOL
PS0903049,MSANGI PRIMARY SCHOOL
PS0903017,MSHIKAMANO 'A' PRIMARY SCHOOL
PS0903034,MSHIKAMANO 'B' PRIMARY SCHOOL
PS0903019,MTAKUJA A PRIMARY SCHOOL
PS0903035,MTAKUJA 'B' PRIMARY SCHOOL
PS0903055,MUGOMA PRIMARY SCHOOL
PS0903007,MUKENDO PRIMARY SCHOOL
PS0903008,MUSOMA PRIMARY SCHOOL
PS0903009,MWEMBENI 'A' PRIMARY SCHOOL
PS0903026,MWEMBENI 'B' PRIMARY SCHOOL
PS0903010,MWISENGE 'A' PRIMARY SCHOOL
PS0903027,MWISENGE 'B' PRIMARY SCHOOL
PS0903053,NEW MANNA PRIMARY SCHOOL
PS0903011,NYAKATO 'A' PRIMARY SCHOOL
PS0903028,NYAKATO 'B' PRIMARY SCHOOL
PS0903029,NYAKATO 'C' PRIMARY SCHOOL
PS0903012,NYAMATARE 'A' PRIMARY SCHOOL
PS0903030,NYAMATARE 'B' PRIMARY SCHOOL
PS0903042,NYANG'OMBORI PRIMARY SCHOOL
PS0903013,NYARIGAMBA 'A' PRIMARY SCHOOL
PS0903031,NYARIGAMBA 'B' PRIMARY SCHOOL
PS0903014,NYASHO 'A' PRIMARY SCHOOL
PS0903032,NYASHO 'B' PRIMARY SCHOOL
PS0903038,PAROMA PRIMARY SCHOOL
PS0903015,RWAMLIMI 'A' PRIMARY SCHOOL
PS0903033,RWAMLIMI 'B' PRIMARY SCHOOL
PS0903065,RWAMLIMI S.D.A  PRIMARY SCHOOL
PS0903048,SETAVIN PRIMARY SCHOOL
PS0903057,SILOAM PRIMARY SCHOOL
PS0903020,SONGAMBELE PRIMARY SCHOOL
PS0903056,ST PAUL PRIMARY SCHOOL
PS0903021,STJOHN BOSCO PRIMARY SCHOOL
PS0903064,WITTS PRIMARY SCHOOL
PS0906126,BARATON PRIMARY SCHOOL
PS0906136,BINASO PRIMARY SCHOOL
PS0906001,BITIRYO PRIMARY SCHOOL
PS0906002,BUBOMBI PRIMARY SCHOOL
PS0906003,BUGENDI 'A' PRIMARY SCHOOL
PS0906005,BUGIRE PRIMARY SCHOOL
PS0906006,BUKAMA PRIMARY SCHOOL
PS0906007,BUKIRO PRIMARY SCHOOL
PS0906008,BUKWE PRIMARY SCHOOL
PS0906009,BUSANGA PRIMARY SCHOOL
PS0906010,BUTURI PRIMARY SCHOOL
PS0906011,BWIRI PRIMARY SCHOOL
PS0906012,CHANGUGE PRIMARY SCHOOL
PS0906013,CHARYA PRIMARY SCHOOL
PS0906014,CHERECHE PRIMARY SCHOOL
PS0906120,COMAPO PRIMARY SCHOOL
PS0906118,DAGOPA PRIMARY SCHOOL
PS0906128,DOWNHILL PRIMARY SCHOOL
PS0906125,ELIZABETH MEMORIAL PRIMARY SCHOOL
PS0906018,ERENGO PRIMARY SCHOOL
PS0906015,GABIMORI PRIMARY SCHOOL
PS0906016,GIBENI PRIMARY SCHOOL
PS0906017,GIRANGO PRIMARY SCHOOL
PS0906019,INGRI CHINI PRIMARY SCHOOL
PS0906020,INGRIJUU PRIMARY SCHOOL
PS0906021,IRIENYI PRIMARY SCHOOL
PS0906135,K.M.T NGASARO PRIMARY SCHOOL
PS0906022,KAGECHA PRIMARY SCHOOL
PS0906023,KASINO PRIMARY SCHOOL
PS0906123,KIBACHIRO PRIMARY SCHOOL
PS0906024,KIBUYI PRIMARY SCHOOL
PS0906148,KIHUNDA PRIMARY SCHOOL
PS0906025,KINESI 'A' PRIMARY SCHOOL
PS0906026,KINESI 'B' PRIMARY SCHOOL
PS0906027,KINGIGORO PRIMARY SCHOOL
PS0906028,KIROGO PRIMARY SCHOOL
PS0906029,KIRONGWE PRIMARY SCHOOL
PS0906030,KISUMWA PRIMARY SCHOOL
PS0906031,KITEMBE PRIMARY SCHOOL
PS0906032,KOGAJA PRIMARY SCHOOL
PS0906033,KOMUGE PRIMARY SCHOOL
PS0906034,KONGO PRIMARY SCHOOL
PS0906035,KOTWO PRIMARY SCHOOL
PS0906036,KUKONA PRIMARY SCHOOL
PS0906037,KURUYA PRIMARY SCHOOL
PS0906147,KWEROMA PRIMARY SCHOOL
PS0906038,KWIBUSE PRIMARY SCHOOL
PS0906039,KYABAIBI PRIMARY SCHOOL
PS0906132,KYABUNYONYI PRIMARY SCHOOL
PS0906133,KYAMKAMI PRIMARY SCHOOL
PS0906042,KYAMWAME PRIMARY SCHOOL
PS0906043,KYANYAMSANA PRIMARY SCHOOL
PS0906040,KYARIKO PRIMARY SCHOOL
PS0906041,KYARO PRIMARY SCHOOL
PS0906044,LIGERO PRIMARY SCHOOL
PS0906116,LOLWE PRIMARY SCHOOL
PS0906045,LUANDAKISERU PRIMARY SCHOOL
PS0906046,LUANDASIMBIRI PRIMARY SCHOOL
PS0906047,MAJENGO PRIMARY SCHOOL
PS0906048,MALKIA WA SHIRATI PRIMARY SCHOOL
PS0906049,MANG'ORE PRIMARY SCHOOL
PS0906050,MANILA PRIMARY SCHOOL
PS0906051,MANYANYI PRIMARY SCHOOL
PS0906052,MANYARA PRIMARY SCHOOL
PS0906053,MARASIBORA PRIMARY SCHOOL
PS0906119,MARIWA PRIMARY SCHOOL
PS0906054,MASARA PRIMARY SCHOOL
PS0906055,MASIKE PRIMARY SCHOOL
PS0906056,MASONGA PRIMARY SCHOOL
PS0906121,MBATAMO PRIMARY SCHOOL
PS0906058,MICHIRE PRIMARY SCHOOL
PS0906059,MIGEKO PRIMARY SCHOOL
PS0906060,MIKA PRIMARY SCHOOL
PS0906057,MILENIA YA TATU PRIMARY SCHOOL
PS0906061,MINIGO PRIMARY SCHOOL
PS0906062,MKENGWA PRIMARY SCHOOL
PS0906063,MKOMA PRIMARY SCHOOL
PS0906124,MORI PRIMARY SCHOOL
PS0906064,MUCHIROBI PRIMARY SCHOOL
PS0906065,MUHARANGO PRIMARY SCHOOL
PS0906066,MUHUNDWE PRIMARY SCHOOL
PS0906117,MWEGE PRIMARY SCHOOL
PS0906149,NEW TINA'S PRIMARY SCHOOL
PS0906067,NGASARO PRIMARY SCHOOL
PS0906068,NG'OPE PRIMARY SCHOOL
PS0906069,NYABIKONDO PRIMARY SCHOOL
PS0906070,NYAHERA PRIMARY SCHOOL
PS0906071,NYAHONGO PRIMARY SCHOOL
PS0906072,NYAMAGARO PRIMARY SCHOOL
PS0906073,NYAMAGONGO PRIMARY SCHOOL
PS0906138,NYAMAGUKU PRIMARY SCHOOL
PS0906074,NYAMASANDA PRIMARY SCHOOL
PS0906075,NYAMASIEKI PRIMARY SCHOOL
PS0906077,NYAMBOGO PRIMARY SCHOOL
PS0906076,NYAMBORI PRIMARY SCHOOL
PS0906078,NYAMUGERE PRIMARY SCHOOL
PS0906079,NYAMUSI PRIMARY SCHOOL
PS0906080,NYANCHABAKENYE PRIMARY SCHOOL
PS0906081,NYANDUGA PRIMARY SCHOOL
PS0906155,NYANG'OMBE PRIMARY SCHOOL
PS0906082,NYANJAGE PRIMARY SCHOOL
PS0906137,NYANJOGU PRIMARY SCHOOL
PS0906083,NYAROMBO PRIMARY SCHOOL
PS0906084,NYASOKO PRIMARY SCHOOL
PS0906085,NYASORO PRIMARY SCHOOL
PS0906086,NYIHARA PRIMARY SCHOOL
PS0906087,OBOLO PRIMARY SCHOOL
PS0906088,OBWERE PRIMARY SCHOOL
PS0906089,OCHUNA PRIMARY SCHOOL
PS0906131,ODIKWA PRIMARY SCHOOL
PS0906090,OLIYO 'A' PRIMARY SCHOOL
PS0906091,OLIYO 'B' PRIMARY SCHOOL
PS0906092,OMOCHE 'A' PRIMARY SCHOOL
PS0906093,OMOCHE 'B' PRIMARY SCHOOL
PS0906094,OMUGA PRIMARY SCHOOL
PS0906095,OSIRI PRIMARY SCHOOL
PS0906096,PANYAKOO PRIMARY SCHOOL
PS0906130,POI PRIMARY SCHOOL
PS0906097,RADIENYA PRIMARY SCHOOL
PS0906098,RANDA PRIMARY SCHOOL
PS0906099,RARANYA PRIMARY SCHOOL
PS0906100,RATIA PRIMARY SCHOOL
PS0906101,RAYUDHI PRIMARY SCHOOL
PS0906102,ROCHE PRIMARY SCHOOL
PS0906103,RUHU PRIMARY SCHOOL
PS0906104,RWANG'ENYI PRIMARY SCHOOL
PS0906105,RYAGATI PRIMARY SCHOOL
PS0906106,SAYE PRIMARY SCHOOL
PS0906107,SHIRATI PRIMARY SCHOOL
PS0906108,SIKO PRIMARY SCHOOL
PS0906109,SOKORABOLO PRIMARY SCHOOL
PS0906110,SOTA PRIMARY SCHOOL
PS0906122,ST. CONSOLATA  PRIMARY SCHOOL
PS0906111,SUDI PRIMARY SCHOOL
PS0906139,TACHO PRIMARY SCHOOL
PS0906112,TATWE PRIMARY SCHOOL
PS0906113,THABACHE PRIMARY SCHOOL
PS0906127,TINA'S PRIMARY SCHOOL
PS0906114,TINGIRIME PRIMARY SCHOOL
PS0906115,UTEGI PRIMARY SCHOOL
PS0904097,AMANI PRIMARY SCHOOL
PS0904082,BISARARA PRIMARY SCHOOL
PS0904131,BOKORE PRIMARY SCHOOL
PS0904070,BONCHUGU PRIMARY SCHOOL
PS0904001,BORENGA PRIMARY SCHOOL
PS0904002,BURUNGA PRIMARY SCHOOL
PS0904003,BUSAWE PRIMARY SCHOOL
PS0904004,BWITENGI PRIMARY SCHOOL
PS0904113,CHRIST THE  KING PRIMARY SCHOOL
PS0904101,ENYAMAI PRIMARY SCHOOL
PS0904081,FORT IKOMA PRIMARY SCHOOL
PS0904005,GEITASAMO PRIMARY SCHOOL
PS0904006,GESARYA PRIMARY SCHOOL
PS0904123,GETARUNGU PRIMARY SCHOOL
PS0904007,GUSUHI PRIMARY SCHOOL
PS0904130,GWIKONGO PRIMARY SCHOOL
PS0904072,HEKWE PRIMARY SCHOOL
PS0904008,IGINA PRIMARY SCHOOL
PS0904009,IHARARA PRIMARY SCHOOL
PS0904010,IKORONGO PRIMARY SCHOOL
PS0904011,IRAMBA PRIMARY SCHOOL
PS0904013,ISERESERE PRIMARY SCHOOL
PS0904014,ITUNUNU PRIMARY SCHOOL
PS0904121,KAMBARAGE B PRIMARY SCHOOL
PS0904087,KAMBARAGE PRIMARY SCHOOL
PS0904015,KEBANCHABANCHA PRIMARY SCHOOL
PS0904016,KEBOSONGO PRIMARY SCHOOL
PS0904017,KEMALAMBO PRIMARY SCHOOL
PS0904018,KEMUGONGO PRIMARY SCHOOL
PS0904091,KENOKWE PRIMARY SCHOOL
PS0904019,KENYAMONTA PRIMARY SCHOOL
PS0904112,KENYANA 'B' PRIMARY SCHOOL
PS0904020,KENYANA PRIMARY SCHOOL
PS0904096,KERUKEREGE PRIMARY SCHOOL
PS0904025,KETEMBERE PRIMARY SCHOOL
PS0904106,KEWAMBOGO PRIMARY SCHOOL
PS0904021,KIBEYO PRIMARY SCHOOL
PS0904134,KICHONGO B PRIMARY SCHOOL
PS0904022,KICHONGO PRIMARY SCHOOL
PS0904023,KISAKA PRIMARY SCHOOL
PS0904024,KISANGURA PRIMARY SCHOOL
PS0904107,KITARUNGU PRIMARY SCHOOL
PS0904026,KITUNGURUMA PRIMARY SCHOOL
PS0904118,KOBOGWE PRIMARY SCHOOL
PS0904027,KONO PRIMARY SCHOOL
PS0904028,KORERI PRIMARY SCHOOL
PS0904125,KOROHONGO PRIMARY SCHOOL
PS0904029,KWITETE PRIMARY SCHOOL
PS0904102,LITTLE FLOWER PRIMARY SCHOOL
PS0904115,MABATINI PRIMARY SCHOOL
PS0904030,MABURI PRIMARY SCHOOL
PS0904031,MACHOCHWE PRIMARY SCHOOL
PS0904032,MAGANGE PRIMARY SCHOOL
PS0904033,MAGATINI PRIMARY SCHOOL
PS0904114,MAGHAKA PRIMARY SCHOOL
PS0904034,MAJIMOTO PRIMARY SCHOOL
PS0904133,MAKOROBOI  PRIMARY SCHOOL
PS0904103,MAKUNDUSI PRIMARY SCHOOL
PS0904129,MALIWA PRIMARY SCHOOL
PS0904132,MANYAGO PRIMARY SCHOOL
PS0904104,MANYATTA PRIMARY SCHOOL
PS0904084,MAPINDUZI B PRIMARY SCHOOL
PS0904036,MAPINDUZI PRIMARY SCHOOL
PS0904079,MARASOMOCHE PRIMARY SCHOOL
PS0904083,MASANGURA PRIMARY SCHOOL
PS0904116,MASEBE PRIMARY SCHOOL
PS0904108,MATANKA PRIMARY SCHOOL
PS0904037,MATARE PRIMARY SCHOOL
PS0904038,MBALIBALI PRIMARY SCHOOL
PS0904109,MBIRIKIRI PRIMARY SCHOOL
PS0904128,MCHURI PRIMARY SCHOOL
PS0904140,MELENGALYA PRIMARY SCHOOL
PS0904120,MERENGA B PRIMARY SCHOOL
PS0904074,MERENGA PRIMARY SCHOOL
PS0904039,MESAGA PRIMARY SCHOOL
PS0904119,METEMWE PRIMARY SCHOOL
PS0904040,MISEKE PRIMARY SCHOOL
PS0904098,MLIMANI PRIMARY SCHOOL
PS0904041,MONINGORI PRIMARY SCHOOL
PS0904086,MONUNA PRIMARY SCHOOL
PS0904042,MOROTONGA PRIMARY SCHOOL
PS0904069,MOSONGO PRIMARY SCHOOL
PS0904043,MOTUKERI PRIMARY SCHOOL
PS0904085,MUGUMU B PRIMARY SCHOOL
PS0904044,MUGUMU PRIMARY SCHOOL
PS0904045,MUSATI PRIMARY SCHOOL
PS0904089,MUUNGANO PRIMARY SCHOOL
PS0904046,NATTABIGO PRIMARY SCHOOL
PS0904047,NGARAWANI PRIMARY SCHOOL
PS0904105,NYAHENDE PRIMARY SCHOOL
PS0904048,NYAIGABO PRIMARY SCHOOL
PS0904076,NYAKITONO PRIMARY SCHOOL
PS0904049,NYAMAKENDO PRIMARY SCHOOL
PS0904080,NYAMAKOBITI PRIMARY SCHOOL
PS0904094,NYAMATARE PRIMARY SCHOOL
PS0904050,NYAMATOKE PRIMARY SCHOOL
PS0904077,NYAMBURETI PRIMARY SCHOOL
PS0904051,NYAMBURI PRIMARY SCHOOL
PS0904127,NYAMIHURU PRIMARY SCHOOL
PS0904052,NYAMISINGISI PRIMARY SCHOOL
PS0904078,NYAMITITA PRIMARY SCHOOL
PS0904053,NYAMOKO PRIMARY SCHOOL
PS0904035,NYANDEREMA PRIMARY SCHOOL
PS0904124,NYANGWE PRIMARY SCHOOL
PS0904054,NYANKOMOGO PRIMARY SCHOOL
PS0904055,NYANSURUMUNTI PRIMARY SCHOOL
PS0904075,NYANSURURA PRIMARY SCHOOL
PS0904110,NYANTARE PRIMARY SCHOOL
PS0904111,NYANUNGU PRIMARY SCHOOL
PS0904056,NYIBEREKERA PRIMARY SCHOOL
PS0904057,NYIBOKO PRIMARY SCHOOL
PS0904058,NYICHOKA PRIMARY SCHOOL
PS0904117,NYISENSE PRIMARY SCHOOL
PS0904088,PARK NYIGOTI  PRIMARY SCHOOL
PS0904059,REMUNGORORI PRIMARY SCHOOL
PS0904060,RIGICHA PRIMARY SCHOOL
PS0904061,RINGWANI PRIMARY SCHOOL
PS0904062,ROBANDA PRIMARY SCHOOL
PS0904063,RUNGABURE PRIMARY SCHOOL
PS0904064,RWAMCHANGA PRIMARY SCHOOL
PS0904066,SINGISI PRIMARY SCHOOL
PS0904092,SOGOTI PRIMARY SCHOOL
PS0904067,TABORA-'B' PRIMARY SCHOOL
PS0904093,TAMKERI PRIMARY SCHOOL
PS0904100,TUMAINI PRIMARY SCHOOL
PS0904068,WAGETE PRIMARY SCHOOL
PS0904099,ZAKIA MEGHJI PRIMARY SCHOOL
PS0905001,ABAINANO PRIMARY SCHOOL
PS0905107,BAMAGI VISSION PRIMARY SCHOOL
PS0905002,BISARWI PRIMARY SCHOOL
PS0905003,BONG'ENG'E PRIMARY SCHOOL
PS0905004,BOREGA-'A' PRIMARY SCHOOL
PS0905005,BOREGA-'B' PRIMARY SCHOOL
PS0905006,BUNGURERE PRIMARY SCHOOL
PS0905270,BWIRE PRIMARY SCHOOL
PS0905271,BYANTANG'ANA PRIMARY SCHOOL
PS0905114,DEBBIE PRIMARY SCHOOL
PS0905008,GENKURU PRIMARY SCHOOL
PS0905287,GETENA PRIMARY SCHOOL
PS0905009,GIBASISI PRIMARY SCHOOL
PS0905010,GIBASO PRIMARY SCHOOL
PS0905284,GLORIOUS ADVENTIST PRIMARY SCHOOL
PS0905011,GWITARE PRIMARY SCHOOL
PS0905012,GWITIRYO PRIMARY SCHOOL
PS0905013,HEAGTON PRIMARY SCHOOL
PS0905295,HEBREWSA PRIMARY SCHOOL
PS0905248,IRAMBA PRIMARY SCHOOL
PS0905014,ITIRYO PRIMARY SCHOOL
PS0905119,JEMA PRIMARY SCHOOL
PS0905015,KAMBARAGE PRIMARY SCHOOL
PS0905016,KANGARIANI PRIMARY SCHOOL
PS0905017,KARAKATONGA PRIMARY SCHOOL
PS0905018,KEBOGWE PRIMARY SCHOOL
PS0905019,KEBWEYE PRIMARY SCHOOL
PS0905020,KEGONGA PRIMARY SCHOOL
PS0905021,KEISANGORA PRIMARY SCHOOL
PS0905022,KEMAKORERE PRIMARY SCHOOL
PS0905023,KEMBWI PRIMARY SCHOOL
PS0905024,KENYAMOSABI PRIMARY SCHOOL
PS0905025,KENYANGI PRIMARY SCHOOL
PS0905026,KERENDE PRIMARY SCHOOL
PS0905027,KERYOBA PRIMARY SCHOOL
PS0905028,KEWAMAMBA PRIMARY SCHOOL
PS0905029,KEWANJA PRIMARY SCHOOL
PS0905250,KIBASUKA PRIMARY SCHOOL
PS0905030,KIKOMORI PRIMARY SCHOOL
PS0905031,KIMUSI PRIMARY SCHOOL
PS0905032,KIONGERA PRIMARY SCHOOL
PS0905033,KITAGASEMBE PRIMARY SCHOOL
PS0905034,KITAGUTITI PRIMARY SCHOOL
PS0905035,KITAWASI PRIMARY SCHOOL
PS0905036,KITENGA PRIMARY SCHOOL
PS0905037,KITERERE PRIMARY SCHOOL
PS0905038,KOBORI PRIMARY SCHOOL
PS0905039,KOMASWA PRIMARY SCHOOL
PS0905040,KOROTAMBE PRIMARY SCHOOL
PS0905041,KUBITERERE PRIMARY SCHOOL
PS0905042,KUKUMALI PRIMARY SCHOOL
PS0905043,KUMWIKA PRIMARY SCHOOL
PS0905044,KWIGENGE PRIMARY SCHOOL
PS0905045,KWIHANCHA PRIMARY SCHOOL
PS0905251,KWIHORE PRIMARY SCHOOL
PS0905252,KWINOGO PRIMARY SCHOOL
PS0905046,KWISARARA PRIMARY SCHOOL
PS0905047,KYORUBA PRIMARY SCHOOL
PS0905278,MAGERE PRIMARY SCHOOL
PS0905048,MAGOMA PRIMARY SCHOOL
PS0905049,MAGOTO PRIMARY SCHOOL
PS0905261,MAGRETH PRIMARY SCHOOL
PS0905115,MAIKA PRIMARY SCHOOL
PS0905260,MAKERERO PRIMARY SCHOOL
PS0905281,MANG'O PRIMARY SCHOOL
PS0905051,MANGUCHA PRIMARY SCHOOL
PS0905267,MARY IMMACULATE PRIMARY SCHOOL
PS0905269,MARYO PRIMARY SCHOOL
PS0905052,MASAFA PRIMARY SCHOOL
PS0905053,MASANGA PRIMARY SCHOOL
PS0905265,MASIAGA PRIMARY SCHOOL
PS0905253,MASOTA PRIMARY SCHOOL
PS0905054,MASURURA PRIMARY SCHOOL
PS0905055,MATAMANKWE PRIMARY SCHOOL
PS0905056,MATARE PRIMARY SCHOOL
PS0905057,MATONGO PRIMARY SCHOOL
PS0905272,MGWERA PRIMARY SCHOOL
PS0905058,MONANKA PRIMARY SCHOOL
PS0905273,MORE PRIMARY SCHOOL
PS0905247,MRITO PRIMARY SCHOOL
PS0905059,MURIBA PRIMARY SCHOOL
PS0905254,MURINGI PRIMARY SCHOOL
PS0905060,MUUNGANO PRIMARY SCHOOL
PS0905283,MWAHI PRIMARY SCHOOL
PS0905255,NG'ENG'I PRIMARY SCHOOL
PS0905061,NG'ERENG'ERE PRIMARY SCHOOL
PS0905062,NKEREGE PRIMARY SCHOOL
PS0905063,NTAGACHA PRIMARY SCHOOL
PS0905064,NYABICHUNE PRIMARY SCHOOL
PS0905065,NYABIGENA PRIMARY SCHOOL
PS0905066,NYABIRONGO PRIMARY SCHOOL
PS0905067,NYABISAGA PRIMARY SCHOOL
PS0905068,NYABITOCHO PRIMARY SCHOOL
PS0905069,NYABUSARA PRIMARY SCHOOL
PS0905070,NYAGISYA PRIMARY SCHOOL
PS0905071,NYAIROMA PRIMARY SCHOOL
PS0905072,NYAKALIMA PRIMARY SCHOOL
PS0905073,NYAKONGA PRIMARY SCHOOL
PS0905074,NYAKUNGURU 'B' PRIMARY SCHOOL
PS0905075,NYAKUNGURU-'A' PRIMARY SCHOOL
PS0905076,NYAMAHEHEYA PRIMARY SCHOOL
PS0905256,NYAMBECHE PRIMARY SCHOOL
PS0905257,NYAMERAMA PRIMARY SCHOOL
PS0905077,NYAMERAMBARO PRIMARY SCHOOL
PS0905110,NYAMICHALE PRIMARY SCHOOL
PS0905078,NYAMIRI PRIMARY SCHOOL
PS0905079,NYAMOMBARA PRIMARY SCHOOL
PS0905080,NYAMONGO PRIMARY SCHOOL
PS0905081,NYAMWAGA PRIMARY SCHOOL
PS0905082,NYAMWIGURA PRIMARY SCHOOL
PS0905083,NYANDAGE PRIMARY SCHOOL
PS0905084,NYANGOTO PRIMARY SCHOOL
PS0905085,NYANKONI PRIMARY SCHOOL
PS0905086,NYANSANGERO PRIMARY SCHOOL
PS0905087,NYANSINCHA PRIMARY SCHOOL
PS0905088,NYANTARE PRIMARY SCHOOL
PS0905089,NYANTIRA PRIMARY SCHOOL
PS0905090,NYARERO PRIMARY SCHOOL
PS0905091,NYARWANA PRIMARY SCHOOL
PS0905092,NYASARICHO PRIMARY SCHOOL
PS0905093,NYEIGERA PRIMARY SCHOOL
PS0905094,PEMBA PRIMARY SCHOOL
PS0905095,POPE JOHN PAUL II PRIMARY SCHOOL
PS0905096,REMAGWE PRIMARY SCHOOL
PS0905258,RENGUMANCHE PRIMARY SCHOOL
PS0905097,ROSANA PRIMARY SCHOOL
PS0905274,RUNGU LIGHT PRIMARY SCHOOL
PS0905264,SAMARITAN PRIMARY SCHOOL
PS0905098,SANG'ANGA PRIMARY SCHOOL
PS0905099,SIRARI PRIMARY SCHOOL
PS0905100,SOMBANYASOKO PRIMARY SCHOOL
PS0905101,SORONETA PRIMARY SCHOOL
PS0905102,ST CATHERINE LABOUR'E PRIMARY SCHOOL
PS0905262,ST.AUGUSTINO PRIMARY SCHOOL
PS0905263,ST.MICHAEL PRIMARY SCHOOL
PS0905103,SURUBU PRIMARY SCHOOL
PS0905266,TAISI PRIMARY SCHOOL
PS0905104,TUMAINI PRIMARY SCHOOL
PS0905105,TURUGETI PRIMARY SCHOOL
PS0905259,UMOJA PRIMARY SCHOOL
PS0905108,WAKULIMA PRIMARY SCHOOL
PS0905106,WEIGITA PRIMARY SCHOOL
PS0908001,AZIMIO PRIMARY SCHOOL
PS0908002,BINAGI PRIMARY SCHOOL
PS0908030,BUGOSI PRIMARY SCHOOL
PS0908003,BUGUTI PRIMARY SCHOOL
PS0908004,BUHEMBA PRIMARY SCHOOL
PS0908036,EMMANUEL KING PRIMARY SCHOOL
PS0908005,GAMASARA PRIMARY SCHOOL
PS0908033,HEAVEN PRIMARY SCHOOL
PS0908047,IKOHI PRIMARY SCHOOL
PS0908046,KEDELI PRIMARY SCHOOL
PS0908006,KEMAIRI PRIMARY SCHOOL
PS0908007,KEMANGE PRIMARY SCHOOL
PS0908008,KENYAMANYORI PRIMARY SCHOOL
PS0908009,KIBUMAYE PRIMARY SCHOOL
PS0908045,KOMOTE PRIMARY SCHOOL
PS0908010,MACHORI PRIMARY SCHOOL
PS0908011,MAGENA PRIMARY SCHOOL
PS0908012,MAPINDUZI PRIMARY SCHOOL
PS0908040,MGHAMBI PRIMARY SCHOOL
PS0908013,MOGABIRI PRIMARY SCHOOL
PS0908014,MSATI HILL CREST PRIMARY SCHOOL
PS0908015,MTAHURU PRIMARY SCHOOL
PS0908034,MTINGIRO PRIMARY SCHOOL
PS0908016,MTURU PRIMARY SCHOOL
PS0908017,MUDERSPACH MEMMORIAL ADVENTIST PRIMARY SCHOOL
PS0908018,MWERA VISION PRIMARY SCHOOL
PS0908035,MWIBARI PRIMARY SCHOOL
PS0908042,NCHARO PRIMARY SCHOOL
PS0908019,NKENDE PRIMARY SCHOOL
PS0908020,NKONGORE PRIMARY SCHOOL
PS0908038,NTABURO PRIMARY SCHOOL
PS0908037,NYAGESESE PRIMARY SCHOOL
PS0908021,NYAMISANGURA PRIMARY SCHOOL
PS0908022,NYAMWINO PRIMARY SCHOOL
PS0908023,NYANDOTO PRIMARY SCHOOL
PS0908024,NYASURURA PRIMARY SCHOOL
PS0908025,REBU PRIMARY SCHOOL
PS0908026,RONSOTI PRIMARY SCHOOL
PS0908027,SABASABA PRIMARY SCHOOL
PS0908028,ST JUDE PRIMARY SCHOOL
PS0908039,ST LUKA PRIMARY SCHOOL
PS0908029,TAGOTA PRIMARY SCHOOL
PS0908031,TARIME PRIMARY SCHOOL
PS0908032,TURWA PRIMARY SCHOOL
PS1009001,ANGAZA PRIMARY SCHOOL
PS1009002,BUJESI PRIMARY SCHOOL
PS1009003,BUJINGIJILA PRIMARY SCHOOL
PS1009004,BUSOKA PRIMARY SCHOOL
PS1009005,BUTOLA PRIMARY SCHOOL
PS1009006,BWILANDO PRIMARY SCHOOL
PS1009007,IKAMA PRIMARY SCHOOL
PS1009008,IKAPU PRIMARY SCHOOL
PS1009009,IPELO PRIMARY SCHOOL
PS1009010,IPOMA PRIMARY SCHOOL
PS1009011,IPYELA PRIMARY SCHOOL
PS1009012,ISANGE PRIMARY SCHOOL
PS1009013,ITEBE PRIMARY SCHOOL
PS1009014,ITETE PRIMARY SCHOOL
PS1009015,ITETE-LUTEBA PRIMARY SCHOOL
PS1009016,KANDETE PRIMARY SCHOOL
PS1009017,KANYELELE PRIMARY SCHOOL
PS1009018,KAPULA PRIMARY SCHOOL
PS1009019,KAPYU PRIMARY SCHOOL
PS1009020,KASANGA PRIMARY SCHOOL
PS1009021,KASANGALI PRIMARY SCHOOL
PS1009022,KASYABONE PRIMARY SCHOOL
PS1009023,KIBOLE PRIMARY SCHOOL
PS1009024,KIFUNDA PRIMARY SCHOOL
PS1009025,KILASI PRIMARY SCHOOL
PS1009026,KILUGU PRIMARY SCHOOL
PS1009027,KINGILI PRIMARY SCHOOL
PS1009062,KIPYOLA PRIMARY SCHOOL
PS1009028,KISALALA PRIMARY SCHOOL
PS1009029,KISEGESE PRIMARY SCHOOL
PS1009030,LUBAGA PRIMARY SCHOOL
PS1009031,LUBALA PRIMARY SCHOOL
PS1009032,LUFILYO PRIMARY SCHOOL
PS1009033,LUGOMBO PRIMARY SCHOOL
PS1009034,LUKASI PRIMARY SCHOOL
PS1009035,LUPASO PRIMARY SCHOOL
PS1009036,LUPATA PRIMARY SCHOOL
PS1009037,LUSANJE PRIMARY SCHOOL
PS1009038,LUSUNGO PRIMARY SCHOOL
PS1009039,LWANGWA PRIMARY SCHOOL
PS1009040,MALEMA PRIMARY SCHOOL
PS1009041,MANOW PRIMARY SCHOOL
PS1009042,MAPAMBANO PRIMARY SCHOOL
PS1009043,MASUNDO PRIMARY SCHOOL
PS1009044,MBAMBO PRIMARY SCHOOL
PS1009045,MBIGILI PRIMARY SCHOOL
PS1009046,MBISA PRIMARY SCHOOL
PS1009047,MPATA PRIMARY SCHOOL
PS1009048,MPOMBO PRIMARY SCHOOL
PS1009064,MUUNGANO PRIMARY SCHOOL
PS1009049,MWANGAZA PRIMARY SCHOOL
PS1009050,NDALA PRIMARY SCHOOL
PS1009051,NDOBO PRIMARY SCHOOL
PS1009052,NDUBI PRIMARY SCHOOL
PS1009053,NGANA PRIMARY SCHOOL
PS1009054,NGELEKA PRIMARY SCHOOL
PS1009055,NGULULWALE PRIMARY SCHOOL
PS1009056,NKUYU PRIMARY SCHOOL
PS1009057,NSANGA PRIMARY SCHOOL
PS1009058,NTABA PRIMARY SCHOOL
PS1009059,NTAPISI PRIMARY SCHOOL
PS1009060,NYANGA PRIMARY SCHOOL
PS1009061,SANGANILO PRIMARY SCHOOL
PS1001148,AMANI PRIMARY SCHOOL
PS1001001,BITIMANYANGA PRIMARY SCHOOL
PS1001127,BWAWANI PRIMARY SCHOOL
PS1001002,CHALANGWA PRIMARY SCHOOL
PS1001122,CHEMICHEMI PRIMARY SCHOOL
PS1001004,CHOKAA PRIMARY SCHOOL
PS1001006,CHUNYA KATI PRIMARY SCHOOL
PS1001005,CHUNYA MJINI PRIMARY SCHOOL
PS1001029,GODIMA PRIMARY SCHOOL
PS1001120,HOLLYLAND PRIMARY SCHOOL
PS1001085,IDENDELUKA PRIMARY SCHOOL
PS1001128,IFUMA PRIMARY SCHOOL
PS1001081,IFUMBO PRIMARY SCHOOL
PS1001010,IGOMAA PRIMARY SCHOOL
PS1001123,ISANGA PRIMARY SCHOOL
PS1001073,ISANGAWANA PRIMARY SCHOOL
PS1001098,ISENYELA PRIMARY SCHOOL
PS1001093,ISEWE PRIMARY SCHOOL
PS1001013,ITETE PRIMARY SCHOOL
PS1001066,ITUMBA PRIMARY SCHOOL
PS1001082,ITUMBI PRIMARY SCHOOL
PS1001086,IZUMBI PRIMARY SCHOOL
PS1001015,KALANGALI PRIMARY SCHOOL
PS1001016,KAMBIKATOTO PRIMARY SCHOOL
PS1001124,KANOGE PRIMARY SCHOOL
PS1001103,KASASYA PRIMARY SCHOOL
PS1001119,KEN GOLD PRIMARY SCHOOL
PS1001068,KIBAONI PRIMARY SCHOOL
PS1001076,KILOMBERO PRIMARY SCHOOL
PS1001147,KIPEMBAWE PRIMARY SCHOOL
PS1001075,KIPOKA PRIMARY SCHOOL
PS1001099,KISALASI PRIMARY SCHOOL
PS1001020,KIWANJA PRIMARY SCHOOL
PS1001088,LOGYA PRIMARY SCHOOL
PS1001115,LOLA PRIMARY SCHOOL
PS1001021,LUALAJE PRIMARY SCHOOL
PS1001094,LUPA MARKET PRIMARY SCHOOL
PS1001078,LUPA PRIMARY SCHOOL
PS1001022,LUPATINGATINGA PRIMARY SCHOOL
PS1001089,LYESELO PRIMARY SCHOOL
PS1001023,MAFYEKO PRIMARY SCHOOL
PS1001130,MAJENGO II PRIMARY SCHOOL
PS1001067,MAJENGO PRIMARY SCHOOL
PS1001025,MAKONGOLOSI PRIMARY SCHOOL
PS1001090,MALANGAMILO PRIMARY SCHOOL
PS1001027,MAMBA PRIMARY SCHOOL
PS1001117,MAPINDUZI PRIMARY SCHOOL
PS1001030,MAPOGORO PRIMARY SCHOOL
PS1001031,MATUNDASI PRIMARY SCHOOL
PS1001032,MATWIGA PRIMARY SCHOOL
PS1001055,MAWELU PRIMARY SCHOOL
PS1001033,MAZIMBO PRIMARY SCHOOL
PS1001131,MBANGA PRIMARY SCHOOL
PS1001036,MBUGANI PRIMARY SCHOOL
PS1001047,MKOLA PRIMARY SCHOOL
PS1001056,MLIMANJIWA PRIMARY SCHOOL
PS1001133,MNYOLIMA PRIMARY SCHOOL
PS1001129,MPEMBE PRIMARY SCHOOL
PS1001095,MTANDE PRIMARY SCHOOL
PS1001039,MTANILA PRIMARY SCHOOL
PS1001071,MUUNGANO PRIMARY SCHOOL
PS1001058,MWAOGA PRIMARY SCHOOL
PS1001041,MWIJI PRIMARY SCHOOL
PS1001053,NKUNG'UNGU PRIMARY SCHOOL
PS1001125,NKWANGU PRIMARY SCHOOL
PS1001108,NYATULA PRIMARY SCHOOL
PS1001105,NYERERE PRIMARY SCHOOL
PS1001084,SAMBILIMWAYA PRIMARY SCHOOL
PS1001048,SANGAMBI PRIMARY SCHOOL
PS1001137,SHINYANGA PRIMARY SCHOOL
PS1001060,SHOGA PRIMARY SCHOOL
PS1001126,SIPA PRIMARY SCHOOL
PS1001061,SOKOINE PRIMARY SCHOOL
PS1001063,SOWETO PRIMARY SCHOOL
PS1001118,TWIGA PRIMARY SCHOOL
PS1001116,UMOJA PRIMARY SCHOOL
PS1001072,UPENDO PRIMARY SCHOOL
PS1001146,VITUMBI PRIMARY SCHOOL
PS1003001,BUJONDE PRIMARY SCHOOL
PS1003002,BUKINGA PRIMARY SCHOOL
PS1003003,BUTANGALI PRIMARY SCHOOL
PS1003004,BWATO PRIMARY SCHOOL
PS1003107,CBMIKU PRIMARY SCHOOL
PS1003005,IBONDE PRIMARY SCHOOL
PS1003006,IBUNGU PRIMARY SCHOOL
PS1003007,IKAMA PRIMARY SCHOOL
PS1003008,IKOLO PRIMARY SCHOOL
PS1003009,IKOMBE PRIMARY SCHOOL
PS1003010,IKOMELO PRIMARY SCHOOL
PS1003011,IKULU PRIMARY SCHOOL
PS1003012,ILOPA PRIMARY SCHOOL
PS1003013,IPINDA PRIMARY SCHOOL
PS1003014,IPYANA PRIMARY SCHOOL
PS1003015,ISAKI PRIMARY SCHOOL
PS1003016,ISANGA PRIMARY SCHOOL
PS1003017,ISIMBA PRIMARY SCHOOL
PS1003018,ISUBA PRIMARY SCHOOL
PS1003019,ITENYA PRIMARY SCHOOL
PS1003020,ITUNGE PRIMARY SCHOOL
PS1003021,JITEGEMEE PRIMARY SCHOOL
PS1003022,KABANGA PRIMARY SCHOOL
PS1003023,KABULA PRIMARY SCHOOL
PS1003024,KAFUNDO PRIMARY SCHOOL
PS1003025,KAJUNJUMELE PRIMARY SCHOOL
PS1003026,KANDETE PRIMARY SCHOOL
PS1003027,KANGA PRIMARY SCHOOL
PS1003028,KAPAMISYA PRIMARY SCHOOL
PS1003029,KAPWILI PRIMARY SCHOOL
PS1003030,KASANGA PRIMARY SCHOOL
PS1003031,KASUMULU PRIMARY SCHOOL
PS1003032,KATI PRIMARY SCHOOL
PS1003033,KATUMBASONGWE PRIMARY SCHOOL
PS1003104,KEIFO PRIMARY SCHOOL
PS1003103,KIDZCARE KYELA PRIMARY SCHOOL
PS1003034,KIKUBA PRIMARY SCHOOL
PS1003035,KIKUSYA PRIMARY SCHOOL
PS1003115,KILAMBO PRIMARY SCHOOL
PS1003036,KILASILO PRIMARY SCHOOL
PS1003037,KISALE PRIMARY SCHOOL
PS1003038,KISYOSYO PRIMARY SCHOOL
PS1003039,KIWIRA-COAL-MINE PRIMARY SCHOOL
PS1003040,KYANGALA PRIMARY SCHOOL
PS1003041,KYELA PRIMARY SCHOOL
PS1003042,KYIJILA PRIMARY SCHOOL
PS1003043,LAMYA PRIMARY SCHOOL
PS1003044,LEMA PRIMARY SCHOOL
PS1003045,LUBAGA PRIMARY SCHOOL
PS1003102,LUBELE PRIMARY SCHOOL
PS1003046,LUGOMBO PRIMARY SCHOOL
PS1003047,LUKAMA PRIMARY SCHOOL
PS1003048,LUKUYU PRIMARY SCHOOL
PS1003049,LUKWEGO PRIMARY SCHOOL
PS1003050,LUPASO PRIMARY SCHOOL
PS1003051,LUSUNGO PRIMARY SCHOOL
PS1003052,LUTUSYO PRIMARY SCHOOL
PS1003053,LWANGWA PRIMARY SCHOOL
PS1003054,MABABU PRIMARY SCHOOL
PS1003055,MABUNGA PRIMARY SCHOOL
PS1003056,MAENDELEO PRIMARY SCHOOL
PS1003057,MAHENGE PRIMARY SCHOOL
PS1003058,MAKWALE PRIMARY SCHOOL
PS1003059,MALANGALI PRIMARY SCHOOL
PS1003060,MALUNGO PRIMARY SCHOOL
PS1003061,MAPINDUZI PRIMARY SCHOOL
PS1003062,MASEBE PRIMARY SCHOOL
PS1003063,MATEMA PRIMARY SCHOOL
PS1003064,MBAKO PRIMARY SCHOOL
PS1003065,MBALA PRIMARY SCHOOL
PS1003066,MBOGELA PRIMARY SCHOOL
PS1003067,MBUGANI PRIMARY SCHOOL
PS1003068,MBULA PRIMARY SCHOOL
PS1003116,MJIMWEMA PRIMARY SCHOOL
PS1003069,MOTA PRIMARY SCHOOL
PS1003070,MPANDA PRIMARY SCHOOL
PS1003071,MPUNGUTI PRIMARY SCHOOL
PS1003072,MUUNGANO PRIMARY SCHOOL
PS1003073,MWAKIKOME PRIMARY SCHOOL
PS1003074,MWALISI PRIMARY SCHOOL
PS1003075,MWAMBUSYE PRIMARY SCHOOL
PS1003076,MWAYA PRIMARY SCHOOL
PS1003077,MWENGE PRIMARY SCHOOL
PS1003078,NDANDALO PRIMARY SCHOOL
PS1003079,NDOBO PRIMARY SCHOOL
PS1003080,NDOLA PRIMARY SCHOOL
PS1003081,NDUKA PRIMARY SCHOOL
PS1003082,NDWANGA PRIMARY SCHOOL
PS1003083,NGAMANGA PRIMARY SCHOOL
PS1003084,NGANA PRIMARY SCHOOL
PS1003085,NGELEKA PRIMARY SCHOOL
PS1003086,NGOLELA PRIMARY SCHOOL
PS1003087,NGONGA PRIMARY SCHOOL
PS1003088,NJISI PRIMARY SCHOOL
PS1003089,NJUGILO PRIMARY SCHOOL
PS1003090,NKOKWA PRIMARY SCHOOL
PS1003091,NKUYU PRIMARY SCHOOL
PS1003092,NNYANGE PRIMARY SCHOOL
PS1003093,NSASA PRIMARY SCHOOL
PS1003101,NYASA PRIMARY SCHOOL
PS1003094,SAMA PRIMARY SCHOOL
PS1003095,SEBE PRIMARY SCHOOL
PS1003096,SUMBI PRIMARY SCHOOL
PS1003097,TALATALA PRIMARY SCHOOL
PS1003098,TENENDE PRIMARY SCHOOL
PS1003100,UHURU PRIMARY SCHOOL
PS1003099,USHIRIKA PRIMARY SCHOOL
PS1008134,AGAPE PRIMARY SCHOOL
PS1008001,AZIMIO-MAPULA PRIMARY SCHOOL
PS1008002,AZIMIO-MSWISWI PRIMARY SCHOOL
PS1008122,CHALISUKA PRIMARY SCHOOL
PS1008095,CHIMALA MISSION PRIMARY SCHOOL
PS1008003,CHIMALA PRIMARY SCHOOL
PS1008004,CHOSI-'A' PRIMARY SCHOOL
PS1008005,CHOSI-'B' PRIMARY SCHOOL
PS1008128,GAMALIEL PRIMARY SCHOOL
PS1008006,IBARA PRIMARY SCHOOL
PS1008119,IBELEGE PRIMARY SCHOOL
PS1008007,IBOHORA PRIMARY SCHOOL
PS1008101,IBUMILA PRIMARY SCHOOL
PS1008009,IDUYA PRIMARY SCHOOL
PS1008105,IFUSHILO PRIMARY SCHOOL
PS1008082,IGALAKO PRIMARY SCHOOL
PS1008010,IGAVA PRIMARY SCHOOL
PS1008135,IGAWA PRIMARY SCHOOL
PS1008011,IGOMELO PRIMARY SCHOOL
PS1008125,IGURUSI MPYA PRIMARY SCHOOL
PS1008012,IGURUSI PRIMARY SCHOOL
PS1008013,IHAHI PRIMARY SCHOOL
PS1008093,IHANGA PRIMARY SCHOOL
PS1008111,IHEHA PRIMARY SCHOOL
PS1008106,IKANUTWA PRIMARY SCHOOL
PS1008117,IKOGA MPYA PRIMARY SCHOOL
PS1008139,ILAMBITALI PRIMARY SCHOOL
PS1008015,ILOLO PRIMARY SCHOOL
PS1008016,ILONGO PRIMARY SCHOOL
PS1008017,IPWANI PRIMARY SCHOOL
PS1008141,ISHUNGU PRIMARY SCHOOL
PS1008094,ISISI PRIMARY SCHOOL
PS1008018,ISITU PRIMARY SCHOOL
PS1008019,ISUNURA PRIMARY SCHOOL
PS1008020,ITAMBA PRIMARY SCHOOL
PS1008021,ITAMBOLEO PRIMARY SCHOOL
PS1008156,JAMHURI PRIMARY SCHOOL
PS1008022,JANGURUTU PRIMARY SCHOOL
PS1008142,KANAMALENGA PRIMARY SCHOOL
PS1008023,KANGAGA PRIMARY SCHOOL
PS1008136,KANINJOWO PRIMARY SCHOOL
PS1008112,KANIOGA PRIMARY SCHOOL
PS1008143,KAPALAMBWA PRIMARY SCHOOL
PS1008121,KAPUNGA 'B' PRIMARY SCHOOL
PS1008024,KAPUNGA PRIMARY SCHOOL
PS1008126,KAPYO PRIMARY SCHOOL
PS1008129,KELLY'S PRIMARY SCHOOL
PS1008025,KILAMBO PRIMARY SCHOOL
PS1008116,LIMSENI PRIMARY SCHOOL
PS1008027,LUHANGA PRIMARY SCHOOL
PS1008091,LUSESE PRIMARY SCHOOL
PS1008028,LUWANGO PRIMARY SCHOOL
PS1008124,LYAHAMILE PRIMARY SCHOOL
PS1008102,LYAMBOGO PRIMARY SCHOOL
PS1008130,MABADAGA 'B' PRIMARY SCHOOL
PS1008029,MABADAGA PRIMARY SCHOOL
PS1008144,MABAMBILA PRIMARY SCHOOL
PS1008030,MADIBIRA PRIMARY SCHOOL
PS1008031,MADUNDASI PRIMARY SCHOOL
PS1008131,MAENDELEO PRIMARY SCHOOL
PS1008132,MAGIGIWE PRIMARY SCHOOL
PS1008108,MAGWALISI PRIMARY SCHOOL
PS1008032,MAHANGO-MADIBIRA PRIMARY SCHOOL
PS1008033,MAHANGO-MSWISWI PRIMARY SCHOOL
PS1008034,MAHANGO-RUIWA PRIMARY SCHOOL
PS1008035,MAHONGOLE PRIMARY SCHOOL
PS1008133,MAJENGO PRIMARY SCHOOL
PS1008036,MAJENJE PRIMARY SCHOOL
PS1008037,MALAMBA PRIMARY SCHOOL
PS1008038,MAMBI PRIMARY SCHOOL
PS1008039,MANIENGA PRIMARY SCHOOL
PS1008147,MAPOGORO  ' B' PRIMARY SCHOOL
PS1008040,MAPOGORO PRIMARY SCHOOL
PS1008041,MATEBETE PRIMARY SCHOOL
PS1008042,MATEMELA PRIMARY SCHOOL
PS1008123,MAURUS HARTMANN'S PRIMARY SCHOOL
PS1008043,MAWINDI PRIMARY SCHOOL
PS1008044,MAYOTA PRIMARY SCHOOL
PS1008045,MBALINO PRIMARY SCHOOL
PS1008046,MBARALI PRIMARY SCHOOL
PS1008047,MBUYUNI PRIMARY SCHOOL
PS1008089,MENGELE PRIMARY SCHOOL
PS1008127,MERERE PRIMARY SCHOOL
PS1008118,MIYOMBWENI PRIMARY SCHOOL
PS1008049,MKANDAMI-'A' PRIMARY SCHOOL
PS1008050,MKANDAMI-'B' PRIMARY SCHOOL
PS1008051,MKOJI PRIMARY SCHOOL
PS1008097,MKOLA PRIMARY SCHOOL
PS1008092,MKOMBWE PRIMARY SCHOOL
PS1008098,MKUNYWA PRIMARY SCHOOL
PS1008113,MLEMBULE PRIMARY SCHOOL
PS1008052,MLOMBOJI PRIMARY SCHOOL
PS1008104,MLUNGU PRIMARY SCHOOL
PS1008149,MOGELO PRIMARY SCHOOL
PS1008053,MOTOMOTO PRIMARY SCHOOL
PS1008099,MPAKANI PRIMARY SCHOOL
PS1008054,MPOLO PRIMARY SCHOOL
PS1008055,MSANGA PRIMARY SCHOOL
PS1008110,MSANGAJI MPYA PRIMARY SCHOOL
PS1008057,MSESULE PRIMARY SCHOOL
PS1008058,MSWISWI PRIMARY SCHOOL
PS1008100,MTAMBA PRIMARY SCHOOL
PS1008150,MUUNGANO PRIMARY SCHOOL
PS1008059,MWANAVALA PRIMARY SCHOOL
PS1008137,MWASHIKAMILE PRIMARY SCHOOL
PS1008060,MWATENGA PRIMARY SCHOOL
PS1008061,NSONYANGA PRIMARY SCHOOL
PS1008109,NYAKADETE PRIMARY SCHOOL
PS1008114,NYAKAZOMBE PRIMARY SCHOOL
PS1008062,NYAMAKUYU PRIMARY SCHOOL
PS1008063,NYEREGETE PRIMARY SCHOOL
PS1008064,RUIWA PRIMARY SCHOOL
PS1008065,RUJEWA PRIMARY SCHOOL
PS1008090,RWANYO PRIMARY SCHOOL
PS1008066,SIMIKE PRIMARY SCHOOL
PS1008068,SONGWE-IMALILO PRIMARY SCHOOL
PS1008096,ST ANN'S PRIMARY SCHOOL
PS1008069,UBARUKU PRIMARY SCHOOL
PS1008070,UDINDILWA PRIMARY SCHOOL
PS1008071,UHAMBULE PRIMARY SCHOOL
PS1008103,UHAMILA PRIMARY SCHOOL
PS1008072,UHUSIANO PRIMARY SCHOOL
PS1008073,UJEWA PRIMARY SCHOOL
PS1008152,UKWAMA PRIMARY SCHOOL
PS1008075,UKWAVILA PRIMARY SCHOOL
PS1008077,URUNDA PRIMARY SCHOOL
PS1008078,UTENGULE-USANGU PRIMARY SCHOOL
PS1008079,UTURO PRIMARY SCHOOL
PS1008083,UTYEGO PRIMARY SCHOOL
PS1008115,VIKAYE PRIMARY SCHOOL
PS1008080,WARUMBA PRIMARY SCHOOL
PS1008081,YALA PRIMARY SCHOOL
PS1004001,CHANG'OMBE PRIMARY SCHOOL
PS1004002,DARAJANI PRIMARY SCHOOL
PS1004003,DIMBWE PRIMARY SCHOOL
PS1004004,GALIJEMBE PRIMARY SCHOOL
PS1004163,GOD'S BRIDGE MBALIZI PRIMARY SCHOOL
PS1004005,HAONDE PRIMARY SCHOOL
PS1004006,HATWELO PRIMARY SCHOOL
PS1004007,HAZINA PRIMARY SCHOOL
PS1004008,HEKIMA PRIMARY SCHOOL
PS1004009,HORONGO PRIMARY SCHOOL
PS1004010,IDIGA PRIMARY SCHOOL
PS1004011,IDIMI PRIMARY SCHOOL
PS1004012,IDIWILI PRIMARY SCHOOL
PS1004013,IDUGUMBI PRIMARY SCHOOL
PS1004014,IDUNDA PRIMARY SCHOOL
PS1004015,IFIGA PRIMARY SCHOOL
PS1004016,IFUPA PRIMARY SCHOOL
PS1004017,IGALE PRIMARY SCHOOL
PS1004018,IGALUKWA PRIMARY SCHOOL
PS1004019,IGOMA-I PRIMARY SCHOOL
PS1004020,IGOMA-II PRIMARY SCHOOL
PS1004021,IGOWE PRIMARY SCHOOL
PS1004022,IGUNGA PRIMARY SCHOOL
PS1004146,IHANGO PRIMARY SCHOOL
PS1004023,IJOMBE-JUU PRIMARY SCHOOL
PS1004024,IKUKWA PRIMARY SCHOOL
PS1004025,IKUMBI PRIMARY SCHOOL
PS1004026,IKUYU PRIMARY SCHOOL
PS1004160,ILANGALE PRIMARY SCHOOL
PS1004027,ILEMBO PRIMARY SCHOOL
PS1004028,ILEMBO-USAFWA PRIMARY SCHOOL
PS1004029,ILEYA PRIMARY SCHOOL
PS1004030,ILINDI PRIMARY SCHOOL
PS1004031,ILOTA PRIMARY SCHOOL
PS1004032,ILUNGU PRIMARY SCHOOL
PS1004033,IMEZU PRIMARY SCHOOL
PS1004034,INYALA PRIMARY SCHOOL
PS1004035,IRAMBO PRIMARY SCHOOL
PS1004036,ISANGALA PRIMARY SCHOOL
PS1004037,ISANGATI PRIMARY SCHOOL
PS1004038,ISEBE PRIMARY SCHOOL
PS1004039,ISENDE PRIMARY SCHOOL
PS1004040,ISONGOLE PRIMARY SCHOOL
PS1004041,ISONSO PRIMARY SCHOOL
PS1004042,ISUTO PRIMARY SCHOOL
PS1004152,ISYASYA PRIMARY SCHOOL
PS1004169,ISYONJE PRIMARY SCHOOL
PS1004153,ITAGA PRIMARY SCHOOL
PS1004043,ITALA PRIMARY SCHOOL
PS1004044,ITALAZYA PRIMARY SCHOOL
PS1004045,ITAMBALILA PRIMARY SCHOOL
PS1004046,ITEGA PRIMARY SCHOOL
PS1004047,ITENDE-JUU PRIMARY SCHOOL
PS1004048,ITETE PRIMARY SCHOOL
PS1004049,ITIMBA PRIMARY SCHOOL
PS1004050,ITIMU PRIMARY SCHOOL
PS1004147,ITIZI PRIMARY SCHOOL
PS1004051,IWALA PRIMARY SCHOOL
PS1004052,IWALANJE PRIMARY SCHOOL
PS1004053,IWANGA PRIMARY SCHOOL
PS1004185,IWANZA PRIMARY SCHOOL
PS1004054,IWIJI PRIMARY SCHOOL
PS1004055,IWINDI PRIMARY SCHOOL
PS1004056,IWOWO PRIMARY SCHOOL
PS1004057,IYAWAYA PRIMARY SCHOOL
PS1004154,IYUNGA MAPINDUZI PRIMARY SCHOOL
PS1004058,IZUMBWE-I PRIMARY SCHOOL
PS1004059,IZUMBWE-II PRIMARY SCHOOL
PS1004060,IZUO PRIMARY SCHOOL
PS1004061,IZYIRA PRIMARY SCHOOL
PS1004062,JITEGEMEE PRIMARY SCHOOL
PS1004063,JOJO PRIMARY SCHOOL
PS1004064,JUHUDI PRIMARY SCHOOL
PS1004065,KARUME-CAMP PRIMARY SCHOOL
PS1004066,KAWETERE PRIMARY SCHOOL
PS1004067,KIKONDO PRIMARY SCHOOL
PS1004068,KIMONDO PRIMARY SCHOOL
PS1004159,LUNJI PRIMARY SCHOOL
PS1004069,LUPETA PRIMARY SCHOOL
PS1004070,LUSUNGO PRIMARY SCHOOL
PS1004071,LWANJILO PRIMARY SCHOOL
PS1004072,MAADILISHO PRIMARY SCHOOL
PS1004073,MADUGU PRIMARY SCHOOL
PS1004074,MAENDELEO PRIMARY SCHOOL
PS1004075,MAGANJO PRIMARY SCHOOL
PS1004076,MAGEUZI PRIMARY SCHOOL
PS1004077,MALOWE PRIMARY SCHOOL
PS1004078,MAPAMBANO PRIMARY SCHOOL
PS1004079,MAPELELE PRIMARY SCHOOL
PS1004080,MASEWE PRIMARY SCHOOL
PS1004081,MASHUJAA PRIMARY SCHOOL
PS1004082,MASOKO PRIMARY SCHOOL
PS1004083,MASYETA PRIMARY SCHOOL
PS1004084,MBAGALA PRIMARY SCHOOL
PS1004085,MBALIZI-I PRIMARY SCHOOL
PS1004086,MBALIZI-II PRIMARY SCHOOL
PS1004087,MBAWI PRIMARY SCHOOL
PS1004088,MBEYA-PEAK PRIMARY SCHOOL
PS1004089,MBONILE PRIMARY SCHOOL
PS1004090,MKAPA PRIMARY SCHOOL
PS1004091,MKOMBOZI PRIMARY SCHOOL
PS1004092,MLIMARELI PRIMARY SCHOOL
PS1004093,MLOWO PRIMARY SCHOOL
PS1004157,MPANDE PRIMARY SCHOOL
PS1004094,MSHEWE PRIMARY SCHOOL
PS1004184,MSHIKAMANO PRIMARY SCHOOL
PS1004095,MTAKUJA PRIMARY SCHOOL
PS1004096,MUMBA PRIMARY SCHOOL
PS1004183,MUUNGANO PRIMARY SCHOOL
PS1004097,MUVWA PRIMARY SCHOOL
PS1004098,MWAKASITA PRIMARY SCHOOL
PS1004099,MWALA PRIMARY SCHOOL
PS1004100,MWAMENGO PRIMARY SCHOOL
PS1004101,MWAMPALALA PRIMARY SCHOOL
PS1004102,MWASELELA PRIMARY SCHOOL
PS1004103,MWASHIWAWALA PRIMARY SCHOOL
PS1004148,MWASHOMA PRIMARY SCHOOL
PS1004104,MWELA PRIMARY SCHOOL
PS1004105,MWENGE PRIMARY SCHOOL
PS1004106,NDOLA PRIMARY SCHOOL
PS1004107,NGOLE PRIMARY SCHOOL
PS1004161,NHINDO PRIMARY SCHOOL
PS1004108,NJELENJE-'A' PRIMARY SCHOOL
PS1004109,NJELENJE-'B' PRIMARY SCHOOL
PS1004110,NKWANGU PRIMARY SCHOOL
PS1004166,NOPPO PRIMARY SCHOOL
PS1004111,NSALALA PRIMARY SCHOOL
PS1004112,NSAMBYA PRIMARY SCHOOL
PS1004113,NSEGA PRIMARY SCHOOL
PS1004114,NSENGA PRIMARY SCHOOL
PS1004115,NSHEHA PRIMARY SCHOOL
PS1004116,NSONGWI-JUU PRIMARY SCHOOL
PS1004117,NYALWELA PRIMARY SCHOOL
PS1004118,ONICAH PRIMARY SCHOOL
PS1004177,ONICAH-KING JOSIAH PRIMARY SCHOOL
PS1004167,PARADISE MISSION PRIMARY SCHOOL
PS1004119,PASHUNGU PRIMARY SCHOOL
PS1004158,PIPELINE PRIMARY SCHOOL
PS1004179,ROHILA PRIMARY SCHOOL
PS1004120,RUANDA-II PRIMARY SCHOOL
PS1004121,SANJE PRIMARY SCHOOL
PS1004122,SANTILYA PRIMARY SCHOOL
PS1004123,SARUJI PRIMARY SCHOOL
PS1004149,SAYUMA PRIMARY SCHOOL
PS1004124,SHAMWENGO PRIMARY SCHOOL
PS1004125,SHANGO PRIMARY SCHOOL
PS1004126,SHIBOLYA PRIMARY SCHOOL
PS1004155,SHIHOLA PRIMARY SCHOOL
PS1004127,SHILANGA PRIMARY SCHOOL
PS1004128,SHINZINGO PRIMARY SCHOOL
PS1004129,SHISONTA PRIMARY SCHOOL
PS1004130,SHISYETE PRIMARY SCHOOL
PS1004131,SHITETE PRIMARY SCHOOL
PS1004132,SHIZUVI PRIMARY SCHOOL
PS1004133,SHONGO PRIMARY SCHOOL
PS1004134,SHUWA PRIMARY SCHOOL
PS1004135,SIMAMBWE PRIMARY SCHOOL
PS1004136,SONGWE-II PRIMARY SCHOOL
PS1004137,SONGWE-MAGEREZA PRIMARY SCHOOL
PS1004138,SWAYA PRIMARY SCHOOL
PS1004139,TEMBELA PRIMARY SCHOOL
PS1004162,TRINITY PRIMARY SCHOOL
PS1004156,TUYOMBO PRIMARY SCHOOL
PS1004164,TWISA PRIMARY SCHOOL
PS1004172,UJAFU  PRIMARY SCHOOL
PS1004140,UKULILA PRIMARY SCHOOL
PS1004141,UMOJA PRIMARY SCHOOL
PS1004142,USOHA-MUUNGANO PRIMARY SCHOOL
PS1004143,USOHA-NJIAPANDA PRIMARY SCHOOL
PS1004144,UTENGULE-USONGWE PRIMARY SCHOOL
PS1004145,WIMBA PRIMARY SCHOOL
PS1005081,AGGREY PRIMARY SCHOOL
PS1005051,AIRPORT PRIMARY SCHOOL
PS1005099,AKILISTARS PRIMARY SCHOOL
PS1005001,AZIMIO PRIMARY SCHOOL
PS1005106,BENSON MPESYA PRIMARY SCHOOL
PS1005068,BESTA PRIMARY SCHOOL
PS1005097,CARMEL PRIMARY SCHOOL
PS1005069,CHEMCHEM PRIMARY SCHOOL
PS1005100,CHIEF ROCKET MWANSHINGA PRIMARY SCHOOL
PS1005093,GAMALIEL PRIMARY SCHOOL
PS1005002,GOMBE PRIMARY SCHOOL
PS1005087,GREEN EAGLE PRIMARY SCHOOL
PS1005003,HALENGO PRIMARY SCHOOL
PS1005085,HALINJI PRIMARY SCHOOL
PS1005077,HANSESHELO PRIMARY SCHOOL
PS1005004,HASANGA PRIMARY SCHOOL
PS1005048,HAYANGA PRIMARY SCHOOL
PS1005005,IDUDA PRIMARY SCHOOL
PS1005006,IGANJO PRIMARY SCHOOL
PS1005007,IGANZO PRIMARY SCHOOL
PS1005052,IGOMA PRIMARY SCHOOL
PS1005008,IJOMBE PRIMARY SCHOOL
PS1005053,IKULU PRIMARY SCHOOL
PS1005009,IKUTI PRIMARY SCHOOL
PS1005010,ILEMI PRIMARY SCHOOL
PS1005054,ILOLO PRIMARY SCHOOL
PS1005011,ILOMBA PRIMARY SCHOOL
PS1005055,INYALA PRIMARY SCHOOL
PS1005091,ISAIAH SAMARITAN PRIMARY SCHOOL
PS1005012,ISANGA PRIMARY SCHOOL
PS1005049,ITAGANO PRIMARY SCHOOL
PS1005045,ITEZI PRIMARY SCHOOL
PS1005013,ITIJI PRIMARY SCHOOL
PS1005017,IVUMWE PRIMARY SCHOOL
PS1005016,IWAMBI PRIMARY SCHOOL
PS1005014,IYELA PRIMARY SCHOOL
PS1005015,IYUNGA PRIMARY SCHOOL
PS1005018,IZIWA PRIMARY SCHOOL
PS1005070,JITEGEMEE PRIMARY SCHOOL
PS1005056,JUHUDI PRIMARY SCHOOL
PS1005098,JULIUS PRIMARY SCHOOL
PS1005111,JUMA HOMERA PRE  AND PRIMARY SCHOOL
PS1005057,KAGERA PRIMARY SCHOOL
PS1005019,KALOBE PRIMARY SCHOOL
PS1005058,KAMBARAGE PRIMARY SCHOOL
PS1005059,KILIMAHEWA PRIMARY SCHOOL
PS1005020,KILIMO PRIMARY SCHOOL
PS1005060,LYOTO PRIMARY SCHOOL
PS1005021,MAANGA PRIMARY SCHOOL
PS1005022,MABATINI PRIMARY SCHOOL
PS1005061,MABONDE PRIMARY SCHOOL
PS1005062,MADARAKA PRIMARY SCHOOL
PS1005023,MAENDELEO PRIMARY SCHOOL
PS1005089,MAGUFULI PRIMARY SCHOOL
PS1005024,MAJENGO PRIMARY SCHOOL
PS1005026,MAPAMBANO PRIMARY SCHOOL
PS1005027,MAPINDUZI PRIMARY SCHOOL
PS1005092,MARY'S PRIMARY SCHOOL
PS1005028,MBATA PRIMARY SCHOOL
PS1005083,MBEYA ADVENTIST PRIMARY SCHOOL
PS1005063,META PRIMARY SCHOOL
PS1005078,MKAPA PRIMARY SCHOOL
PS1005029,MKUYUNI PRIMARY SCHOOL
PS1005065,MLIMANI PRIMARY SCHOOL
PS1005094,MLOLE PRIMARY SCHOOL
PS1005030,MUUNGANO PRIMARY SCHOOL
PS1005082,MWAHALA PRIMARY SCHOOL
PS1005050,MWAKIBETE PRIMARY SCHOOL
PS1005073,MWANYANJE PRIMARY SCHOOL
PS1005031,MWASANGA PRIMARY SCHOOL
PS1005032,MWASENKWA PRIMARY SCHOOL
PS1005071,MWASOTE PRIMARY SCHOOL
PS1005033,MWENGE PRIMARY SCHOOL
PS1005066,NERO PRIMARY SCHOOL
PS1005072,NONDE PRIMARY SCHOOL
PS1005034,NSALAGA PRIMARY SCHOOL
PS1005035,NSOHO PRIMARY SCHOOL
PS1005036,NSONGWI PRIMARY SCHOOL
PS1005075,NYIGAMBA PRIMARY SCHOOL
PS1005037,NZOVWE PRIMARY SCHOOL
PS1005038,PAMBOGO PRIMARY SCHOOL
PS1005046,RIVER SIDE PRIMARY SCHOOL
PS1005039,RUANDA-NZOVWE PRIMARY SCHOOL
PS1005086,SCRIPTURE UNION PRIMARY SCHOOL
PS1005040,SIMIKE PRIMARY SCHOOL
PS1005041,SINDE PRIMARY SCHOOL
PS1005042,SINSITILA PRIMARY SCHOOL
PS1005043,SISIMBA PRIMARY SCHOOL
PS1005088,ST MARCUS PRIMARY SCHOOL
PS1005096,ST. CHARLES BORROMEO PRIMARY SCHOOL
PS1005095,ST.CLARA PRIMARY SCHOOL
PS1005076,STMARYS PRIMARY SCHOOL
PS1005079,TAMBUKARELI PRIMARY SCHOOL
PS1005110,TEMBELA PRIMARY SCHOOL
PS1005064,TONYA PRIMARY SCHOOL
PS1005067,UHURU PRIMARY SCHOOL
PS1005084,UMMU SALAMA PRIMARY SCHOOL
PS1005047,UMOJA PRIMARY SCHOOL
PS1005074,UWATA PRIMARY SCHOOL
PS1005044,UYOLE PRIMARY SCHOOL
PS1005080,VETA PRIMARY SCHOOL
PS1007001,BAGAMOYO PRIMARY SCHOOL
PS1007002,BUGOBA PRIMARY SCHOOL
PS1007003,BUJELA PRIMARY SCHOOL
PS1007004,BUJINGA PRIMARY SCHOOL
PS1007005,BULONGWE PRIMARY SCHOOL
PS1007006,BULYAGA PRIMARY SCHOOL
PS1007007,BUNYAKASEGE PRIMARY SCHOOL
PS1007008,BUNYANGOMALE PRIMARY SCHOOL
PS1007009,BUSILYA PRIMARY SCHOOL
PS1007010,BUSONA PRIMARY SCHOOL
PS1007011,CHUO-MAGEREZA PRIMARY SCHOOL
PS1007141,GOD'S BRIDGE PRIMARY SCHOOL
PS1007012,GOJE PRIMARY SCHOOL
PS1007147,GOODWILL PRIMARY SCHOOL
PS1007144,GOYE PRIMARY SCHOOL
PS1007013,IBAGHA PRIMARY SCHOOL
PS1007014,IBIGI PRIMARY SCHOOL
PS1007015,IBILILO PRIMARY SCHOOL
PS1007016,IBUKA PRIMARY SCHOOL
PS1007017,IBULA PRIMARY SCHOOL
PS1007018,IBUNGILA PRIMARY SCHOOL
PS1007019,IBUNGU PRIMARY SCHOOL
PS1007020,IBUTU PRIMARY SCHOOL
PS1007021,IDWELI PRIMARY SCHOOL
PS1007022,IGEMBE PRIMARY SCHOOL
PS1007023,IGOGWE PRIMARY SCHOOL
PS1007024,IJIGHA PRIMARY SCHOOL
PS1007025,IKOMELO PRIMARY SCHOOL
PS1007026,IKUKISYA PRIMARY SCHOOL
PS1007027,IKUTI PRIMARY SCHOOL
PS1007028,ILALABWE PRIMARY SCHOOL
PS1007029,ILENGE PRIMARY SCHOOL
PS1007030,ILIMA PRIMARY SCHOOL
PS1007031,ILOTO PRIMARY SCHOOL
PS1007032,ILULWE PRIMARY SCHOOL
PS1007033,ILUNDO PRIMARY SCHOOL
PS1007034,IPONJOLA PRIMARY SCHOOL
PS1007035,IPYANA PRIMARY SCHOOL
PS1007036,ISABULA PRIMARY SCHOOL
PS1007037,ISAKA PRIMARY SCHOOL
PS1007038,ISEBE PRIMARY SCHOOL
PS1007039,ISEBELO PRIMARY SCHOOL
PS1007040,ISESELO PRIMARY SCHOOL
PS1007041,ISHINGA PRIMARY SCHOOL
PS1007042,ISUBA PRIMARY SCHOOL
PS1007142,ISUGA PRIMARY SCHOOL
PS1007043,ISUMBA PRIMARY SCHOOL
PS1007044,ISYONJE PRIMARY SCHOOL
PS1007045,ITAGATA PRIMARY SCHOOL
PS1007046,ITIKI PRIMARY SCHOOL
PS1007047,ITULA PRIMARY SCHOOL
PS1007048,KABEMBE PRIMARY SCHOOL
PS1007050,KAKALA PRIMARY SCHOOL
PS1007051,KANYEGELE PRIMARY SCHOOL
PS1007052,KAPUGI PRIMARY SCHOOL
PS1007053,KATABE PRIMARY SCHOOL
PS1007054,KATUMBA-I PRIMARY SCHOOL
PS1007055,KATUMBA-II PRIMARY SCHOOL
PS1007056,KATUSYO PRIMARY SCHOOL
PS1007057,KAYUKI PRIMARY SCHOOL
PS1007143,KELLY'S PRIMARY SCHOOL
PS1007058,KIBISI PRIMARY SCHOOL
PS1007153,KIBUMBE PRIMARY SCHOOL
PS1007059,KIBWE PRIMARY SCHOOL
PS1007060,KIGUGU PRIMARY SCHOOL
PS1007061,KIKOLE PRIMARY SCHOOL
PS1007062,KIKUYU PRIMARY SCHOOL
PS1007063,KILIMANI PRIMARY SCHOOL
PS1007064,KILOBA PRIMARY SCHOOL
PS1007065,KINYANGWA PRIMARY SCHOOL
PS1007145,KINYIKA PRIMARY SCHOOL
PS1007066,KIPANDE PRIMARY SCHOOL
PS1007067,KISA PRIMARY SCHOOL
PS1007069,KISINDILE PRIMARY SCHOOL
PS1007070,KISOKO PRIMARY SCHOOL
PS1007071,KISUMBA PRIMARY SCHOOL
PS1007072,KITOPE PRIMARY SCHOOL
PS1007073,KITULI PRIMARY SCHOOL
PS1007074,KIWIRA PRIMARY SCHOOL
PS1007075,KYAMBAMBEMBE PRIMARY SCHOOL
PS1007076,KYIMBILA PRIMARY SCHOOL
PS1007077,KYOBO PRIMARY SCHOOL
PS1007078,KYOSA PRIMARY SCHOOL
PS1007079,LUBANDA PRIMARY SCHOOL
PS1007080,LUBEMBA PRIMARY SCHOOL
PS1007081,LUBWE PRIMARY SCHOOL
PS1007082,LUFINGO PRIMARY SCHOOL
PS1007083,LUKATA PRIMARY SCHOOL
PS1007084,LUKINGI PRIMARY SCHOOL
PS1007085,LUMBE PRIMARY SCHOOL
PS1007086,LUMBILA PRIMARY SCHOOL
PS1007087,LUPALE PRIMARY SCHOOL
PS1007088,LUPEPO PRIMARY SCHOOL
PS1007089,LUPOTO PRIMARY SCHOOL
PS1007090,LUTENGANO-'N' PRIMARY SCHOOL
PS1007091,LUTETE PRIMARY SCHOOL
PS1007092,LYEBE PRIMARY SCHOOL
PS1007093,LYENJE PRIMARY SCHOOL
PS1007094,MAASA PRIMARY SCHOOL
PS1007095,MABONDE PRIMARY SCHOOL
PS1007096,MADARAKA PRIMARY SCHOOL
PS1007097,MAGEREZA PRIMARY SCHOOL
PS1007098,MAHENGE PRIMARY SCHOOL
PS1007099,MAJOMBO PRIMARY SCHOOL
PS1007100,MAKANDANA PRIMARY SCHOOL
PS1007101,MALAMBA PRIMARY SCHOOL
PS1007102,MALANGALI PRIMARY SCHOOL
PS1007148,MASAKI PRIMARY SCHOOL
PS1007103,MASEBE PRIMARY SCHOOL
PS1007104,MASOKO PRIMARY SCHOOL
PS1007105,MASUKULU PRIMARY SCHOOL
PS1007106,MATWEBE PRIMARY SCHOOL
PS1007107,MATWELI PRIMARY SCHOOL
PS1007108,MBAFWA PRIMARY SCHOOL
PS1007109,MBAKA PRIMARY SCHOOL
PS1007110,MBEYE-I PRIMARY SCHOOL
PS1007146,MBUJAH PRIMARY SCHOOL
PS1007111,MIBULA PRIMARY SCHOOL
PS1007112,MPAKANI PRIMARY SCHOOL
PS1007113,MPANDAPANDA PRIMARY SCHOOL
PS1007114,MPELANGWASI PRIMARY SCHOOL
PS1007115,MPUGUSO PRIMARY SCHOOL
PS1007116,MPUMBULI PRIMARY SCHOOL
PS1007117,MPUNGUTI PRIMARY SCHOOL
PS1007151,MWANKENJA PRIMARY SCHOOL
PS1007118,NDAGA PRIMARY SCHOOL
PS1007119,NDITU PRIMARY SCHOOL
PS1007120,NGUBATI PRIMARY SCHOOL
PS1007121,NGUMBULU PRIMARY SCHOOL
PS1007122,NJIKULA PRIMARY SCHOOL
PS1007123,NJUGILO PRIMARY SCHOOL
PS1007124,NSONGOLA PRIMARY SCHOOL
PS1007125,NSONGWA PRIMARY SCHOOL
PS1007126,NSYASYA PRIMARY SCHOOL
PS1007127,NTOKELA PRIMARY SCHOOL
PS1007128,NURU PRIMARY SCHOOL
PS1007129,NZUNDA PRIMARY SCHOOL
PS1007130,PAKATI PRIMARY SCHOOL
PS1007131,RUNGWE PRIMARY SCHOOL
PS1007132,SALEMU PRIMARY SCHOOL
PS1007133,SEGELA PRIMARY SCHOOL
PS1007134,SONGWE PRIMARY SCHOOL
PS1007068,ST. JOSEPH ALLAMANO PRIMARY SCHOOL
PS1007135,SUMA PRIMARY SCHOOL
PS1007136,SWAYA PRIMARY SCHOOL
PS1007137,SYUKULA PRIMARY SCHOOL
PS1007154,TUKUYU ADVENTIST PRIMARY SCHOOL
PS1007138,TUKUYU PRIMARY SCHOOL
PS1007139,UKUKWE PRIMARY SCHOOL
PS1007140,UNYAMWANGA PRIMARY SCHOOL
PS1107001,BALAMA PRIMARY SCHOOL
PS1107072,BLESSED LAND PRIMARY SCHOOL
PS1107002,BWAWANI PRIMARY SCHOOL
PS1107003,CHAGONGWE PRIMARY SCHOOL
PS1107004,CHAKWALE PRIMARY SCHOOL
PS1107064,CHAMWINO PRIMARY SCHOOL
PS1107005,CHANJALE PRIMARY SCHOOL
PS1107006,CHINGHOLWE  PRIMARY SCHOOL
PS1107069,CHINYAKALA PRIMARY SCHOOL
PS1107007,CHISHAMBO PRIMARY SCHOOL
PS1107008,CHOGOALI PRIMARY SCHOOL
PS1107009,FYADIGWA PRIMARY SCHOOL
PS1107010,GAIRO 'A' PRIMARY SCHOOL
PS1107011,GAIRO 'B' PRIMARY SCHOOL
PS1107012,IBONDO PRIMARY SCHOOL
PS1107013,IBUTI PRIMARY SCHOOL
PS1107014,IDIBO  PRIMARY SCHOOL
PS1107015,IHENJE PRIMARY SCHOOL
PS1107016,IJAVA PRIMARY SCHOOL
PS1107017,IKWAMBA PRIMARY SCHOOL
PS1107066,IRINGA PRIMARY SCHOOL
PS1107018,ITALAGWE PRIMARY SCHOOL
PS1107019,IYOGWE PRIMARY SCHOOL
PS1107020,KIBEDYA PRIMARY SCHOOL
PS1107021,KIDETE - CHAGONGWE PRIMARY SCHOOL
PS1107022,KILAMA PRIMARY SCHOOL
PS1107023,KILIMANI PRIMARY SCHOOL
PS1107024,KIMASHALE PRIMARY SCHOOL
PS1107025,KINYOLISI  PRIMARY SCHOOL
PS1107026,KISITWI PRIMARY SCHOOL
PS1107027,KITAITA  PRIMARY SCHOOL
PS1107028,KUMBULU PRIMARY SCHOOL
PS1107076,KWIMAGE SAMIA  PRIMARY SCHOOL
PS1107029,KWIPIPA PRIMARY SCHOOL
PS1107030,LESHATA PRIMARY SCHOOL
PS1107031,LOLELA PRIMARY SCHOOL
PS1107032,LUFIKIRI PRIMARY SCHOOL
PS1107033,LUHWAJI PRIMARY SCHOOL
PS1107034,LUKANDO PRIMARY SCHOOL
PS1107035,LUKINGA PRIMARY SCHOOL
PS1107036,LUKUNGU PRIMARY SCHOOL
PS1107037,MADEGE PRIMARY SCHOOL
PS1107073,MAGENGE PRIMARY SCHOOL
PS1107077,MAGOWEKO PRIMARY SCHOOL
PS1107038,MAJAWANGA  PRIMARY SCHOOL
PS1107039,MAKUYU PRIMARY SCHOOL
PS1107040,MALOWELO PRIMARY SCHOOL
PS1107068,MAMIWA PRIMARY SCHOOL
PS1107041,MAMVISI PRIMARY SCHOOL
PS1107042,MANDEGE PRIMARY SCHOOL
PS1107043,MASENGE PRIMARY SCHOOL
PS1107063,MASIMBANI PRIMARY SCHOOL
PS1107044,MESHUGI PRIMARY SCHOOL
PS1107074,MIDINDO PRIMARY SCHOOL
PS1107045,MKALAMA  PRIMARY SCHOOL
PS1107071,MKOBWE PRIMARY SCHOOL
PS1107046,MNAFU PRIMARY SCHOOL
PS1107047,MNJILILI PRIMARY SCHOOL
PS1107048,MOGOHIGWA PRIMARY SCHOOL
PS1107049,MSINGISI PRIMARY SCHOOL
PS1107050,MTEGA PRIMARY SCHOOL
PS1107051,MUNYUNHE  PRIMARY SCHOOL
PS1107067,NAGWAI PRIMARY SCHOOL
PS1107052,NDOGOMI  PRIMARY SCHOOL
PS1107065,NGAYAKI PRIMARY SCHOOL
PS1107053,NG'HOLONGO PRIMARY SCHOOL
PS1107054,NGILOLI PRIMARY SCHOOL
PS1107055,NGUYAMI PRIMARY SCHOOL
PS1107056,NJUNGWA PRIMARY SCHOOL
PS1107057,NONGWE PRIMARY SCHOOL
PS1107070,PRECIOUS KING PRIMARY SCHOOL
PS1107058,RUBEHO PRIMARY SCHOOL
PS1107059,SANGANJERU PRIMARY SCHOOL
PS1107060,TABU-HOTEL PRIMARY SCHOOL
PS1107061,UKWAMANI PRIMARY SCHOOL
PS1107062,YERIKO PRIMARY SCHOOL
PS1109099,AIRPORTLAND PRIMARY SCHOOL
PS1109043,ANGEL PRIMARY SCHOOL
PS1109044,ASSUMPTION PRIMARY SCHOOL
PS1109039,BENIGNIS PRIMARY SCHOOL
PS1109001,BIRGIT PRIMARY SCHOOL
PS1109045,DARAJANI PRIMARY SCHOOL
PS1109046,ICHONDE PRIMARY SCHOOL
PS1109002,IFAKARA PRIMARY SCHOOL
PS1109003,IHANGA PRIMARY SCHOOL
PS1109047,ITEFA PRIMARY SCHOOL
PS1109004,JAMHURI PRIMARY SCHOOL
PS1109005,JANGWANI PRIMARY SCHOOL
PS1109006,JONGO PRIMARY SCHOOL
PS1109048,JUHUDI PRIMARY SCHOOL
PS1109094,JUSTINE PRIMARY SCHOOL
PS1109049,KADENGE PRIMARY SCHOOL
PS1109050,KALUNGA PRIMARY SCHOOL
PS1109051,KANOLO PRIMARY SCHOOL
PS1109052,KANYENJA PRIMARY SCHOOL
PS1109007,KAPOLO PRIMARY SCHOOL
PS1109008,KATINDIUKA PRIMARY SCHOOL
PS1109009,KATRINI PRIMARY SCHOOL
PS1109053,KATURUKILA PRIMARY SCHOOL
PS1109010,KIBAONI PRIMARY SCHOOL
PS1109055,KIBEREGE - MAGEREZA PRIMARY SCHOOL
PS1109054,KIBEREGE PRIMARY SCHOOL
PS1109056,KIBONG'OTO PRIMARY SCHOOL
PS1109057,KIDATU PRIMARY SCHOOL
PS1109011,KIGAMBONI PRIMARY SCHOOL
PS1109096,KIHOGOSI PRIMARY SCHOOL
PS1109012,KIKWAWILA PRIMARY SCHOOL
PS1109013,KILAMA 'A' PRIMARY SCHOOL
PS1109014,KILAMA 'B' PRIMARY SCHOOL
PS1109095,KILOMBERO IMHOTEP PRIMARY SCHOOL
PS1109058,KILOMBERO PRIMARY SCHOOL
PS1109015,KINGCOLLINS PRIMARY SCHOOL
PS1109016,KINING'INA PRIMARY SCHOOL
PS1109059,KISAWASAWA PRIMARY SCHOOL
PS1109060,KISWANYA PRIMARY SCHOOL
PS1109017,KIYONGWILE PRIMARY SCHOOL
PS1109018,LARS PRIMARY SCHOOL
PS1109019,LIHAMI PRIMARY SCHOOL
PS1109020,LIPANGALALA PRIMARY SCHOOL
PS1109021,LUMEMO PRIMARY SCHOOL
PS1109022,LUNGONGOLE PRIMARY SCHOOL
PS1109023,LUPA PRIMARY SCHOOL
PS1109061,LYEGAMA PRIMARY SCHOOL
PS1109024,MACHIPI PRIMARY SCHOOL
PS1109025,MADUKANI PRIMARY SCHOOL
PS1109026,MAENDELEO PRIMARY SCHOOL
PS1109062,MAGOMBERA PRIMARY SCHOOL
PS1109027,MAHUTANGA PRIMARY SCHOOL
PS1109097,MAKELO PRIMARY SCHOOL
PS1109063,MANG'ULA PRIMARY SCHOOL
PS1109028,MAPINDUZI PRIMARY SCHOOL
PS1109064,MBALAJI PRIMARY SCHOOL
PS1109029,MBASA PRIMARY SCHOOL
PS1109065,MGUDENI PRIMARY SCHOOL
PS1109066,MHELULE PRIMARY SCHOOL
PS1109030,MHOLA PRIMARY SCHOOL
PS1109031,MICHENGA PRIMARY SCHOOL
PS1109032,MIEMBENI PRIMARY SCHOOL
PS1109067,MIKOLEKO PRIMARY SCHOOL
PS1109033,MILOLA PRIMARY SCHOOL
PS1109069,MIWANGANI PRIMARY SCHOOL
PS1109070,MKAMBA PRIMARY SCHOOL
PS1109071,MKASU PRIMARY SCHOOL
PS1109042,MKOZA PRIMARY SCHOOL
PS1109072,MKULA PRIMARY SCHOOL
PS1109034,MLABANI PRIMARY SCHOOL
PS1109073,MLIMANI PRIMARY SCHOOL
PS1109074,MSALISE PRIMARY SCHOOL
PS1109075,MSOLWA - STATION PRIMARY SCHOOL
PS1109076,MSOLWA - UJAMAA PRIMARY SCHOOL
PS1109068,MSUFINI PRIMARY SCHOOL
PS1109035,MTONI PRIMARY SCHOOL
PS1109077,MTUKULA PRIMARY SCHOOL
PS1109078,MUUNGANO PRIMARY SCHOOL
PS1109079,MWAYA PRIMARY SCHOOL
PS1109080,MWENGE PRIMARY SCHOOL
PS1109081,NANENANE PRIMARY SCHOOL
PS1109082,NYANDEO PRIMARY SCHOOL
PS1109083,NYANGE PRIMARY SCHOOL
PS1109084,SABASABA PRIMARY SCHOOL
PS1109085,SAGAMAGANGA PRIMARY SCHOOL
PS1109086,SANJE PRIMARY SCHOOL
PS1109087,SIGNAL PRIMARY SCHOOL
PS1109036,SITE PRIMARY SCHOOL
PS1109088,SONJO PRIMARY SCHOOL
PS1109037,ST. MARY'S PRIMARY SCHOOL
PS1109089,SULULU PRIMARY SCHOOL
PS1109040,THE APPLE PRIMARY SCHOOL
PS1109090,TUMAINI PRIMARY SCHOOL
PS1109091,UDZUNGWA PRIMARY SCHOOL
PS1109038,UHURU PRIMARY SCHOOL
PS1109092,UKOMBOZI PRIMARY SCHOOL
PS1109103,UWANJA WA NDEGE PRIMARY SCHOOL
PS1102199,AMANI PRIMARY SCHOOL
PS1102223,BEREGA PRIMARY SCHOOL
PS1102234,BISHOP CHITEMO PRIMARY SCHOOL
PS1102001,CHABI PRIMARY SCHOOL
PS1102002,CHABIMA PRIMARY SCHOOL
PS1102005,CHANGARAWE PRIMARY SCHOOL
PS1102007,CHANZURU PRIMARY SCHOOL
PS1102185,CHAUMBELE PRIMARY SCHOOL
PS1102202,CHIMALE PRIMARY SCHOOL
PS1102010,CHONWE PRIMARY SCHOOL
PS1102184,DAKAWA CENTRE PRIMARY SCHOOL
PS1102209,DINIMA PRIMARY SCHOOL
PS1102011,DODOMA PRIMARY SCHOOL
PS1102203,DUMBALUME PRIMARY SCHOOL
PS1102188,DUMILA JUU PRIMARY SCHOOL
PS1102012,DUMILA PRIMARY SCHOOL
PS1102235,FRANSALIAN DUMILA MISSION PRIMARY SCHOOL
PS1102243,GEZAULOLE PRIMARY SCHOOL
PS1102014,GONGONI PRIMARY SCHOOL
PS1102230,GONGWE PRIMARY SCHOOL
PS1102161,HOLY CROSS PRIMARY SCHOOL
PS1102015,IBINDO PRIMARY SCHOOL
PS1102016,IBINGU PRIMARY SCHOOL
PS1102018,IDETE PRIMARY SCHOOL
PS1102020,IFUNDE PRIMARY SCHOOL
PS1102022,IHOMBWE PRIMARY SCHOOL
PS1102024,ILONGA-MAZOEZI PRIMARY SCHOOL
PS1102205,INYUNYWE PRIMARY SCHOOL
PS1102176,ITEMBE PRIMARY SCHOOL
PS1102026,IWEMBA PRIMARY SCHOOL
PS1102175,JANGWANI PRIMARY SCHOOL
PS1102249,KALOLENI PRIMARY SCHOOL
PS1102212,KAMBARAGE PRIMARY SCHOOL
PS1102181,KANTUI PRIMARY SCHOOL
PS1102220,KIBAONI PRIMARY SCHOOL
PS1102222,KIBASIGWA PRIMARY SCHOOL
PS1102029,KICHANGANI PRIMARY SCHOOL
PS1102256,KIDANDALA PRIMARY SCHOOL
PS1102031,KIDETE-STATION PRIMARY SCHOOL
PS1102032,KIDOGOBASI PRIMARY SCHOOL
PS1102033,KIDUHI PRIMARY SCHOOL
PS1102034,KIEGEA PRIMARY SCHOOL
PS1102229,KIFE PRIMARY SCHOOL
PS1102250,KIFINGA PRIMARY SCHOOL
PS1102035,KIGUNGA PRIMARY SCHOOL
PS1102036,KIHELEZO PRIMARY SCHOOL
PS1102037,KIKOBOGA PRIMARY SCHOOL
PS1102200,KIKONGA PRIMARY SCHOOL
PS1102039,KILANGALI PRIMARY SCHOOL
PS1102041,KILOSA-TOWN PRIMARY SCHOOL
PS1102042,KIMAMBA PRIMARY SCHOOL
PS1102232,KING VISION PRIMARY SCHOOL
PS1102177,KISALE PRIMARY SCHOOL
PS1102045,KISANGA PRIMARY SCHOOL
PS1102260,KISERU PRIMARY SCHOOL
PS1102047,KISONGWE PRIMARY SCHOOL
PS1102049,KITANGE-I PRIMARY SCHOOL
PS1102050,KITANGE-II PRIMARY SCHOOL
PS1102211,KITATI PRIMARY SCHOOL
PS1102051,KITETE PRIMARY SCHOOL
PS1102052,KITETE-MSINDAZI PRIMARY SCHOOL
PS1102218,KITUNDUWETA PRIMARY SCHOOL
PS1102258,KITUNGU PRIMARY SCHOOL
PS1102053,KIVUNGU PRIMARY SCHOOL
PS1102054,KONDOA PRIMARY SCHOOL
PS1102056,KWAMBE PRIMARY SCHOOL
PS1102058,LAMULILO PRIMARY SCHOOL
PS1102225,LUHOZA PRIMARY SCHOOL
PS1102064,LUMANGO PRIMARY SCHOOL
PS1102065,LUMBIJI PRIMARY SCHOOL
PS1102066,LUMUMA PRIMARY SCHOOL
PS1102067,LUWEMBA PRIMARY SCHOOL
PS1102174,LYAHIRA PRIMARY SCHOOL
PS1102068,MABANA PRIMARY SCHOOL
PS1102069,MABULA PRIMARY SCHOOL
PS1102180,MABWEGERE PRIMARY SCHOOL
PS1102070,MABWEREBWERE PRIMARY SCHOOL
PS1102071,MACHATU PRIMARY SCHOOL
PS1102072,MADARAKA PRIMARY SCHOOL
PS1102074,MADIZINI PRIMARY SCHOOL
PS1102075,MADOTO PRIMARY SCHOOL
PS1102076,MADUDU PRIMARY SCHOOL
PS1102077,MADUDUMIZI PRIMARY SCHOOL
PS1102078,MAGERA PRIMARY SCHOOL
PS1102079,MAGOLE PRIMARY SCHOOL
PS1102080,MAGOMENI PRIMARY SCHOOL
PS1102081,MAGUBIKE PRIMARY SCHOOL
PS1102082,MAGUHA PRIMARY SCHOOL
PS1102246,MAGULU PRIMARY SCHOOL
PS1102231,MAHEMU PRIMARY SCHOOL
PS1102085,MAKWAMBE PRIMARY SCHOOL
PS1102189,MALANGALI PRIMARY SCHOOL
PS1102087,MALOLO PRIMARY SCHOOL
PS1102088,MALUI PRIMARY SCHOOL
PS1102178,MAMBEGWA PRIMARY SCHOOL
PS1102089,MAMBOYA PRIMARY SCHOOL
PS1102090,MAMOYO PRIMARY SCHOOL
PS1102093,MANDERA PRIMARY SCHOOL
PS1102190,MANZESE PRIMARY SCHOOL
PS1102094,MAPINDUZI PRIMARY SCHOOL
PS1102169,MASUNGO PRIMARY SCHOOL
PS1102207,MATONGOLO PRIMARY SCHOOL
PS1102096,MAZINYUNGU PRIMARY SCHOOL
PS1102097,MBAMBA PRIMARY SCHOOL
PS1102098,MBIGIRI PRIMARY SCHOOL
PS1102099,MBILI PRIMARY SCHOOL
PS1102100,MBWADE PRIMARY SCHOOL
PS1102102,MFULU PRIMARY SCHOOL
PS1102103,MFULUNI PRIMARY SCHOOL
PS1102104,MGOGOZI PRIMARY SCHOOL
PS1102105,MGUGU PRIMARY SCHOOL
PS1102106,MHENDA PRIMARY SCHOOL
PS1102107,MHOVU PRIMARY SCHOOL
PS1102219,MHOWE PRIMARY SCHOOL
PS1102237,MIEMBENI PRIMARY SCHOOL
PS1102108,MIKUMI PRIMARY SCHOOL
PS1102109,MIKUMI-MPYA PRIMARY SCHOOL
PS1102198,MIKUMI-TOWN PRIMARY SCHOOL
PS1102110,MISUFINI PRIMARY SCHOOL
PS1102252,MISUNGI PRIMARY SCHOOL
PS1102233,MIYONGA PRIMARY SCHOOL
PS1102210,MKADAGE PRIMARY SCHOOL
PS1102241,MKOBWE PRIMARY SCHOOL
PS1102112,MKONDOA PRIMARY SCHOOL
PS1102113,MKUNDI PRIMARY SCHOOL
PS1102114,MKUNGHULU PRIMARY SCHOOL
PS1102115,MKWATANI PRIMARY SCHOOL
PS1102257,MLENGA PRIMARY SCHOOL
PS1102242,MLINGOTI PRIMARY SCHOOL
PS1102116,MLUNGA PRIMARY SCHOOL
PS1102171,MNOZI PRIMARY SCHOOL
PS1102118,MSIMBA PRIMARY SCHOOL
PS1102119,MSIMBA-MIKUMI PRIMARY SCHOOL
PS1102121,MSOLWA PRIMARY SCHOOL
PS1102201,MSOWERO MSOLWA PRIMARY SCHOOL
PS1102122,MSOWERO PRIMARY SCHOOL
PS1102123,MSOWERO-KIDODI PRIMARY SCHOOL
PS1102124,MSOWERO-LUMUMA PRIMARY SCHOOL
PS1102126,MTUMBATU PRIMARY SCHOOL
PS1102127,MUNISAGARA PRIMARY SCHOOL
PS1102206,MUUNGANO PRIMARY SCHOOL
PS1102128,MVUMI PRIMARY SCHOOL
PS1102129,MWANDI PRIMARY SCHOOL
PS1102130,MWASA PRIMARY SCHOOL
PS1102131,MWENGE PRIMARY SCHOOL
PS1102197,MWISINI PRIMARY SCHOOL
PS1102132,MYOMBO PRIMARY SCHOOL
PS1102133,MZAGANZA PRIMARY SCHOOL
PS1102253,NG'APA PRIMARY SCHOOL
PS1102239,NGOISANI PRIMARY SCHOOL
PS1102247,NG'OLE PRIMARY SCHOOL
PS1102167,NHEMBO PRIMARY SCHOOL
PS1102139,NYALI PRIMARY SCHOOL
PS1102140,NYAMENI PRIMARY SCHOOL
PS1102204,NYANGALA BONDENI PRIMARY SCHOOL
PS1102141,NYANGALA PRIMARY SCHOOL
PS1102142,NYARANDA PRIMARY SCHOOL
PS1102172,PARAKUYO PRIMARY SCHOOL
PS1102143,PEAPEA PRIMARY SCHOOL
PS1102144,RUAHA 'A' PRIMARY SCHOOL
PS1102194,RUAHA 'B' PRIMARY SCHOOL
PS1102162,RUAHA DARAJANI PRIMARY SCHOOL
PS1102146,RUDEWA PRIMARY SCHOOL
PS1102147,RUDEWA-MBUYUNI PRIMARY SCHOOL
PS1102060,RUHEMBE PRIMARY SCHOOL
PS1102227,ST PETER CLAVERY PRIMARY SCHOOL
PS1102254,TAMBUKARELI PRIMARY SCHOOL
PS1102208,TAME PRIMARY SCHOOL
PS1102150,TINDIGA PRIMARY SCHOOL
PS1102151,TUNDU PRIMARY SCHOOL
PS1102214,TWATWATWA PRIMARY SCHOOL
PS1102152,UDUNG'HU PRIMARY SCHOOL
PS1102153,UJIRANI PRIMARY SCHOOL
PS1102155,ULAYA PRIMARY SCHOOL
PS1102156,ULAYA-MBUYUNI PRIMARY SCHOOL
PS1102157,ULELING'OMBE PRIMARY SCHOOL
PS1102158,UNONE PRIMARY SCHOOL
PS1102159,UPONELA PRIMARY SCHOOL
PS1102164,USAGARA PRIMARY SCHOOL
PS1102168,USTAWI PRIMARY SCHOOL
PS1102160,VIDUNDA PRIMARY SCHOOL
PS1102062,ZOMBO PRIMARY SCHOOL
PS1108001,BIRO PRIMARY SCHOOL
PS1108045,IFUNGIRA PRIMARY SCHOOL
PS1108002,IGAWA PRIMARY SCHOOL
PS1108003,IHOWANJA PRIMARY SCHOOL
PS1108005,IPERA ASILIA PRIMARY SCHOOL
PS1108004,IPERA PRIMARY SCHOOL
PS1108006,ITETE PRIMARY SCHOOL
PS1108007,ITUMBIKA PRIMARY SCHOOL
PS1108008,KILOLERO PRIMARY SCHOOL
PS1108009,KIPENYO PRIMARY SCHOOL
PS1108010,KIPINGO PRIMARY SCHOOL
PS1108011,KISWAGO PRIMARY SCHOOL
PS1108037,KITILIWELE PRIMARY SCHOOL
PS1108012,KIWALE PRIMARY SCHOOL
PS1108013,LUGALA PRIMARY SCHOOL
PS1108038,LUMBANGA PRIMARY SCHOOL
PS1108014,LUPUNGA PRIMARY SCHOOL
PS1108042,LUVILI PRIMARY SCHOOL
PS1108015,MABANDA PRIMARY SCHOOL
PS1108016,MADABADABA PRIMARY SCHOOL
PS1108018,MADIBIRA CHINI PRIMARY SCHOOL
PS1108017,MADIBIRA PRIMARY SCHOOL
PS1108019,MAHIMBO PRIMARY SCHOOL
PS1108020,MAJIJI PRIMARY SCHOOL
PS1108021,MAKERERE PRIMARY SCHOOL
PS1108022,MAKUGIRA PRIMARY SCHOOL
PS1108023,MALINYI PRIMARY SCHOOL
PS1108024,MANDA CHINI PRIMARY SCHOOL
PS1108025,MANDA JUU PRIMARY SCHOOL
PS1108026,MBALINYI PRIMARY SCHOOL
PS1108027,MCHANGANI PRIMARY SCHOOL
PS1108047,MISEGESE PRIMARY SCHOOL
PS1108028,MTIMBIRA PRIMARY SCHOOL
PS1108048,MUUNGANO PRIMARY SCHOOL
PS1108029,MWEMBENI PRIMARY SCHOOL
PS1108030,NAWIGO PRIMARY SCHOOL
PS1108031,NGOHERANGA PRIMARY SCHOOL
PS1108039,NGONGWA PRIMARY SCHOOL
PS1108033,NJIWA PRIMARY SCHOOL
PS1108040,SALAMITI PRIMARY SCHOOL
PS1108041,SAMIA PRIMARY SCHOOL
PS1108034,SOFI PRIMARY SCHOOL
PS1108035,TANGA PRIMARY SCHOOL
PS1101176,CHIHENGA PRIMARY SCHOOL
PS1101002,CHING'ANDA PRIMARY SCHOOL
PS1101003,CHISANO PRIMARY SCHOOL
PS1101178,CHITA ACADEM PRIMARY SCHOOL
PS1101004,CHITA PRIMARY SCHOOL
PS1101005,CHITA-JKT PRIMARY SCHOOL
PS1101172,CHIWACHIWA PRIMARY SCHOOL
PS1101165,IBAKU PRIMARY SCHOOL
PS1101020,IDANDU PRIMARY SCHOOL
PS1101079,IDETE - MAGEREZA PRIMARY SCHOOL
PS1101166,IDETE CROSSING PRIMARY SCHOOL
PS1101101,IDETE MIWANGANI PRIMARY SCHOOL
PS1101007,IDETE PRIMARY SCHOOL
PS1101113,IDUINDEMBO PRIMARY SCHOOL
PS1101180,IGIMA PRIMARY SCHOOL
PS1101109,IGOLI PRIMARY SCHOOL
PS1101167,IHENGA PRIMARY SCHOOL
PS1101089,IJIA PRIMARY SCHOOL
PS1101096,IKULE PRIMARY SCHOOL
PS1101153,IKWAMBI PRIMARY SCHOOL
PS1101009,ILOLE PRIMARY SCHOOL
PS1101121,ILUNGUSHA PRIMARY SCHOOL
PS1101152,IPAPA PRIMARY SCHOOL
PS1101077,IPINDE PRIMARY SCHOOL
PS1101122,IPOPOO PRIMARY SCHOOL
PS1101010,ITONGOWA PRIMARY SCHOOL
PS1101104,JARIBU PRIMARY SCHOOL
PS1101123,JITEGEMEE PRIMARY SCHOOL
PS1101135,KADUDUMA PRIMARY SCHOOL
PS1101093,KALENGA PRIMARY SCHOOL
PS1101013,KALENGAKELU PRIMARY SCHOOL
PS1101014,KAMWENE PRIMARY SCHOOL
PS1101173,KIBASILA PRIMARY SCHOOL
PS1101102,KICHANGANI PRIMARY SCHOOL
PS1101155,KIDETE PRIMARY SCHOOL
PS1101110,KIFINYA PRIMARY SCHOOL
PS1101097,KIHANSI PRIMARY SCHOOL
PS1101022,KIHATA PRIMARY SCHOOL
PS1101100,KILAMSA PRIMARY SCHOOL
PS1101156,KISIWANI PRIMARY SCHOOL
PS1101032,LONDO PRIMARY SCHOOL
PS1101116,LOUIS PRIMARY SCHOOL
PS1101108,LUFULU PRIMARY SCHOOL
PS1101033,LUGALA PRIMARY SCHOOL
PS1101034,LUKOLONGO PRIMARY SCHOOL
PS1101115,LUVAMBO PRIMARY SCHOOL
PS1101127,LUVIRIKILA PRIMARY SCHOOL
PS1101114,LWAMATE PRIMARY SCHOOL
PS1101094,LWIPA PRIMARY SCHOOL
PS1101158,LYASENGA PRIMARY SCHOOL
PS1101106,MAKIRIKA PRIMARY SCHOOL
PS1101128,MAKUTANO PRIMARY SCHOOL
PS1101139,MATALAWANI PRIMARY SCHOOL
PS1101041,MATANGINI PRIMARY SCHOOL
PS1101085,MATEMA PRIMARY SCHOOL
PS1101140,MATETE PRIMARY SCHOOL
PS1101042,MBINGU PRIMARY SCHOOL
PS1101043,MCHOMBE PRIMARY SCHOOL
PS1101044,MERERA PRIMARY SCHOOL
PS1101092,MIKOCHINI PRIMARY SCHOOL
PS1101111,MIKOROSHINI PRIMARY SCHOOL
PS1101119,MIYOMBONI PRIMARY SCHOOL
PS1101051,MKANGAWALO PRIMARY SCHOOL
PS1101141,MKONDOA PRIMARY SCHOOL
PS1101129,MKUSI PRIMARY SCHOOL
PS1101160,MKUYUNI PRIMARY SCHOOL
PS1101055,MLIMBA PRIMARY SCHOOL
PS1101056,MNGETA PRIMARY SCHOOL
PS1101057,MOFU PRIMARY SCHOOL
PS1101117,MOUNT OLIVES PRIMARY SCHOOL
PS1101058,MPANGA PRIMARY SCHOOL
PS1101161,MPOFU PRIMARY SCHOOL
PS1101105,MSITA PRIMARY SCHOOL
PS1101107,MSONDO PRIMARY SCHOOL
PS1101168,MTYANGIMBOLE PRIMARY SCHOOL
PS1101143,MWALIGA PRIMARY SCHOOL
PS1101138,MWANGAZA PRIMARY SCHOOL
PS1101083,MWEMBENI PRIMARY SCHOOL
PS1101162,NAKAGURU PRIMARY SCHOOL
PS1101065,NAMWAWALA PRIMARY SCHOOL
PS1101145,NARUBUNGO PRIMARY SCHOOL
PS1101120,NGAI PRIMARY SCHOOL
PS1101103,NGAJENGWA PRIMARY SCHOOL
PS1101066,NGALIMILA PRIMARY SCHOOL
PS1101067,NGANYANGILA PRIMARY SCHOOL
PS1101163,NGOLO PRIMARY SCHOOL
PS1101099,NGWASI PRIMARY SCHOOL
PS1101084,NJAGE PRIMARY SCHOOL
PS1101112,PAPANGO PRIMARY SCHOOL
PS1101181,PRINCE NICHOLAUS PRIMARY SCHOOL
PS1101177,ROBERT PRIMARY SCHOOL
PS1101179,ST. AUGUSTINE PRIMARY SCHOOL
PS1101072,TANGANYIKA PRIMARY SCHOOL
PS1101073,TAWETA PRIMARY SCHOOL
PS1101147,TOWA PRIMARY SCHOOL
PS1101095,UDAGAJI PRIMARY SCHOOL
PS1101169,UGGA PRIMARY SCHOOL
PS1101150,UPENDO PRIMARY SCHOOL
PS1101164,UTATALA PRIMARY SCHOOL
PS1101074,UTENGULE PRIMARY SCHOOL
PS1101132,VIGAENI PRIMARY SCHOOL
PS1101075,VSITINI PRIMARY SCHOOL
PS1103001,AMINI PRIMARY SCHOOL
PS1103002,BAGA PRIMARY SCHOOL
PS1103003,BAGILO PRIMARY SCHOOL
PS1103004,BALANI PRIMARY SCHOOL
PS1103124,BAMBA PRIMARY SCHOOL
PS1103005,BANDASI PRIMARY SCHOOL
PS1103146,BONDWA PRIMARY SCHOOL
PS1103148,BONYE PRIMARY SCHOOL
PS1103006,BULUGI PRIMARY SCHOOL
PS1103007,BUNGU PRIMARY SCHOOL
PS1103008,BWAKIRA CHINI PRIMARY SCHOOL
PS1103009,BWAKIRA JUU PRIMARY SCHOOL
PS1103010,BWILA PRIMARY SCHOOL
PS1103011,CHANGA PRIMARY SCHOOL
PS1103012,CHANYUMBU PRIMARY SCHOOL
PS1103160,CONACO PRIMARY SCHOOL
PS1103013,DAKAWA PRIMARY SCHOOL
PS1103157,DALA PRIMARY SCHOOL
PS1103162,DARUL-ULUMMY PRIMARY SCHOOL
PS1103138,DETE PRIMARY SCHOOL
PS1103014,DIMILO PRIMARY SCHOOL
PS1103131,DIOVUVA PRIMARY SCHOOL
PS1103159,DOUBLE D PRIMARY SCHOOL
PS1103015,DUTHUMI PRIMARY SCHOOL
PS1103016,FATEMI PRIMARY SCHOOL
PS1103017,FULWE PRIMARY SCHOOL
PS1103137,GEZAULOLE PRIMARY SCHOOL
PS1103018,GOZO PRIMARY SCHOOL
PS1103019,GWATA PRIMARY SCHOOL
PS1103144,HERBERT WALLBRECHER PRIMARY SCHOOL
PS1103020,HEWE PRIMARY SCHOOL
PS1103139,JUHUDI PRIMARY SCHOOL
PS1103021,KALUNDWA PRIMARY SCHOOL
PS1103022,KASANGA PRIMARY SCHOOL
PS1103023,KIBANGILE PRIMARY SCHOOL
PS1103024,KIBOGWA PRIMARY SCHOOL
PS1103025,KIBUKO MKUYUNI PRIMARY SCHOOL
PS1103026,KIBUKO MWARAZI PRIMARY SCHOOL
PS1103158,KIBUNGO CHINI PRIMARY SCHOOL
PS1103027,KIBUNGO PRIMARY SCHOOL
PS1103128,KIBURUMO PRIMARY SCHOOL
PS1103028,KIBWAYA PRIMARY SCHOOL
PS1103029,KIBWEGE PRIMARY SCHOOL
PS1103147,KICHANGANI PRIMARY SCHOOL
PS1103121,KIDEGE PRIMARY SCHOOL
PS1103129,KIDODI PRIMARY SCHOOL
PS1103030,KIDUGALO PRIMARY SCHOOL
PS1103031,KIDUNDA PRIMARY SCHOOL
PS1103032,KIFINDIKE PRIMARY SCHOOL
PS1103116,KIGANILA PRIMARY SCHOOL
PS1103033,KIKUNDI KIJIJINI PRIMARY SCHOOL
PS1103127,KILENGEZI PRIMARY SCHOOL
PS1103034,KINOLE PRIMARY SCHOOL
PS1103035,KINONKO PRIMARY SCHOOL
PS1103036,KIROKA PRIMARY SCHOOL
PS1103037,KISAKI GOMERO PRIMARY SCHOOL
PS1103038,KISAKI KITUONI PRIMARY SCHOOL
PS1103039,KISANGA STAND PRIMARY SCHOOL
PS1103125,KISEMO PRIMARY SCHOOL
PS1103142,KITENGU PRIMARY SCHOOL
PS1103040,KITONGA PRIMARY SCHOOL
PS1103041,KITUNGWA PRIMARY SCHOOL
PS1103134,KIVUMA PRIMARY SCHOOL
PS1103042,KIWEGE PRIMARY SCHOOL
PS1103118,KIZAGILA PRIMARY SCHOOL
PS1103043,KIZINGA PRIMARY SCHOOL
PS1103044,KIZIWA PRIMARY SCHOOL
PS1103045,KIZUKA PRIMARY SCHOOL
PS1103046,KOLERO PRIMARY SCHOOL
PS1103047,KOLONI PRIMARY SCHOOL
PS1103048,KONDE PRIMARY SCHOOL
PS1103049,KONGWA PRIMARY SCHOOL
PS1103163,KOO PRIMARY SCHOOL
PS1103050,KUMBA PRIMARY SCHOOL
PS1103051,KUNGWE PRIMARY SCHOOL
PS1103052,KWABA PRIMARY SCHOOL
PS1103053,LANZI PRIMARY SCHOOL
PS1103054,LOGO PRIMARY SCHOOL
PS1103055,LONGWE PRIMARY SCHOOL
PS1103056,LUBASAZI PRIMARY SCHOOL
PS1103126,LUBUMU PRIMARY SCHOOL
PS1103057,LUBWE PRIMARY SCHOOL
PS1103151,LUGANGE PRIMARY SCHOOL
PS1103058,LUGENI PRIMARY SCHOOL
PS1103059,LUHOLOLE PRIMARY SCHOOL
PS1103060,LUKANGE PRIMARY SCHOOL
PS1103061,LUKENGE PRIMARY SCHOOL
PS1103132,LUKONDE PRIMARY SCHOOL
PS1103062,LUKOSE PRIMARY SCHOOL
PS1103063,LUKULUNGE PRIMARY SCHOOL
PS1103064,LULONGWE PRIMARY SCHOOL
PS1103065,LUMBA CHINI PRIMARY SCHOOL
PS1103066,LUMBA JUU PRIMARY SCHOOL
PS1103067,LUNDI PRIMARY SCHOOL
PS1103117,LUNG'ALA PRIMARY SCHOOL
PS1103153,MADAMU PRIMARY SCHOOL
PS1103130,MAGERA PRIMARY SCHOOL
PS1103068,MAGOGONI PRIMARY SCHOOL
PS1103150,MAJIMOTO PRIMARY SCHOOL
PS1103069,MALANI PRIMARY SCHOOL
PS1103070,MAMBANI PRIMARY SCHOOL
PS1103071,MASEYU PRIMARY SCHOOL
PS1103161,MASUKUZI PRIMARY SCHOOL
PS1103072,MATAMBWE PRIMARY SCHOOL
PS1103073,MATOMBO PRIMARY SCHOOL
PS1103074,MATULI PRIMARY SCHOOL
PS1103136,MAZIZI PRIMARY SCHOOL
PS1103123,MBARANGWE PRIMARY SCHOOL
PS1103154,MBEHOMBEHO PRIMARY SCHOOL
PS1103140,MBWADE PRIMARY SCHOOL
PS1103141,MDOKONYOLE PRIMARY SCHOOL
PS1103076,MFUMBWE PRIMARY SCHOOL
PS1103167,MGAMA PRIMARY SCHOOL
PS1103075,MGATA PRIMARY SCHOOL
PS1103077,MGOZO PRIMARY SCHOOL
PS1103079,MIFULU PRIMARY SCHOOL
PS1103080,MIKESE PRIMARY SCHOOL
PS1103081,MILAWILILA PRIMARY SCHOOL
PS1103085,MILENGWELENGWE PRIMARY SCHOOL
PS1103170,MISUFINI PRIMARY SCHOOL
PS1103135,MKAMBARANI PRIMARY SCHOOL
PS1103152,MKOMBOZI PRIMARY SCHOOL
PS1103082,MKONO WA MARA PRIMARY SCHOOL
PS1103083,MKUYUNI PRIMARY SCHOOL
PS1103084,MLILINGWA PRIMARY SCHOOL
PS1103086,MLONO PRIMARY SCHOOL
PS1103145,MNGAZI B PRIMARY SCHOOL
PS1103087,MNGAZI PRIMARY SCHOOL
PS1103165,MNGUZI PRIMARY SCHOOL
PS1103088,MSONGE PRIMARY SCHOOL
PS1103089,MTAMBA PRIMARY SCHOOL
PS1103090,MTOMBOZI PRIMARY SCHOOL
PS1103078,MUHUNGAMKOLA PRIMARY SCHOOL
PS1103091,MUUNGANO PRIMARY SCHOOL
PS1103092,MVUHA PRIMARY SCHOOL
PS1103093,NEMELE PRIMARY SCHOOL
PS1103149,NEW LAND PRIMARY SCHOOL
PS1103094,NGERENGERE PRIMARY SCHOOL
PS1103095,NGONG'ORO PRIMARY SCHOOL
PS1103143,NG'WEME PRIMARY SCHOOL
PS1103166,NIGE PRIMARY SCHOOL
PS1103096,NJIANNE PRIMARY SCHOOL
PS1103100,NTALA PRIMARY SCHOOL
PS1103097,NYACHIRO PRIMARY SCHOOL
PS1103164,NYAMBOGO PRIMARY SCHOOL
PS1103098,NYAMIGADU PRIMARY SCHOOL
PS1103099,NYINGWA PRIMARY SCHOOL
PS1103101,PANGAWE PRIMARY SCHOOL
PS1103102,SANGASANGA PRIMARY SCHOOL
PS1103103,SEREGETE A PRIMARY SCHOOL
PS1103120,SEREGETE B PRIMARY SCHOOL
PS1103104,SESENGA PRIMARY SCHOOL
PS1103105,SINGISA PRIMARY SCHOOL
PS1103155,SINYAULIME PRIMARY SCHOOL
PS1103156,SUME PRIMARY SCHOOL
PS1103106,TAMBUU PRIMARY SCHOOL
PS1103107,TAWA PRIMARY SCHOOL
PS1103108,TEGETERO PRIMARY SCHOOL
PS1103109,TULO PRIMARY SCHOOL
PS1103110,TUNUNGUO PRIMARY SCHOOL
PS1103169,UKOMANGA PRIMARY SCHOOL
PS1103111,UKWAMA PRIMARY SCHOOL
PS1103112,UPONDA PRIMARY SCHOOL
PS1103119,USUNGURA PRIMARY SCHOOL
PS1103113,VIHENGERE PRIMARY SCHOOL
PS1103114,VISARAKA PRIMARY SCHOOL
PS1103133,VULENI PRIMARY SCHOOL
PS1103115,ZONGOMERO PRIMARY SCHOOL
PS1104120,A PLUS PRIMARY SCHOOL
PS1104056,AGAPE PRIMARY SCHOOL
PS1104092,AHMADIYA PRIMARY SCHOOL
PS1104085,AL-AQABAH PRIMARY SCHOOL
PS1104060,AREA FIVE PRIMARY SCHOOL
PS1104089,AZIMIO B PRIMARY SCHOOL
PS1104049,AZIMIO PRIMARY SCHOOL
PS1104069,BAPTIST PRIMARY SCHOOL
PS1104081,BENSAL PRIMARY SCHOOL
PS1104066,BERNHARD BENDEL PRIMARY SCHOOL
PS1104064,BIGWA PRIMARY SCHOOL
PS1104001,BUNGO PRIMARY SCHOOL
PS1104070,CARMEL PRIMARY SCHOOL
PS1104041,CHAMWINO 'B' PRIMARY SCHOOL
PS1104024,CHAMWINO PRIMARY SCHOOL
PS1104034,CHIEF ALBERT LUTHULI PRIMARY SCHOOL
PS1104072,CORRADINI PRIMARY SCHOOL
PS1104093,DAY SPRING PRIMARY SCHOOL
PS1104087,DENIS PRIMARY SCHOOL
PS1104090,EASTERN ARC PRIMARY SCHOOL
PS1104045,ELU PRIMARY SCHOOL
PS1104118,FAVOUR PRIMARY SCHOOL
PS1104125,FOUNTAIN MOROGORO PRIMARY SCHOOL
PS1104071,FRANSALIAN PRIMARY SCHOOL
PS1104128,GLORIOUS PRIMARY SCHOOL
PS1104103,GODWIN PRIMARY SCHOOL
PS1104099,GREEN APPLE PRIMARY SCHOOL
PS1104096,GREEN CITY PRIMARY SCHOOL
PS1104080,HOLY CROSS PRIMARY SCHOOL
PS1104047,IMAAN PRIMARY SCHOOL
PS1104121,JAMHURI PRIMARY SCHOOL
PS1104063,JITEGEMEE PRIMARY SCHOOL
PS1104006,KALOLENI PRIMARY SCHOOL
PS1104053,KAMBARAGE PRIMARY SCHOOL
PS1104115,KAMBITANO PRIMARY SCHOOL
PS1104068,KASANGA PRIMARY SCHOOL
PS1104025,KAUZENI PRIMARY SCHOOL
PS1104111,KIEGEA PRIMARY SCHOOL
PS1104007,KIGURUNYEMBE PRIMARY SCHOOL
PS1104051,KIHONDA MAGOROFANI PRIMARY SCHOOL
PS1104037,KIHONDA PRIMARY SCHOOL
PS1104011,KIKUNDI PRIMARY SCHOOL
PS1104008,KILAKALA PRIMARY SCHOOL
PS1104086,KILONGO PRIMARY SCHOOL
PS1104028,KINGOLWIRA PRIMARY SCHOOL
PS1104005,KIWANJA CHA NDEGE PRIMARY SCHOOL
PS1104088,LAMIRIAM PRIMARY SCHOOL
PS1104050,LEENA PRIMARY SCHOOL
PS1104078,LIVINGHOPE PRIMARY SCHOOL
PS1104105,LUGALA PRIMARY SCHOOL
PS1104039,LUHUNGO PRIMARY SCHOOL
PS1104029,LUKOBE PRIMARY SCHOOL
PS1104054,MAFIGA 'B' PRIMARY SCHOOL
PS1104021,MAFIGA PRIMARY SCHOOL
PS1104061,MAFISA 'B' PRIMARY SCHOOL
PS1104016,MAFISA PRIMARY SCHOOL
PS1104009,MAGADU PRIMARY SCHOOL
PS1104098,MAWASILIANO PRIMARY SCHOOL
PS1104043,MAZIMBU 'B' PRIMARY SCHOOL
PS1104020,MAZIMBU PRIMARY SCHOOL
PS1104059,MBETE PRIMARY SCHOOL
PS1104012,MBUYUNI PRIMARY SCHOOL
PS1104026,MCHIKICHINI 'B' PRIMARY SCHOOL
PS1104023,MCHIKICHINI PRIMARY SCHOOL
PS1104122,MGAZA PRIMARY SCHOOL
PS1104030,MGOLOLE PRIMARY SCHOOL
PS1104116,MGULUWANDEGE PRIMARY SCHOOL
PS1104031,MINDU PRIMARY SCHOOL
PS1104065,MISONGENI PRIMARY SCHOOL
PS1104067,MISUFINI 'B' PRIMARY SCHOOL
PS1104013,MISUFINI PRIMARY SCHOOL
PS1104010,MJI-MKUU PRIMARY SCHOOL
PS1104032,MKUNDI PRIMARY SCHOOL
PS1104022,MKWAJUNI PRIMARY SCHOOL
PS1104019,MLIMANI PRIMARY SCHOOL
PS1104083,MONTFORT PRIMARY SCHOOL
PS1104082,MOUNT CARMEL PRIMARY SCHOOL
PS1104042,MSAMVU 'B' PRIMARY SCHOOL
PS1104014,MSAMVU PRIMARY SCHOOL
PS1104015,MTAWALA PRIMARY SCHOOL
PS1104057,MUNGI PRIMARY SCHOOL
PS1104052,MUUNGANO PRIMARY SCHOOL
PS1104055,MWANDE PRIMARY SCHOOL
PS1104017,MWEMBESONGO PRIMARY SCHOOL
PS1104027,MWENGE PRIMARY SCHOOL
PS1104046,MWERE 'B' PRIMARY SCHOOL
PS1104018,MWERE PRIMARY SCHOOL
PS1104033,MZINGA PRIMARY SCHOOL
PS1104058,NANENANE PRIMARY SCHOOL
PS1104084,NDETEMBIA PRIMARY SCHOOL
PS1104038,NGUZO PRIMARY SCHOOL
PS1104097,PATRICIA PRIMARY SCHOOL
PS1104095,PETER VIGNE PRIMARY SCHOOL
PS1104044,SABASABA 'B' PRIMARY SCHOOL
PS1104002,SABASABA PRIMARY SCHOOL
PS1104091,SAFFEPA PRIMARY SCHOOL
PS1104062,SANGASANGA PRIMARY SCHOOL
PS1104094,SECHELELA PRIMARY SCHOOL
PS1104040,ST ANN'S PRIMARY SCHOOL
PS1104075,ST MARY'S PRIMARY SCHOOL
PS1104048,ST. MONICA - KIHONDA PRIMARY SCHOOL
PS1104035,SUA PRIMARY SCHOOL
PS1104076,THERESIA PRIMARY SCHOOL
PS1104077,TOPSTARS PRIMARY SCHOOL
PS1104003,TOWERO PRIMARY SCHOOL
PS1104104,TUMAINI PRIMARY SCHOOL
PS1104036,TUNGI PRIMARY SCHOOL
PS1104079,UHURU MUSLIM PRIMARY SCHOOL
PS1104004,UHURU PRIMARY SCHOOL
PS1104073,UJIRANI PRIMARY SCHOOL
PS1104100,UNITAS NELLA PRIMARY SCHOOL
PS1104101,UNITY PRIMARY SCHOOL
PS1104114,UZIMA PRIMARY SCHOOL
PS1104123,VIWANDANI PRIMARY SCHOOL
PS1104074,WESLEY PRIMARY SCHOOL
PS1106147,AMANI MVOMERO PRIMARY SCHOOL
PS1106001,BUMU PRIMARY SCHOOL
PS1106002,BUNDUKI PRIMARY SCHOOL
PS1106003,BWAGE PRIMARY SCHOOL
PS1106004,CHANGARAWE PRIMARY SCHOOL
PS1106005,CHOHERO PRIMARY SCHOOL
PS1106006,DIBAGO PRIMARY SCHOOL
PS1106007,DIBAMBA PRIMARY SCHOOL
PS1106008,DIBURUMA PRIMARY SCHOOL
PS1106009,DIFINGA PRIMARY SCHOOL
PS1106010,DIGALAMA PRIMARY SCHOOL
PS1106011,DIHINDA PRIMARY SCHOOL
PS1106012,DIHOMBO PRIMARY SCHOOL
PS1106013,DIONGOYA PRIMARY SCHOOL
PS1106014,DOMA PRIMARY SCHOOL
PS1106155,DOMA STAND PRIMARY SCHOOL
PS1106148,ELISABETTA SANNA PRIMARY SCHOOL
PS1106015,GONJA PRIMARY SCHOOL
PS1106016,HEMBETI PRIMARY SCHOOL
PS1106017,HOMBOZA PRIMARY SCHOOL
PS1106018,HOZA PRIMARY SCHOOL
PS1106019,IFUMBO PRIMARY SCHOOL
PS1106020,JEGEA PRIMARY SCHOOL
PS1106144,JUNIOR SCHOLAR PRIMARY SCHOOL
PS1106021,KAMBALA PRIMARY SCHOOL
PS1106022,KANGA PRIMARY SCHOOL
PS1106023,KAOLE PRIMARY SCHOOL
PS1106024,KIBAONI PRIMARY SCHOOL
PS1106025,KIBATI PRIMARY SCHOOL
PS1106026,KIBIGIRI PRIMARY SCHOOL
PS1106027,KIBOGOJI PRIMARY SCHOOL
PS1106028,KIBUKO MGETA PRIMARY SCHOOL
PS1106135,KICHANGANI B PRIMARY SCHOOL
PS1106029,KICHANGANI PRIMARY SCHOOL
PS1106030,KIDUDWE PRIMARY SCHOOL
PS1106031,KIGUGU PRIMARY SCHOOL
PS1106032,KIHONDO PRIMARY SCHOOL
PS1106033,KIKEO PRIMARY SCHOOL
PS1106034,KIMAMBILA PRIMARY SCHOOL
PS1106035,KINDA PRIMARY SCHOOL
PS1106143,KINYENZE PRIMARY SCHOOL
PS1106037,KIPANGILO PRIMARY SCHOOL
PS1106038,KIPERA PRIMARY SCHOOL
PS1106039,KISALA PRIMARY SCHOOL
PS1106154,KISANGA PRIMARY SCHOOL
PS1106036,KISIMAGULU PRIMARY SCHOOL
PS1106040,KIWANDANI PRIMARY SCHOOL
PS1106041,KODODO PRIMARY SCHOOL
PS1106042,KOMTONGA PRIMARY SCHOOL
PS1106043,KUNKE PRIMARY SCHOOL
PS1106044,KWADOLI PRIMARY SCHOOL
PS1106162,KWAMUHUZI PRIMARY SCHOOL
PS1106136,KWAWAMANGA PRIMARY SCHOOL
PS1106045,KWELIKWIJI PRIMARY SCHOOL
PS1106046,LUALE PRIMARY SCHOOL
PS1106138,LUBANTA PRIMARY SCHOOL
PS1106047,LUBUNGO PRIMARY SCHOOL
PS1106048,LUGONO PRIMARY SCHOOL
PS1106049,LUKUNGUNI PRIMARY SCHOOL
PS1106050,LUKUYU PRIMARY SCHOOL
PS1106051,LUNGO PRIMARY SCHOOL
PS1106052,LUSANGA PRIMARY SCHOOL
PS1106053,LUSUNGI PRIMARY SCHOOL
PS1106152,MABOGO PRIMARY SCHOOL
PS1106130,MADIZINI PRIMARY SCHOOL
PS1106054,MAFILI PRIMARY SCHOOL
PS1106056,MAFURU PRIMARY SCHOOL
PS1106055,MAFUTA PRIMARY SCHOOL
PS1106057,MAGALI PRIMARY SCHOOL
PS1106058,MAGUNGA PRIMARY SCHOOL
PS1106059,MAGURUWE PRIMARY SCHOOL
PS1106060,MAHARAKA PRIMARY SCHOOL
PS1106161,MAJENGO PRIMARY SCHOOL
PS1106131,MAKUTURE PRIMARY SCHOOL
PS1106061,MAKUYU PRIMARY SCHOOL
PS1106132,MAKWALU PRIMARY SCHOOL
PS1106062,MANGAYE PRIMARY SCHOOL
PS1106133,MANYINGA 'B' PRIMARY SCHOOL
PS1106063,MANYINGA PRIMARY SCHOOL
PS1106064,MANZA PRIMARY SCHOOL
PS1106065,MAPANGA PRIMARY SCHOOL
PS1106066,MASALAWE PRIMARY SCHOOL
PS1106067,MASANZE PRIMARY SCHOOL
PS1106068,MASIMBA PRIMARY SCHOOL
PS1106069,MASKATI PRIMARY SCHOOL
PS1106070,MATALE PRIMARY SCHOOL
PS1106142,MAZASA PRIMARY SCHOOL
PS1106071,MBIGIRI PRIMARY SCHOOL
PS1106072,MBOGO PRIMARY SCHOOL
PS1106073,MELA PRIMARY SCHOOL
PS1106074,MELELA PRIMARY SCHOOL
PS1106075,MGETA PRIMARY SCHOOL
PS1106076,MGUDENI PRIMARY SCHOOL
PS1106077,MHONDA PRIMARY SCHOOL
PS1106078,MIEMBENI PRIMARY SCHOOL
PS1106079,MIKONGA PRIMARY SCHOOL
PS1106080,MILAMA PRIMARY SCHOOL
PS1106081,MISEGESE PRIMARY SCHOOL
PS1106163,MKANGAZI PRIMARY SCHOOL
PS1106082,MKATA KIJIJINI PRIMARY SCHOOL
PS1106134,MKINDO B PRIMARY SCHOOL
PS1106084,MKINDO PRIMARY SCHOOL
PS1106156,MKUYUNI PRIMARY SCHOOL
PS1106085,MLAGUZI PRIMARY SCHOOL
PS1106086,MLALI PRIMARY SCHOOL
PS1106087,MLANDIZI PRIMARY SCHOOL
PS1106088,MLUMBILO PRIMARY SCHOOL
PS1106140,MNAZI MMOJA PRIMARY SCHOOL
PS1106089,MNDELA PRIMARY SCHOOL
PS1106090,MNYANZA PRIMARY SCHOOL
PS1106092,MOMBO PRIMARY SCHOOL
PS1106091,MONGWE PRIMARY SCHOOL
PS1106093,MPAPA PRIMARY SCHOOL
PS1106146,MSASANI PRIMARY SCHOOL
PS1106094,MSOLOKELO PRIMARY SCHOOL
PS1106095,MSONGOZI PRIMARY SCHOOL
PS1106096,MSUFINI PRIMARY SCHOOL
PS1106167,MTAKUJA  'A' PRIMARY SCHOOL
PS1106097,MTIBWA PRIMARY SCHOOL
PS1106098,MTIPULE PRIMARY SCHOOL
PS1106149,MUUNGANO PRIMARY SCHOOL
PS1106099,MVOMERO PRIMARY SCHOOL
PS1106100,MWARAZI MGETA PRIMARY SCHOOL
PS1106139,MWENGE PRIMARY SCHOOL
PS1106101,MZIHA PRIMARY SCHOOL
PS1106102,MZUMBE PRIMARY SCHOOL
PS1106145,NAZARETH PRIMARY SCHOOL
PS1106103,NDOLE PRIMARY SCHOOL
PS1106129,NGOMENI PRIMARY SCHOOL
PS1106104,NG'OWO PRIMARY SCHOOL
PS1106105,NG'UNGULU PRIMARY SCHOOL
PS1106141,NG'WAMBE PRIMARY SCHOOL
PS1106106,NJEULA PRIMARY SCHOOL
PS1106107,NKUNGWI PRIMARY SCHOOL
PS1106108,NYANDIRA PRIMARY SCHOOL
PS1106109,PANDAMBILI PRIMARY SCHOOL
PS1106110,PEMBA PRIMARY SCHOOL
PS1106111,PINDE PRIMARY SCHOOL
PS1106153,S. MARY'S RWAKATARE MEMORIAL PRIMARY SCHOOL
PS1106112,SEMWALI PRIMARY SCHOOL
PS1106113,SEWE PRIMARY SCHOOL
PS1106114,SOKOINE PRIMARY SCHOOL
PS1106115,TANDARI PRIMARY SCHOOL
PS1106116,TANGENI PRIMARY SCHOOL
PS1106117,TCHENZEMA PRIMARY SCHOOL
PS1106118,TENGERO PRIMARY SCHOOL
PS1106137,TURIANI B PRIMARY SCHOOL
PS1106119,TURIANI PRIMARY SCHOOL
PS1106120,UBIRI PRIMARY SCHOOL
PS1106150,VIANZI PRIMARY SCHOOL
PS1106121,VIKENGE PRIMARY SCHOOL
PS1106122,VINILE PRIMARY SCHOOL
PS1106123,VITONGA PRIMARY SCHOOL
PS1106124,WAMI DAKAWA PRIMARY SCHOOL
PS1106125,WAMI LUHINDO PRIMARY SCHOOL
PS1106126,WAMI MAGEREZA PRIMARY SCHOOL
PS1106128,YOWE PRIMARY SCHOOL
PS1105060,BRIGHT FUTURE PRIMARY SCHOOL
PS1105001,CHIGANDUGANDU PRIMARY SCHOOL
PS1105002,CHIKUTI PRIMARY SCHOOL
PS1105003,CHIKWERA PRIMARY SCHOOL
PS1105004,CHIROMBOLA PRIMARY SCHOOL
PS1105005,EPANKO PRIMARY SCHOOL
PS1105006,EUGA PRIMARY SCHOOL
PS1105007,GOMBE PRIMARY SCHOOL
PS1105008,IDUNDA PRIMARY SCHOOL
PS1105068,IGAMBA PRIMARY SCHOOL
PS1105009,IGOTA PRIMARY SCHOOL
PS1105010,IGUMBIRO PRIMARY SCHOOL
PS1105011,IKANGAO PRIMARY SCHOOL
PS1105012,IKUNGUA PRIMARY SCHOOL
PS1105013,ILONGA PRIMARY SCHOOL
PS1105014,IPUTI PRIMARY SCHOOL
PS1105016,IRAGUA KATI PRIMARY SCHOOL
PS1105015,IRAGUA PRIMARY SCHOOL
PS1105017,ISONGO PRIMARY SCHOOL
PS1105018,ISYAGA PRIMARY SCHOOL
PS1105066,KANYAGATWENDE  PRIMARY SCHOOL
PS1105019,KETAKETA PRIMARY SCHOOL
PS1105020,KICHANGANI PRIMARY SCHOOL
PS1105021,KIDUGALO PRIMARY SCHOOL
PS1105065,KISAKIMBALI  PRIMARY SCHOOL
PS1105022,KISEWE PRIMARY SCHOOL
PS1105023,KITUTI PRIMARY SCHOOL
PS1105061,KIVUKONI 'B' PRIMARY SCHOOL
PS1105024,KIVUKONI PRIMARY SCHOOL
PS1105025,KWIRO PRIMARY SCHOOL
PS1105026,LIBENANGA PRIMARY SCHOOL
PS1105027,LIHETA PRIMARY SCHOOL
PS1105028,LUHOMBERO PRIMARY SCHOOL
PS1105029,LUKANDE PRIMARY SCHOOL
PS1105030,LUPIRO PRIMARY SCHOOL
PS1105031,LYANDU PRIMARY SCHOOL
PS1105072,MAGEREZA PRIMARY SCHOOL
PS1105033,MAHENGE ' B' PRIMARY SCHOOL
PS1105032,MAHENGE PRIMARY SCHOOL
PS1105034,MAJENGO PRIMARY SCHOOL
PS1105035,MAKANGA PRIMARY SCHOOL
PS1105036,MATUMBALA PRIMARY SCHOOL
PS1105037,MAVIMBA PRIMARY SCHOOL
PS1105038,MBAGULA PRIMARY SCHOOL
PS1105039,MBANGAYAO PRIMARY SCHOOL
PS1105058,MBASA PRIMARY SCHOOL
PS1105040,MBUGA PRIMARY SCHOOL
PS1105041,MBUYUNI PRIMARY SCHOOL
PS1105042,MDINDO PRIMARY SCHOOL
PS1105043,MGOLO PRIMARY SCHOOL
PS1105064,MIKOCHINI  PRIMARY SCHOOL
PS1105044,MILOLA PRIMARY SCHOOL
PS1105045,MINEPA PRIMARY SCHOOL
PS1105063,MOON LIGHT PRIMARY SCHOOL
PS1105046,MSOGEZI PRIMARY SCHOOL
PS1105062,MT. ELIZABETH KASITA PRIMARY SCHOOL
PS1105047,MTUKULA PRIMARY SCHOOL
PS1105073,MWANZI PRIMARY SCHOOL
PS1105048,MWAYA PRIMARY SCHOOL
PS1105049,MZELEZI PRIMARY SCHOOL
PS1105050,NAKAFULU PRIMARY SCHOOL
PS1105059,NALUKOO PRIMARY SCHOOL
PS1105051,NAMHANGA PRIMARY SCHOOL
PS1105052,NAWENGE PRIMARY SCHOOL
PS1105053,NKONGO PRIMARY SCHOOL
PS1105054,RUAHA PRIMARY SCHOOL
PS1105055,SALI PRIMARY SCHOOL
PS1105071,SONGAMBELE PRIMARY SCHOOL
PS1105069,TULIZAMOYO PRIMARY SCHOOL
PS1105056,UKWAMA PRIMARY SCHOOL
PS1105057,UPONERA PRIMARY SCHOOL
PS1201126,ABBEY PRIMARY SCHOOL
PS1201001,AZIMIO PRIMARY SCHOOL
PS1201002,CHIDYA PRIMARY SCHOOL
PS1201003,CHIGUGU PRIMARY SCHOOL
PS1201004,CHIGUMI PRIMARY SCHOOL
PS1201005,CHIKOROPOLA PRIMARY SCHOOL
PS1201006,CHIKOWETI PRIMARY SCHOOL
PS1201007,CHIKUKWE PRIMARY SCHOOL
PS1201009,CHIKUNDI MSANGA PRIMARY SCHOOL
PS1201008,CHIKUNDI PRIMARY SCHOOL
PS1201010,CHIKUNJA I PRIMARY SCHOOL
PS1201011,CHILIMBA PRIMARY SCHOOL
PS1201012,CHINGULUNGULU PRIMARY SCHOOL
PS1201014,CHIPANGO PRIMARY SCHOOL
PS1201015,CHIPEMBE PRIMARY SCHOOL
PS1201129,CHIPITE PRIMARY SCHOOL
PS1201016,CHIPUNDA PRIMARY SCHOOL
PS1201017,CHIRORO PRIMARY SCHOOL
PS1201013,CHIUNGUTWA PRIMARY SCHOOL
PS1201018,CHIWALE PRIMARY SCHOOL
PS1201019,CHIWATA PRIMARY SCHOOL
PS1201020,HUWE PRIMARY SCHOOL
PS1201021,KANYIMBI PRIMARY SCHOOL
PS1201022,KISIWANI PRIMARY SCHOOL
PS1201023,LILALA PRIMARY SCHOOL
PS1201024,LILOYA PRIMARY SCHOOL
PS1201025,LIPUMBURU PRIMARY SCHOOL
PS1201026,LIPUTU PRIMARY SCHOOL
PS1201027,LISANJE PRIMARY SCHOOL
PS1201132,LIURUNGU PRIMARY SCHOOL
PS1201028,LUAGALA PRIMARY SCHOOL
PS1201029,LUATALA PRIMARY SCHOOL
PS1201031,LUKULEDI MAALUM PRIMARY SCHOOL
PS1201030,LUKULEDI PRIMARY SCHOOL
PS1201121,LULINDI II PRIMARY SCHOOL
PS1201032,LULINDI PRIMARY SCHOOL
PS1201033,LUPASO PRIMARY SCHOOL
PS1201034,LUSONJE PRIMARY SCHOOL
PS1201035,MAJEMBE PRIMARY SCHOOL
PS1201124,MAJEMBENDAGO PRIMARY SCHOOL
PS1201036,MAKANYAMA PRIMARY SCHOOL
PS1201037,MAKONG'ONDA PRIMARY SCHOOL
PS1201038,MANDIWA PRIMARY SCHOOL
PS1201039,MANYULI PRIMARY SCHOOL
PS1201040,MAPARAWE PRIMARY SCHOOL
PS1201041,MAPILI PRIMARY SCHOOL
PS1201042,MASIKU PRIMARY SCHOOL
PS1201043,MASUGURU MTENGA PRIMARY SCHOOL
PS1201044,MBAJU PRIMARY SCHOOL
PS1201045,MBEMBA PRIMARY SCHOOL
PS1201046,MBUGO PRIMARY SCHOOL
PS1201047,MBUYUNI PRIMARY SCHOOL
PS1201048,MCHAURU PRIMARY SCHOOL
PS1201128,MCHOTI  PRIMARY SCHOOL
PS1201049,MDENGA PRIMARY SCHOOL
PS1201050,MGWAGULE PRIMARY SCHOOL
PS1201051,MIESI PRIMARY SCHOOL
PS1201052,MIHIMA PRIMARY SCHOOL
PS1201053,MILUNDA PRIMARY SCHOOL
PS1201054,MINJALE PRIMARY SCHOOL
PS1201055,MIREWE PRIMARY SCHOOL
PS1201056,MITESA PRIMARY SCHOOL
PS1201057,MITONJI PRIMARY SCHOOL
PS1201058,MIUNGO PRIMARY SCHOOL
PS1201059,MIWALE PRIMARY SCHOOL
PS1201060,MKACHIMA PRIMARY SCHOOL
PS1201061,MKALAPA PRIMARY SCHOOL
PS1201127,MKALIVATA  PRIMARY SCHOOL
PS1201062,MKANGAULA PRIMARY SCHOOL
PS1201063,MKANG'U PRIMARY SCHOOL
PS1201064,MKOLOPOLA PRIMARY SCHOOL
PS1201065,MKULULU PRIMARY SCHOOL
PS1201066,MKUNGU PRIMARY SCHOOL
PS1201067,MKWAPA PRIMARY SCHOOL
PS1201068,MKWERA PRIMARY SCHOOL
PS1201069,MLINGULA PRIMARY SCHOOL
PS1201136,MNARANI PRIMARY SCHOOL
PS1201070,MNAVIRA PRIMARY SCHOOL
PS1201071,MNAZIMMOJA PRIMARY SCHOOL
PS1201072,MPANYANI PRIMARY SCHOOL
PS1201073,MPETA PRIMARY SCHOOL
PS1201074,MPINDIMBI PRIMARY SCHOOL
PS1201075,MPOWORA PRIMARY SCHOOL
PS1201076,MPULIMA PRIMARY SCHOOL
PS1201077,MRAUSHI PRIMARY SCHOOL
PS1201078,MSIKISI PRIMARY SCHOOL
PS1201130,MSOKOSELA PRIMARY SCHOOL
PS1201079,MTAKUJA I PRIMARY SCHOOL
PS1201080,MTUNUNGU PRIMARY SCHOOL
PS1201081,MUMBURU PRIMARY SCHOOL
PS1201120,MUUNGANO PRIMARY SCHOOL
PS1201082,MWENA PRIMARY SCHOOL
PS1201083,MWITI PRIMARY SCHOOL
PS1201084,MWITIKA PRIMARY SCHOOL
PS1201085,MWONGOZO PRIMARY SCHOOL
PS1201086,NAGAGA PRIMARY SCHOOL
PS1201087,NAIROMBO PRIMARY SCHOOL
PS1201088,NAKACHERENI PRIMARY SCHOOL
PS1201122,NAKACHINDU PRIMARY SCHOOL
PS1201089,NAKALOLA PRIMARY SCHOOL
PS1201090,NAKARARA PRIMARY SCHOOL
PS1201091,NALIONGOLO PRIMARY SCHOOL
PS1201123,NAMAHINGA PRIMARY SCHOOL
PS1201092,NAMAJANI PRIMARY SCHOOL
PS1201093,NAMALEMBO PRIMARY SCHOOL
PS1201094,NAMALENGA PRIMARY SCHOOL
PS1201095,NAMATUTWE PRIMARY SCHOOL
PS1201096,NAMBAWALA PRIMARY SCHOOL
PS1201097,NAMICHI PRIMARY SCHOOL
PS1201098,NAMYOMYO PRIMARY SCHOOL
PS1201133,NANDITI PRIMARY SCHOOL
PS1201099,NANGANGA PRIMARY SCHOOL
PS1201100,NANGOO PRIMARY SCHOOL
PS1201101,NANJOTA PRIMARY SCHOOL
PS1201102,NANTONA PRIMARY SCHOOL
PS1201103,NANYINDWA PRIMARY SCHOOL
PS1201104,NAPATA PRIMARY SCHOOL
PS1201105,NASINDI PRIMARY SCHOOL
PS1201106,NDANDA PRIMARY SCHOOL
PS1201107,NDIBWA PRIMARY SCHOOL
PS1201108,NDWIKA MAZOEZI PRIMARY SCHOOL
PS1201110,NGALOLE B PRIMARY SCHOOL
PS1201109,NGALOLE PRIMARY SCHOOL
PS1201111,NG'UNI PRIMARY SCHOOL
PS1201112,NJAWARA PRIMARY SCHOOL
PS1201113,NJENGA PRIMARY SCHOOL
PS1201134,PACHANI PRIMARY SCHOOL
PS1201135,PANGANI PRIMARY SCHOOL
PS1201114,RIVANGO PRIMARY SCHOOL
PS1201115,SINDANO PRIMARY SCHOOL
PS1201125,SOUTHERN HILL PRE - PRIMARY SCHOOL
PS1201116,TULEANE PRIMARY SCHOOL
PS1201117,UFUKONI PRIMARY SCHOOL
PS1201118,UMATI PRIMARY SCHOOL
PS1201119,UTIMBE PRIMARY SCHOOL
PS1207038,BEZALEL PRIMARY SCHOOL
PS1207001,CHAKAMA PRIMARY SCHOOL
PS1207002,CHANIKANGUO PRIMARY SCHOOL
PS1207003,CHIPOLE PRIMARY SCHOOL
PS1207004,CHISEGU PRIMARY SCHOOL
PS1207045,DARAJANI PRIMARY SCHOOL
PS1207005,KAMBARAGE PRIMARY SCHOOL
PS1207040,KITUNDA PRIMARY SCHOOL
PS1207006,MACDONALD PRIMARY SCHOOL
PS1207036,MACHOMBE PRIMARY SCHOOL
PS1207007,MAENDELEO PRIMARY SCHOOL
PS1207041,MAGUMCHILA PRIMARY SCHOOL
PS1207008,MAILISITA PRIMARY SCHOOL
PS1207009,MAKULANI PRIMARY SCHOOL
PS1207010,MARIKA PRIMARY SCHOOL
PS1207011,MASASI PRIMARY SCHOOL
PS1207012,MATAWALE PRIMARY SCHOOL
PS1207013,MBONDE PRIMARY SCHOOL
PS1207014,MIGONGO PRIMARY SCHOOL
PS1207015,MKAPUNDA PRIMARY SCHOOL
PS1207016,MKARAKATE PRIMARY SCHOOL
PS1207017,MKARANGO PRIMARY SCHOOL
PS1207018,MKOMAINDO PRIMARY SCHOOL
PS1207044,MKUTI B  PRIMARY SCHOOL
PS1207019,MKUTI PRIMARY SCHOOL
PS1207020,MLIMANI PRIMARY SCHOOL
PS1207021,MLUNDELUNDE PRIMARY SCHOOL
PS1207022,MOROKO PRIMARY SCHOOL
PS1207037,MPEKESO PRIMARY SCHOOL
PS1207023,MTAKUJA II PRIMARY SCHOOL
PS1207039,MTANDI PRIMARY SCHOOL
PS1207024,MUMBAKA PRIMARY SCHOOL
PS1207025,MUZDALIFA PRIMARY SCHOOL
PS1207026,MWENGE MTAPIKA PRIMARY SCHOOL
PS1207027,NAMATUNU PRIMARY SCHOOL
PS1207028,NAMIKUNDA PRIMARY SCHOOL
PS1207029,NAMKUNGWI PRIMARY SCHOOL
PS1207043,NANGOSE JUU PRIMARY SCHOOL
PS1207030,NANGOSE PRIMARY SCHOOL
PS1207042,NAVAI PRIMARY SCHOOL
PS1207031,NYASA PRIMARY SCHOOL
PS1207032,SABASABA PRIMARY SCHOOL
PS1207033,SULULU PRIMARY SCHOOL
PS1207034,TEMEKE PRIMARY SCHOOL
PS1207035,TUKAEWOTE PRIMARY SCHOOL
PS1202003,CHEMCHEM PRIMARY SCHOOL
PS1202005,DIHIMBA PRIMARY SCHOOL
PS1202116,ILALA PRIMARY SCHOOL
PS1202008,IMEKUWA PRIMARY SCHOOL
PS1202009,KAWAWA PRIMARY SCHOOL
PS1202074,KIHIMIKA PRIMARY SCHOOL
PS1202075,KILAMBO PRIMARY SCHOOL
PS1202010,KILOMBERO PRIMARY SCHOOL
PS1202014,KITERE PRIMARY SCHOOL
PS1202015,KITUNGULI PRIMARY SCHOOL
PS1202091,KIVAVA PRIMARY SCHOOL
PS1202011,KYOBYA PRIMARY SCHOOL
PS1202017,LIBOBE PRIMARY SCHOOL
PS1202092,LIKONDE PRIMARY SCHOOL
PS1202018,LIPWIDI PRIMARY SCHOOL
PS1202077,LITEMBE PRIMARY SCHOOL
PS1202071,LYOWA PRIMARY SCHOOL
PS1202019,MADIMBA PRIMARY SCHOOL
PS1202119,MAILIKUMI PRIMARY SCHOOL
PS1202082,MAKOME PRIMARY SCHOOL
PS1202021,MANGOPACHANNE PRIMARY SCHOOL
PS1202078,MAYAYA PRIMARY SCHOOL
PS1202025,MBAWALA PRIMARY SCHOOL
PS1202027,MBUO PRIMARY SCHOOL
PS1202001,MDUWI PRIMARY SCHOOL
PS1202028,MGAO PRIMARY SCHOOL
PS1202115,MICHENJI PRIMARY SCHOOL
PS1202016,MIHEMBE PRIMARY SCHOOL
PS1202012,MILUMBA PRIMARY SCHOOL
PS1202103,MING'WENA PRIMARY SCHOOL
PS1202114,MINYEMBE PRIMARY SCHOOL
PS1202112,MITAMBO PRIMARY SCHOOL
PS1202032,MIUTA PRIMARY SCHOOL
PS1202089,MKONYE PRIMARY SCHOOL
PS1202072,MKUBIRU PRIMARY SCHOOL
PS1202033,MKUNWA PRIMARY SCHOOL
PS1202034,MKUTIMANGO PRIMARY SCHOOL
PS1202035,MKWAJUNI PRIMARY SCHOOL
PS1202002,MNETE PRIMARY SCHOOL
PS1202036,MNGOJI PRIMARY SCHOOL
PS1202100,MNOMO PRIMARY SCHOOL
PS1202041,MNYIJA PRIMARY SCHOOL
PS1202042,MNYUNDO PRIMARY SCHOOL
PS1202043,MOMA PRIMARY SCHOOL
PS1202044,MPAPURA PRIMARY SCHOOL
PS1202045,MSANGAMKUU PRIMARY SCHOOL
PS1202046,MSIJUTE PRIMARY SCHOOL
PS1202047,MSIMBATI PRIMARY SCHOOL
PS1202083,MTAMA PRIMARY SCHOOL
PS1202120,MTANDI PRIMARY SCHOOL
PS1202048,MTENDACHI PRIMARY SCHOOL
PS1202051,MUUNGANO PRIMARY SCHOOL
PS1202020,MWATEHI PRIMARY SCHOOL
PS1202105,MWEMBETOGWA PRIMARY SCHOOL
PS1202087,NACHENJELE PRIMARY SCHOOL
PS1202004,NAKADA PRIMARY SCHOOL
PS1202053,NALINGU PRIMARY SCHOOL
PS1202054,NAMAHYAKATA PRIMARY SCHOOL
PS1202096,NAMANJELE PRIMARY SCHOOL
PS1202109,NAMBELEKETELA PRIMARY SCHOOL
PS1202055,NAMGOGOLI PRIMARY SCHOOL
PS1202056,NAMUHI PRIMARY SCHOOL
PS1202059,NANGURUWE PRIMARY SCHOOL
PS1202006,NANYANI PRIMARY SCHOOL
PS1202007,NANYATI PRIMARY SCHOOL
PS1202062,NAUMBU PRIMARY SCHOOL
PS1202063,NDUMBWE PRIMARY SCHOOL
PS1202013,RUVULA PRIMARY SCHOOL
PS1202068,TANGAZO PRIMARY SCHOOL
PS1202113,TUMAINI PRIMARY SCHOOL
PS1202022,UMOJA PRIMARY SCHOOL
PS1202069,UTENDE PRIMARY SCHOOL
PS1202070,ZIWANI PRIMARY SCHOOL
PS1203001,CHIKONGOLA PRIMARY SCHOOL
PS1203002,CHUNO PRIMARY SCHOOL
PS1203020,KAMBARAGE PRIMARY SCHOOL
PS1203022,KING-DAVID PRIMARY SCHOOL
PS1203031,KWALE PRIMARY SCHOOL
PS1203003,LIGULA PRIMARY SCHOOL
PS1203004,LIKONDE PRIMARY SCHOOL
PS1203005,LILUNGU PRIMARY SCHOOL
PS1203006,LWELU PRIMARY SCHOOL
PS1203023,MAENDELEO PRIMARY SCHOOL
PS1203007,MAGOMENI PRIMARY SCHOOL
PS1203008,MAJENGO PRIMARY SCHOOL
PS1203009,MANGAMBA PRIMARY SCHOOL
PS1203024,MANGOWELA PRIMARY SCHOOL
PS1203035,MBAE PRIMARY SCHOOL
PS1203025,MEDI PRIMARY SCHOOL
PS1203036,MICHAEL ARCHANGEL PRIMARY SCHOOL
PS1203011,MIKINDANI PRIMARY SCHOOL
PS1203026,MISUFINI PRIMARY SCHOOL
PS1203010,MITENGO PRIMARY SCHOOL
PS1203027,MIVINJENI PRIMARY SCHOOL
PS1203033,MJIMWEMA PRIMARY SCHOOL
PS1203012,MKANGALA PRIMARY SCHOOL
PS1203019,MLIMANI PRIMARY SCHOOL
PS1203013,MNAIDA PRIMARY SCHOOL
PS1203029,MTAWANYA PRIMARY SCHOOL
PS1203034,MTWARA HERITAGE PRIMARY SCHOOL
PS1203039,MUUNGANO PRIMARY SCHOOL
PS1203021,MWENGE PRIMARY SCHOOL
PS1203014,NALIENDELE PRIMARY SCHOOL
PS1203030,NAMAYANGA PRIMARY SCHOOL
PS1203015,RAHALEO PRIMARY SCHOOL
PS1203032,SALEM PRIMARY SCHOOL
PS1203016,SHANGANI PRIMARY SCHOOL
PS1203017,SINGINO PRIMARY SCHOOL
PS1203028,TANDIKA PRIMARY SCHOOL
PS1203018,UFUKONI PRIMARY SCHOOL
PS1208001,AZIMIO PRIMARY SCHOOL
PS1208002,BANDARI PRIMARY SCHOOL
PS1208003,CHAWI PRIMARY SCHOOL
PS1208004,CHIHANGA PRIMARY SCHOOL
PS1208005,CHIKWAYA PRIMARY SCHOOL
PS1208006,CHIWILO PRIMARY SCHOOL
PS1208007,CHIWINDI PRIMARY SCHOOL
PS1208008,DINYECHA PRIMARY SCHOOL
PS1208009,HINJU PRIMARY SCHOOL
PS1208010,KIHAMBA PRIMARY SCHOOL
PS1208011,KILIMAHEWA PRIMARY SCHOOL
PS1208013,KIROMBA CHINI PRIMARY SCHOOL
PS1208012,KIROMBA PRIMARY SCHOOL
PS1208014,KITAMA BONDENI PRIMARY SCHOOL
PS1208069,KITAYA 'B' PRIMARY SCHOOL
PS1208015,KITAYA PRIMARY SCHOOL
PS1208016,KIWENGULO PRIMARY SCHOOL
PS1208017,KIYANGA PRIMARY SCHOOL
PS1208061,LIKWAYA PRIMARY SCHOOL
PS1208018,MAGOMENI PRIMARY SCHOOL
PS1208019,MAJENGO PRIMARY SCHOOL
PS1208020,MALAMBA PRIMARY SCHOOL
PS1208021,MARANJE PRIMARY SCHOOL
PS1208022,MAYEMBE CHINI PRIMARY SCHOOL
PS1208023,MAYEMBE JUU PRIMARY SCHOOL
PS1208024,MBAMBAKOFI PRIMARY SCHOOL
PS1208025,MBEMBALEO PRIMARY SCHOOL
PS1208026,MCHANJE PRIMARY SCHOOL
PS1208027,MIBOBO PRIMARY SCHOOL
PS1208028,MIGOMBANI PRIMARY SCHOOL
PS1208063,MIKUMBI PRIMARY SCHOOL
PS1208029,MILANGOMINNE PRIMARY SCHOOL
PS1208030,MISUFINI PRIMARY SCHOOL
PS1208059,MIULE PRIMARY SCHOOL
PS1208031,MKAHARA PRIMARY SCHOOL
PS1208032,MKOMO PRIMARY SCHOOL
PS1208062,MKUMBWANANA PRIMARY SCHOOL
PS1208064,MLIMANI PRIMARY SCHOOL
PS1208033,MNIMA PRIMARY SCHOOL
PS1208065,MNIVATA PRIMARY SCHOOL
PS1208034,MNONGODI PRIMARY SCHOOL
PS1208035,MNYAHI PRIMARY SCHOOL
PS1208036,MNYAWI PRIMARY SCHOOL
PS1208037,MPANYANI PRIMARY SCHOOL
PS1208038,MTIMBWILIMBWI PRIMARY SCHOOL
PS1208039,MTINIKO PRIMARY SCHOOL
PS1208040,MTOPWA PRIMARY SCHOOL
PS1208060,MWAMKO PRIMARY SCHOOL
PS1208041,MWANG'ANGA PRIMARY SCHOOL
PS1208042,NAMAMBI PRIMARY SCHOOL
PS1208043,NAMDIMBA PRIMARY SCHOOL
PS1208044,NAMISANGI PRIMARY SCHOOL
PS1208045,NAMKUKU PRIMARY SCHOOL
PS1208046,NAMTUMBUKA PRIMARY SCHOOL
PS1208047,NANG'AWANGA PRIMARY SCHOOL
PS1208048,NANJEDYA PRIMARY SCHOOL
PS1208050,NANYAMBA B PRIMARY SCHOOL
PS1208049,NANYAMBA PRIMARY SCHOOL
PS1208051,NARUNGA PRIMARY SCHOOL
PS1208052,NAVIKOLE PRIMARY SCHOOL
PS1208053,NGONJA PRIMARY SCHOOL
PS1208054,NITEKELA PRIMARY SCHOOL
PS1208055,NIYUMBA PRIMARY SCHOOL
PS1208056,NJENGWA PRIMARY SCHOOL
PS1208058,NYUNDO B PRIMARY SCHOOL
PS1208057,NYUNDO II PRIMARY SCHOOL
PS1208067,TULIA PRIMARY SCHOOL
PS1206002,CHANGWALE PRIMARY SCHOOL
PS1206003,CHIGWEJE PRIMARY SCHOOL
PS1206036,CHIHUVE PRIMARY SCHOOL
PS1206093,CHIKOTWA PRIMARY SCHOOL
PS1206004,CHIKUNJA II PRIMARY SCHOOL
PS1206005,CHIMIKA PRIMARY SCHOOL
PS1206006,CHINYANYILA PRIMARY SCHOOL
PS1206008,CHIPUPUTA 'B' PRIMARY SCHOOL
PS1206007,CHIPUPUTA PRIMARY SCHOOL
PS1206009,CHITOWE PRIMARY SCHOOL
PS1206010,CHIVIRIKITI PRIMARY SCHOOL
PS1206011,CHUNGU  PRIMARY SCHOOL
PS1206012,HOLOLA PRIMARY SCHOOL
PS1206038,JENERALI VENANCE MABEYO PRIMARY SCHOOL
PS1206013,KAMUNDI PRIMARY SCHOOL
PS1206014,KAZAMOYO PRIMARY SCHOOL
PS1206096,KILIMANIHEWA 'B' PRIMARY SCHOOL
PS1206015,KILIMANIHEWA PRIMARY SCHOOL
PS1206016,KILOSA PRIMARY SCHOOL
PS1206017,LIKOKONA  PRIMARY SCHOOL
PS1206018,LIKOKONA 'B' PRIMARY SCHOOL
PS1206019,LIPUPU PRIMARY SCHOOL
PS1206001,LIUNGA PRIMARY SCHOOL
PS1206020,LUKULA PRIMARY SCHOOL
PS1206021,LUKWIKA PRIMARY SCHOOL
PS1206022,LUMESULE PRIMARY SCHOOL
PS1206023,MAGOMENI PRIMARY SCHOOL
PS1206024,MAKANYA PRIMARY SCHOOL
PS1206025,MAKONG`ONDERA PRIMARY SCHOOL
PS1206026,MALEMA PRIMARY SCHOOL
PS1206027,MANEME PRIMARY SCHOOL
PS1206028,MANGAKA PRIMARY SCHOOL
PS1206029,MARA PRIMARY SCHOOL
PS1206050,MARATANI PRIMARY SCHOOL
PS1206030,MARUMBA PRIMARY SCHOOL
PS1206031,MASUGURU PRIMARY SCHOOL
PS1206032,MASYALELE PRIMARY SCHOOL
PS1206090,MBANGARA MBUYUNI PRIMARY SCHOOL
PS1206034,MBURUSA PRIMARY SCHOOL
PS1206035,MCHENJEUKA PRIMARY SCHOOL
PS1206088,MEHIRU PRIMARY SCHOOL
PS1206037,MICHIGA PRIMARY SCHOOL
PS1206039,MIKANGAULA PRIMARY SCHOOL
PS1206040,MIKUVA PRIMARY SCHOOL
PS1206041,MITIMINGI PRIMARY SCHOOL
PS1206042,MITUMBATI PRIMARY SCHOOL
PS1206043,MKAMBATA PRIMARY SCHOOL
PS1206044,MKOMA  PRIMARY SCHOOL
PS1206045,MKOROMWANA PRIMARY SCHOOL
PS1206046,MKUMBARU PRIMARY SCHOOL
PS1206047,MKWAJUNI PRIMARY SCHOOL
PS1206048,MNANJE  PRIMARY SCHOOL
PS1206049,MNEMEKA PRIMARY SCHOOL
PS1206089,MNONIA PRIMARY SCHOOL
PS1206051,MPOMBE  PRIMARY SCHOOL
PS1206052,MPWAHIA PRIMARY SCHOOL
PS1206053,MSINYASI PRIMARY SCHOOL
PS1206054,MTALIKACHAU PRIMARY SCHOOL
PS1206055,MTAMBASWALA PRIMARY SCHOOL
PS1206056,MTAWATAWA PRIMARY SCHOOL
PS1206057,MTOKORA PRIMARY SCHOOL
PS1206058,MUUNGANO PRIMARY SCHOOL
PS1206059,MWAMBANI PRIMARY SCHOOL
PS1206060,NACHIURA PRIMARY SCHOOL
PS1206092,NAHAWARA PRIMARY SCHOOL
PS1206061,NAHIMBA PRIMARY SCHOOL
PS1206062,NAKATETE PRIMARY SCHOOL
PS1206063,NAKOLE PRIMARY SCHOOL
PS1206064,NAKOPI PRIMARY SCHOOL
PS1206065,NAMAKA PRIMARY SCHOOL
PS1206094,NAMALOMBE PRIMARY SCHOOL
PS1206066,NAMAROMBA PRIMARY SCHOOL
PS1206067,NAMASOGO PRIMARY SCHOOL
PS1206068,NAMATUMBUSI  PRIMARY SCHOOL
PS1206069,NAMIJATI PRIMARY SCHOOL
PS1206070,NANDEMBO PRIMARY SCHOOL
PS1206071,NANDERU PRIMARY SCHOOL
PS1206073,NANDETE 'B' PRIMARY SCHOOL
PS1206072,NANDETE PRIMARY SCHOOL
PS1206074,NANGARAMO PRIMARY SCHOOL
PS1206075,NANGOMBA PRIMARY SCHOOL
PS1206076,NANJISA PRIMARY SCHOOL
PS1206077,NANYUMBU  I PRIMARY SCHOOL
PS1206078,NANYUMBU II PRIMARY SCHOOL
PS1206095,NAPALAVI PRIMARY SCHOOL
PS1206079,NAURU PRIMARY SCHOOL
PS1206080,NAWAJE PRIMARY SCHOOL
PS1206081,NDECHELA PRIMARY SCHOOL
PS1206082,NDWIKA II PRIMARY SCHOOL
PS1206083,NGUPE PRIMARY SCHOOL
PS1206084,NJISA PRIMARY SCHOOL
PS1206085,RUKUMBI PRIMARY SCHOOL
PS1206086,SENGENYA  PRIMARY SCHOOL
PS1206033,TULEANE PRIMARY SCHOOL
PS1206087,ULANGA PRIMARY SCHOOL
PS1206091,WANIKA PRIMARY SCHOOL
PS1204001,BAHATI PRIMARY SCHOOL
PS1204004,CHIHANGU PRIMARY SCHOOL
PS1204121,CHIKALULE PRIMARY SCHOOL
PS1204006,CHIKOI PRIMARY SCHOOL
PS1204007,CHIKUNDA LUBIDO PRIMARY SCHOOL
PS1204122,CHIKUTI PRIMARY SCHOOL
PS1204009,CHILANGALA PRIMARY SCHOOL
PS1204118,CHILENDE PRIMARY SCHOOL
PS1204012,CHITEKETE PRIMARY SCHOOL
PS1204013,CHITENDA PRIMARY SCHOOL
PS1204014,CHIULE PRIMARY SCHOOL
PS1204015,CHIUTA PRIMARY SCHOOL
PS1204016,CHIWONGA PRIMARY SCHOOL
PS1204125,GREEN HILLS KITANGALI PRIMARY SCHOOL
PS1204017,HENGAPANO PRIMARY SCHOOL
PS1204019,KADENGWA PRIMARY SCHOOL
PS1204025,KITANGARI 'B' PRIMARY SCHOOL
PS1204026,KITANGARI MAZOEZI PRIMARY SCHOOL
PS1204028,LENGO PRIMARY SCHOOL
PS1204030,LIHANGA PRIMARY SCHOOL
PS1204119,MADABA PRIMARY SCHOOL
PS1204035,MAHOHA PRIMARY SCHOOL
PS1204037,MAJEMBE JUU PRIMARY SCHOOL
PS1204124,MAJENGO PRIMARY SCHOOL
PS1204041,MAKUKWE1 PRIMARY SCHOOL
PS1204042,MAKUKWE2 PRIMARY SCHOOL
PS1204043,MALATU PRIMARY SCHOOL
PS1204046,MBEMBELE PRIMARY SCHOOL
PS1204114,MBEYA PRIMARY SCHOOL
PS1204047,MBONDE PRIMARY SCHOOL
PS1204048,MBUYUNI PRIMARY SCHOOL
PS1204049,MCHEDEBWA PRIMARY SCHOOL
PS1204050,MCHEMO PRIMARY SCHOOL
PS1204053,MDIMBA PRIMARY SCHOOL
PS1204054,META PRIMARY SCHOOL
PS1204055,MIKUMBI PRIMARY SCHOOL
PS1204056,MINJALE PRIMARY SCHOOL
PS1204057,MITAHU PRIMARY SCHOOL
PS1204058,MITANGA PRIMARY SCHOOL
PS1204115,MIYUYU PRIMARY SCHOOL
PS1204059,MKALENDA PRIMARY SCHOOL
PS1204062,MKOMA SOKONI PRIMARY SCHOOL
PS1204061,MKOMA2 PRIMARY SCHOOL
PS1204063,MKONGI PRIMARY SCHOOL
PS1204065,MKWEDU TANKINI PRIMARY SCHOOL
PS1204066,MMULUNGA PRIMARY SCHOOL
PS1204069,MNALI PRIMARY SCHOOL
PS1204113,MNAUYA PRIMARY SCHOOL
PS1204071,MNAYOPE PRIMARY SCHOOL
PS1204072,MNING'ALIYE PRIMARY SCHOOL
PS1204073,MNOLELA PRIMARY SCHOOL
PS1204074,MNYAMBACHI PRIMARY SCHOOL
PS1204075,MNYAMBE PRIMARY SCHOOL
PS1204076,MNYENGACHI PRIMARY SCHOOL
PS1204077,MNYEU PRIMARY SCHOOL
PS1204078,MPALU PRIMARY SCHOOL
PS1204080,MPOTOLA PRIMARY SCHOOL
PS1204081,MPWAPWA PRIMARY SCHOOL
PS1204082,MTANDA PRIMARY SCHOOL
PS1204084,MTENDACHI PRIMARY SCHOOL
PS1204085,MTONGWELE PRIMARY SCHOOL
PS1204086,MTOPWA PRIMARY SCHOOL
PS1204120,MTUNGURU B PRIMARY SCHOOL
PS1204087,MTUNGURU PRIMARY SCHOOL
PS1204088,MUUNGANO PRIMARY SCHOOL
PS1204091,NAKAHAKO PRIMARY SCHOOL
PS1204116,NAMANGUDU PRIMARY SCHOOL
PS1204092,NAMBALI PRIMARY SCHOOL
PS1204093,NAMBUDI PRIMARY SCHOOL
PS1204095,NAMDIMBA PRIMARY SCHOOL
PS1204096,NAMIHONGA PRIMARY SCHOOL
PS1204099,NANDA PRIMARY SCHOOL
PS1204100,NANDWAHI PRIMARY SCHOOL
PS1204103,NANKONG'O PRIMARY SCHOOL
PS1204106,NGONGO PRIMARY SCHOOL
PS1204108,SIJAONA PRIMARY SCHOOL
PS1204110,TENGULENGU PRIMARY SCHOOL
PS1204117,TUMAINI PRIMARY SCHOOL
PS1204112,VIHOKOLI PRIMARY SCHOOL
PS1209001,BUTIAMA PRIMARY SCHOOL
PS1209002,CHIHANGA PRIMARY SCHOOL
PS1209003,CHIHWINDI PRIMARY SCHOOL
PS1209004,CHIKWAYA PRIMARY SCHOOL
PS1209005,CHIPITU PRIMARY SCHOOL
PS1209006,CHITANDI PRIMARY SCHOOL
PS1209007,JULIA PRIMARY SCHOOL
PS1209008,KARUME PRIMARY SCHOOL
PS1209009,KIDUNI PRIMARY SCHOOL
PS1209010,KIKUYU PRIMARY SCHOOL
PS1209011,KILIDU PRIMARY SCHOOL
PS1209012,KIPIMI PRIMARY SCHOOL
PS1209013,KIUTA PRIMARY SCHOOL
PS1209014,LIDUMBE PRIMARY SCHOOL
PS1209015,LIKUNA PRIMARY SCHOOL
PS1209016,LUCHINGU PRIMARY SCHOOL
PS1209017,MAGOMBO PRIMARY SCHOOL
PS1209018,MAGUMCHILA PRIMARY SCHOOL
PS1209019,MAHUMBIKA PRIMARY SCHOOL
PS1209020,MAKONDEKO PRIMARY SCHOOL
PS1209021,MAKONGA PRIMARY SCHOOL
PS1209022,MAKOTE PRIMARY SCHOOL
PS1209023,MANDUMBA PRIMARY SCHOOL
PS1209024,MAPILI PRIMARY SCHOOL
PS1209025,MCHOLI GODAUNI PRIMARY SCHOOL
PS1209026,MCHOLI II PRIMARY SCHOOL
PS1209048,MIEMBESABA PRIMARY SCHOOL
PS1209027,MKOMA I PRIMARY SCHOOL
PS1209028,MKUNYA PRIMARY SCHOOL
PS1209029,MNAIDA I PRIMARY SCHOOL
PS1209030,MNALALE PRIMARY SCHOOL
PS1209031,MNANJE PRIMARY SCHOOL
PS1209032,MPILIPILI PRIMARY SCHOOL
PS1209033,MTANGALANGA PRIMARY SCHOOL
PS1209034,MWONGOZO PRIMARY SCHOOL
PS1209035,NACHITULO PRIMARY SCHOOL
PS1209036,NAMBUNGA PRIMARY SCHOOL
PS1209037,NAMIYONGA 'A' PRIMARY SCHOOL
PS1209038,NAMIYONGA 'B' PRIMARY SCHOOL
PS1209039,NANGURUWE PRIMARY SCHOOL
PS1209047,NANGWALA PRIMARY SCHOOL
PS1209040,NANGWANDA PRIMARY SCHOOL
PS1209041,NANYONDA PRIMARY SCHOOL
PS1209042,NEWALA PRIMARY SCHOOL
PS1209043,SAMORA PRIMARY SCHOOL
PS1209046,ST. MARY'S NEWALA PRIMARY SCHOOL
PS1209044,TAWALA PRIMARY SCHOOL
PS1209045,TWENDE PAMOJA PRIMARY SCHOOL
PS1205001,AMANI PRIMARY SCHOOL
PS1205119,CHANG'OMBE PRIMARY SCHOOL
PS1205002,CHAUME PRIMARY SCHOOL
PS1205003,CHIDEDE PRIMARY SCHOOL
PS1205004,CHIKONGO PRIMARY SCHOOL
PS1205005,CHIKONGOLA PRIMARY SCHOOL
PS1205006,CHIKUNDA PRIMARY SCHOOL
PS1205007,CHILINDA PRIMARY SCHOOL
PS1205008,CHINGUNGWE PRIMARY SCHOOL
PS1205113,CHITOHOLI 'A' PRIMARY SCHOOL
PS1205009,CHITOHOLI PRIMARY SCHOOL
PS1205010,CHIUMO PRIMARY SCHOOL
PS1205011,DINDUMA 'B' PRIMARY SCHOOL
PS1205012,DINEMBO PRIMARY SCHOOL
PS1205013,DINYEKE PRIMARY SCHOOL
PS1205014,GHANA PRIMARY SCHOOL
PS1205015,JANGWANI PRIMARY SCHOOL
PS1205092,JUHUDI PRIMARY SCHOOL
PS1205016,KILIDU-MKOREHA PRIMARY SCHOOL
PS1205017,KITAMA-I PRIMARY SCHOOL
PS1205120,KUCHELE PRIMARY SCHOOL
PS1205018,KUNANDUNDU PRIMARY SCHOOL
PS1205019,LIBOBE PRIMARY SCHOOL
PS1205020,LIENJE PRIMARY SCHOOL
PS1205021,LIKOLOMBE PRIMARY SCHOOL
PS1205023,LIPALWE CHINI PRIMARY SCHOOL
PS1205022,LIPALWE PRIMARY SCHOOL
PS1205024,LIPONDE PRIMARY SCHOOL
PS1205025,LITEHU PRIMARY SCHOOL
PS1205026,LITEMLA PRIMARY SCHOOL
PS1205027,LUAGALA 'A' PRIMARY SCHOOL
PS1205028,LUAGALA 'B' PRIMARY SCHOOL
PS1205029,LUBANGALA PRIMARY SCHOOL
PS1205030,LUHEYA PRIMARY SCHOOL
PS1205031,LUKOKODA PRIMARY SCHOOL
PS1205032,MABETI PRIMARY SCHOOL
PS1205116,MACHEDI PRIMARY SCHOOL
PS1205033,MADABA PRIMARY SCHOOL
PS1205034,MAHEHA PRIMARY SCHOOL
PS1205035,MAHOHA PRIMARY SCHOOL
PS1205036,MAHUTA BONDENI PRIMARY SCHOOL
PS1205037,MAHUTA MJINI PRIMARY SCHOOL
PS1205038,MAJENGO PRIMARY SCHOOL
PS1205039,MALAMBA PRIMARY SCHOOL
PS1205130,MAMBAMBA B PRIMARY SCHOOL
PS1205040,MAMBAMBA PRIMARY SCHOOL
PS1205041,MANGOMBYA PRIMARY SCHOOL
PS1205042,MATOGORO PRIMARY SCHOOL
PS1205043,MAUNDO JUU PRIMARY SCHOOL
PS1205044,MBALALA PRIMARY SCHOOL
PS1205112,MBUYUNI PRIMARY SCHOOL
PS1205046,MCHICHIRA 'A' PRIMARY SCHOOL
PS1205047,MFYATULA PRIMARY SCHOOL
PS1205048,MICHENJELE PRIMARY SCHOOL
PS1205049,MIHAMBWE PRIMARY SCHOOL
PS1205050,MIKUNDA PRIMARY SCHOOL
PS1205051,MIKUYU PRIMARY SCHOOL
PS1205052,MILIDU PRIMARY SCHOOL
PS1205053,MILONGODI PRIMARY SCHOOL
PS1205054,MILUMBA PRIMARY SCHOOL
PS1205114,MISUFINI PRIMARY SCHOOL
PS1205055,MITENE PRIMARY SCHOOL
PS1205057,MITONDI 'A' PRIMARY SCHOOL
PS1205056,MITONDI PRIMARY SCHOOL
PS1205058,MITUMBATI PRIMARY SCHOOL
PS1205059,MIULE PRIMARY SCHOOL
PS1205060,MIUTA PRIMARY SCHOOL
PS1205061,MIVANGA PRIMARY SCHOOL
PS1205062,MJI MPYA PRIMARY SCHOOL
PS1205063,MKAHA PRIMARY SCHOOL
PS1205117,MKOLA JUU PRIMARY SCHOOL
PS1205064,MKOLA TANKINI PRIMARY SCHOOL
PS1205065,MKONJOWANO PRIMARY SCHOOL
PS1205118,MKULA PRIMARY SCHOOL
PS1205066,MKULUNG'ULU PRIMARY SCHOOL
PS1205067,MKUPETE PRIMARY SCHOOL
PS1205068,MKUTI PRIMARY SCHOOL
PS1205069,MKWEDU LUAGALA PRIMARY SCHOOL
PS1205121,MKWITI JUU PRIMARY SCHOOL
PS1205070,MKWITI PRIMARY SCHOOL
PS1205071,MMALALA PRIMARY SCHOOL
PS1205072,MMEDA PRIMARY SCHOOL
PS1205122,MNAIDA PRIMARY SCHOOL
PS1205073,MNAZI MMOJA PRIMARY SCHOOL
PS1205074,MNDUMBWE PRIMARY SCHOOL
PS1205075,MNYAHI PRIMARY SCHOOL
PS1205076,MNYAWA PRIMARY SCHOOL
PS1205077,MNYOMA PRIMARY SCHOOL
PS1205045,MPUNDA PRIMARY SCHOOL
PS1205078,MTANDAVALA PRIMARY SCHOOL
PS1205079,MTEGU PRIMARY SCHOOL
PS1205080,MTENDA PRIMARY SCHOOL
PS1205081,MTING'INDA PRIMARY SCHOOL
PS1205082,MTONI PRIMARY SCHOOL
PS1205083,MUNDAMKULU PRIMARY SCHOOL
PS1205084,MWANGAZA PRIMARY SCHOOL
PS1205123,MWANGAZA SOKONI PRIMARY SCHOOL
PS1205085,MWENGE PRIMARY SCHOOL
PS1205086,MWERU PRIMARY SCHOOL
PS1205087,NACHUNYU PRIMARY SCHOOL
PS1205088,NAKAYAKA PRIMARY SCHOOL
PS1205089,NAMAHONGA PRIMARY SCHOOL
PS1205090,NAMBAHU PRIMARY SCHOOL
PS1205124,NAMDOWOLA PRIMARY SCHOOL
PS1205091,NAMDWANI PRIMARY SCHOOL
PS1205115,NAMEDI PRIMARY SCHOOL
PS1205093,NAMIKUPA I PRIMARY SCHOOL
PS1205094,NAMIKUPA II PRIMARY SCHOOL
PS1205095,NAMINDONDI PRIMARY SCHOOL
PS1205096,NAMKOMOLELA PRIMARY SCHOOL
PS1205097,NAMUNDA PRIMARY SCHOOL
PS1205127,NANDONDE PRIMARY SCHOOL
PS1205098,NANHYANGA 'A' PRIMARY SCHOOL
PS1205099,NANHYANGA 'B' PRIMARY SCHOOL
PS1205125,NANJANGA PRIMARY SCHOOL
PS1205100,NANNALA PRIMARY SCHOOL
PS1205101,NANYUWILA PRIMARY SCHOOL
PS1205102,NAPUTA PRIMARY SCHOOL
PS1205103,NGONGO PRIMARY SCHOOL
PS1205104,NG'ONGOLO PRIMARY SCHOOL
PS1205105,NGUNJA PRIMARY SCHOOL
PS1205106,RUVUMA PRIMARY SCHOOL
PS1205107,SHANGANI PRIMARY SCHOOL
PS1205108,TANDAHIMBA PRIMARY SCHOOL
PS1205109,UKOMBOZI PRIMARY SCHOOL
PS1205110,ULODALEO PRIMARY SCHOOL
PS1205111,ZAMBIA PRIMARY SCHOOL
PS1308001,AZIMIO PRIMARY SCHOOL
PS1308002,BILULUMO PRIMARY SCHOOL
PS1308855,BUCHOSA PRIMARY SCHOOL
PS1308003,BUGORO PRIMARY SCHOOL
PS1308004,BUHAMA PRIMARY SCHOOL
PS1308005,BUHINDI PRIMARY SCHOOL
PS1308006,BUKILIGULU PRIMARY SCHOOL
PS1308007,BUKOKWA PRIMARY SCHOOL
PS1308008,BULOLO PRIMARY SCHOOL
PS1308009,BULYAHEKE PRIMARY SCHOOL
PS1308010,BULYAHILU PRIMARY SCHOOL
PS1308011,BUPANDWAMHELA PRIMARY SCHOOL
PS1308012,BUSEKESEKE PRIMARY SCHOOL
PS1308013,BUSENGE PRIMARY SCHOOL
PS1308014,BUSIKIMBI PRIMARY SCHOOL
PS1308015,BUSWELU PRIMARY SCHOOL
PS1308089,CHAMANYETE PRIMARY SCHOOL
PS1308016,CHEMA PRIMARY SCHOOL
PS1308861,CHIHUZI PRIMARY SCHOOL
PS1308088,GLORY PRIMARY SCHOOL
PS1308017,HAMURUMO PRIMARY SCHOOL
PS1308018,IGWANZOZU PRIMARY SCHOOL
PS1308019,ILIGAMBA PRIMARY SCHOOL
PS1308020,ILOGERO PRIMARY SCHOOL
PS1308021,ILYAMCHELE PRIMARY SCHOOL
PS1308022,IRENZA PRIMARY SCHOOL
PS1308090,IRIBA PRIMARY SCHOOL
PS1308023,ISAKA PRIMARY SCHOOL
PS1308024,ISEGENG'HE PRIMARY SCHOOL
PS1308103,ISENI PRIMARY SCHOOL
PS1308025,ISENYI PRIMARY SCHOOL
PS1308026,ITABAGUMBA PRIMARY SCHOOL
PS1308027,ITULABUSIGA PRIMARY SCHOOL
PS1308028,IZINDABO PRIMARY SCHOOL
PS1308853,JUHUDI PRIMARY SCHOOL
PS1308029,KABAGANGA PRIMARY SCHOOL
PS1308030,KAFUNZO PRIMARY SCHOOL
PS1308031,KAGOMBA PRIMARY SCHOOL
PS1308032,KAGOROGORO PRIMARY SCHOOL
PS1308033,KAHUNDA PRIMARY SCHOOL
PS1308034,KAKOBE PRIMARY SCHOOL
PS1308035,KALEBEZO PRIMARY SCHOOL
PS1308036,KAMISA PRIMARY SCHOOL
PS1308037,KANONI PRIMARY SCHOOL
PS1308038,KANYALA PRIMARY SCHOOL
PS1308039,KASALAJI PRIMARY SCHOOL
PS1308040,KASELA PRIMARY SCHOOL
PS1308041,KASHEKA PRIMARY SCHOOL
PS1308042,KASISA PRIMARY SCHOOL
PS1308043,KATOMA PRIMARY SCHOOL
PS1308044,KATWE PRIMARY SCHOOL
PS1308045,KAYENZE PRIMARY SCHOOL
PS1308046,KAZUNGUTE PRIMARY SCHOOL
PS1308047,KAZUNZU PRIMARY SCHOOL
PS1308048,KIDETE PRIMARY SCHOOL
PS1308049,KISABA PRIMARY SCHOOL
PS1308087,LAKE VICTORIA CHRISTIAN PRIMARY SCHOOL
PS1308101,LITELI PRIMARY SCHOOL
PS1308050,LUCHILI PRIMARY SCHOOL
PS1308051,LUGASA PRIMARY SCHOOL
PS1308052,LUGATA PRIMARY SCHOOL
PS1308053,LUHAMA PRIMARY SCHOOL
PS1308054,LUHARANYONGA PRIMARY SCHOOL
PS1308055,LUHORONGOMA PRIMARY SCHOOL
PS1308056,LUMEYA PRIMARY SCHOOL
PS1308057,LUSHAMBA PRIMARY SCHOOL
PS1308095,LUSOLELO PRIMARY SCHOOL
PS1308102,MAGATA PRIMARY SCHOOL
PS1308058,MAGULUKENDA PRIMARY SCHOOL
PS1308059,MAJENGO PRIMARY SCHOOL
PS1308060,MANDELA PRIMARY SCHOOL
PS1308856,MBUGANI PRIMARY SCHOOL
PS1308092,MCHELE PRIMARY SCHOOL
PS1308061,MIGUKULAMA PRIMARY SCHOOL
PS1308062,MISUNGWI PRIMARY SCHOOL
PS1308854,MTAKUJA PRIMARY SCHOOL
PS1308063,MUUNGANO PRIMARY SCHOOL
PS1308064,MWABASABI PRIMARY SCHOOL
PS1308065,MWAMANYILI PRIMARY SCHOOL
PS1308066,MWANGIKA PRIMARY SCHOOL
PS1308067,NFUNZI PRIMARY SCHOOL
PS1308068,NG'WABASABI PRIMARY SCHOOL
PS1308857,NTAMA PRIMARY SCHOOL
PS1308069,NYABUTANGA PRIMARY SCHOOL
PS1308070,NYAKABANGA PRIMARY SCHOOL
PS1308071,NYAKALIRO PRIMARY SCHOOL
PS1308072,NYAKASASA PRIMARY SCHOOL
PS1308073,NYAKASUNGWA PRIMARY SCHOOL
PS1308074,NYAMABANO PRIMARY SCHOOL
PS1308075,NYAMADOKE PRIMARY SCHOOL
PS1308076,NYAMBEBA PRIMARY SCHOOL
PS1308077,NYAMIMINA PRIMARY SCHOOL
PS1308078,NYAMISWI PRIMARY SCHOOL
PS1308096,NYAMKOLECHIWA PRIMARY SCHOOL
PS1308860,NYANANGO PRIMARY SCHOOL
PS1308079,NYANGALAMILA PRIMARY SCHOOL
PS1308080,NYANZENDA PRIMARY SCHOOL
PS1308081,NYASHANA PRIMARY SCHOOL
PS1308082,NYEHUNGE PRIMARY SCHOOL
PS1308083,RWENCHENGA PRIMARY SCHOOL
PS1308084,SOSWA PRIMARY SCHOOL
PS1308085,SUKUMA PRIMARY SCHOOL
PS1308093,THE BRIDGE PRIMARY SCHOOL
PS1301120,AKIBA PRIMARY SCHOOL
PS1301090,AMANI PRIMARY SCHOOL
PS1301091,ATMAN PRIMARY SCHOOL
PS1301137,BANG'WISE PRIMARY SCHOOL
PS1301105,BEZI PRIMARY SCHOOL
PS1301001,BISMARCK PRIMARY SCHOOL
PS1301116,BLESSING MODEL PRIMARY SCHOOL
PS1301002,BONDENI PRIMARY SCHOOL
PS1301003,BUGOGWA PRIMARY SCHOOL
PS1301004,BUGUNGUMUKI PRIMARY SCHOOL
PS1301103,BUHILA PRIMARY SCHOOL
PS1301145,BUJINGWA PRIMARY SCHOOL
PS1301005,BULOLA PRIMARY SCHOOL
PS1301148,BUSENGA PRIMARY SCHOOL
PS1301006,BUSWELU PRIMARY SCHOOL
PS1301147,BUTEJA PRIMARY SCHOOL
PS1301119,BUYEGI ARCHIBISHOP MAYALA PRIMARY SCHOOL
PS1301009,BUZURUGA  D PRIMARY SCHOOL
PS1301008,BUZURUGA C PRIMARY SCHOOL
PS1301007,BUZURUGA PRIMARY SCHOOL
PS1301010,BWIRU PRIMARY SCHOOL
PS1301011,CHASUBI PRIMARY SCHOOL
PS1301012,EDEN PRIMARY SCHOOL
PS1301013,EDEN VALLEY PRIMARY SCHOOL
PS1301138,FAITH JUNIOR PRIMARY SCHOOL
PS1301108,FRANKA PRIMARY SCHOOL
PS1301088,GADI'S PRIMARY SCHOOL
PS1301014,GEDELI PRIMARY SCHOOL
PS1301107,GENESIS UNIVERSAL PRIMARY SCHOOL
PS1301015,GHANA PRIMARY SCHOOL
PS1301132,GODBLESS STAR PRIMARY SCHOOL
PS1301155,GOSHEN MODEL PRIMARY SCHOOL
PS1301101,GREEN BELL PRIMARY SCHOOL
PS1301016,GREEN VIEW PRIMARY SCHOOL
PS1301140,GREENCARE PRIMARY SCHOOL
PS1301129,GREGORY MKUU PRIMARY SCHOOL
PS1301017,HEKIMA PRIMARY SCHOOL
PS1301126,HOPE ROYAL PRIMARY SCHOOL
PS1301018,IBESHI PRIMARY SCHOOL
PS1301019,IBUNGILO PRIMARY SCHOOL
PS1301020,IGOGWE PRIMARY SCHOOL
PS1301021,IGOMBE PRIMARY SCHOOL
PS1301124,IHALALO PRIMARY SCHOOL
PS1301022,ILEMELA PRIMARY SCHOOL
PS1301114,ILEMELA PRIMARY SCHOOL
PS1301104,ISANZU PRIMARY SCHOOL
PS1301024,ISENGA  C PRIMARY SCHOOL
PS1301025,ISENGA  D PRIMARY SCHOOL
PS1301023,ISENGA PRIMARY SCHOOL
PS1301026,ISESA PRIMARY SCHOOL
PS1301027,ISLAMIC PRIMARY SCHOOL
PS1301086,JABAL HIRA PRIMARY SCHOOL
PS1301028,JAMHURI PRIMARY SCHOOL
PS1301030,JESHINI PRIMARY SCHOOL
PS1301128,JOSPAL PRIMARY SCHOOL
PS1301094,JUHUDI PRIMARY SCHOOL
PS1301031,KABANGAJA PRIMARY SCHOOL
PS1301032,KABUSUNGU PRIMARY SCHOOL
PS1301033,KAHAMA PRIMARY SCHOOL
PS1301034,KARUME PRIMARY SCHOOL
PS1301095,KASELYA PRIMARY SCHOOL
PS1301035,KAYENZE PRIMARY SCHOOL
PS1301123,KAYENZENDOGO PRIMARY SCHOOL
PS1301036,KILABELA PRIMARY SCHOOL
PS1301037,KILIMAHEWA PRIMARY SCHOOL
PS1301096,KILIMANI PRIMARY SCHOOL
PS1301038,KILOLELI PRIMARY SCHOOL
PS1301087,KINGDOM HERITAGE MODEL  PRIMARY SCHOOL
PS1301039,KIRUMBA PRIMARY SCHOOL
PS1301040,KISEKE PRIMARY SCHOOL
PS1301102,KISUNDI PRIMARY SCHOOL
PS1301042,KITANGIRI B PRIMARY SCHOOL
PS1301043,KITANGIRI C PRIMARY SCHOOL
PS1301041,KITANGIRI PRIMARY SCHOOL
PS1301044,KOSHUMA ACADEMY PRIMARY SCHOOL
PS1301045,LAKE VIEW PRIMARY SCHOOL
PS1301097,LAUREATE PRIMARY SCHOOL
PS1301046,LIVING WATERS PRIMARY SCHOOL
PS1301125,LORETO PRIMARY SCHOOL
PS1301047,LUKOBE PRIMARY SCHOOL
PS1301048,LUMALA PRIMARY SCHOOL
PS1301143,MAGAKA PRIMARY SCHOOL
PS1301050,MASEMELE PRIMARY SCHOOL
PS1301113,MERCY MONTESSORI PRIMARY SCHOOL
PS1301051,MHONZE PRIMARY SCHOOL
PS1301052,MIHAMA PRIMARY SCHOOL
PS1301098,MJIMWEMA PRIMARY SCHOOL
PS1301053,MKUDI PRIMARY SCHOOL
PS1301054,MNARANI PRIMARY SCHOOL
PS1301055,MONDO PRIMARY SCHOOL
PS1301056,MONTESSORI PRIMARY SCHOOL
PS1301057,MUUNGANO PRIMARY SCHOOL
PS1301058,MWAMBANI PRIMARY SCHOOL
PS1301127,MWANZA ISTIQAAMA PRIMARY SCHOOL
PS1301059,MWENGE PRIMARY SCHOOL
PS1301134,NARAE GLOBAL PRIMARY SCHOOL
PS1301121,NDENUKA PRIMARY SCHOOL
PS1301130,NEBRIX PRIMARY SCHOOL
PS1301060,NSUMBA PRIMARY SCHOOL
PS1301062,NUNDU D PRIMARY SCHOOL
PS1301061,NUNDU PRIMARY SCHOOL
PS1301063,NYAFULA PRIMARY SCHOOL
PS1301118,NYAKATO MENNONITE PRIMARY SCHOOL
PS1301064,NYAMADOKE PRIMARY SCHOOL
PS1301066,NYAMANORO BAPTIST PRIMARY SCHOOL
PS1301065,NYAMANORO PRIMARY SCHOOL
PS1301067,NYAMBITI PRIMARY SCHOOL
PS1301068,NYAMHONGOLO PRIMARY SCHOOL
PS1301070,NYAMWILEKELWA PRIMARY SCHOOL
PS1301071,NYAMWILOLELWA PRIMARY SCHOOL
PS1301072,NYASAKA PRIMARY SCHOOL
PS1301073,PASIANSI PRIMARY SCHOOL
PS1301074,PENDO PRIMARY SCHOOL
PS1301112,PRINCETOM PRIMARY SCHOOL
PS1301117,QUALITY SPRINGS PRIMARY SCHOOL
PS1301110,RORYA PRIMARY SCHOOL
PS1301075,SABASABA PRIMARY SCHOOL
PS1301149,SAJIEUS HOPELAND PRIMARY SCHOOL
PS1301100,SAMIKE PRIMARY SCHOOL
PS1301076,SANGABUYE PRIMARY SCHOOL
PS1301115,SAVANNA PRIMARY SCHOOL
PS1301077,SIMA PRIMARY SCHOOL
PS1301078,SONGAMBELE PRIMARY SCHOOL
PS1301079,ST HELLENS PRIMARY SCHOOL
PS1301109,TABASAMU PRIMARY SCHOOL
PS1301099,TAQWA PRIMARY SCHOOL
PS1301133,TAWAWAMI PRIMARY SCHOOL
PS1301080,TCRC FURAHA PRIMARY SCHOOL
PS1301081,THAAQIB PRIMARY SCHOOL
PS1301082,TULELE PRIMARY SCHOOL
PS1301083,TUMAINI PRIMARY SCHOOL
PS1301111,TUMAINI PRIMARY SCHOOL
PS1301084,UMOJA PRIMARY SCHOOL
PS1301085,ZIWANI PRIMARY SCHOOL
PS1302248,BEULA PRIMARY SCHOOL
PS1302232,BUCHANG'WA PRIMARY SCHOOL
PS1302001,BUDULA PRIMARY SCHOOL
PS1302002,BUDUSHI PRIMARY SCHOOL
PS1302233,BUGANDANDO PRIMARY SCHOOL
PS1302237,BUGANDO PRIMARY SCHOOL
PS1302005,BUGEMBE PRIMARY SCHOOL
PS1302226,BUJINGWA PRIMARY SCHOOL
PS1302245,BUKALA PRIMARY SCHOOL
PS1302012,BULIKINDA PRIMARY SCHOOL
PS1302014,BUMYENGEJA PRIMARY SCHOOL
PS1302015,BUNGULWA PRIMARY SCHOOL
PS1302016,BUPAMWA PRIMARY SCHOOL
PS1302003,BUSHINI PRIMARY SCHOOL
PS1302019,BUSULE PRIMARY SCHOOL
PS1302020,BUYOGO PRIMARY SCHOOL
PS1302238,CHAMHELA PRIMARY SCHOOL
PS1302021,CHAMVA PRIMARY SCHOOL
PS1302022,CHANONGU PRIMARY SCHOOL
PS1302023,CHASALAWI PRIMARY SCHOOL
PS1302024,CHIBUJI PRIMARY SCHOOL
PS1302025,DODOMA PRIMARY SCHOOL
PS1302029,GATULI PRIMARY SCHOOL
PS1302030,GOLOMA PRIMARY SCHOOL
PS1302033,GULUNG'WA PRIMARY SCHOOL
PS1302228,HILLU PRIMARY SCHOOL
PS1302034,HUNGUMALWA PRIMARY SCHOOL
PS1302215,IBAYA PRIMARY SCHOOL
PS1302035,IBINDO PRIMARY SCHOOL
PS1302037,ICHEJA PRIMARY SCHOOL
PS1302203,IGAGA PRIMARY SCHOOL
PS1302040,IGOMA PRIMARY SCHOOL
PS1302041,IGUMANGOBO PRIMARY SCHOOL
PS1302234,IGUNGUHYA PRIMARY SCHOOL
PS1302221,IKUNDA PRIMARY SCHOOL
PS1302250,ILEBELO PRIMARY SCHOOL
PS1302045,ILULA PRIMARY SCHOOL
PS1302196,ILUMBA PRIMARY SCHOOL
PS1302046,INALA PRIMARY SCHOOL
PS1302231,IPANGA PRIMARY SCHOOL
PS1302048,ISABILO PRIMARY SCHOOL
PS1302197,ISAGALLA PRIMARY SCHOOL
PS1302049,ISAGENG'HE PRIMARY SCHOOL
PS1302241,ISENGWA PRIMARY SCHOOL
PS1302052,ISHINGISHA PRIMARY SCHOOL
PS1302204,ITEGAMATU PRIMARY SCHOOL
PS1302253,IZIZIMBA 'C' PRIMARY SCHOOL
PS1302053,IZIZIMBA-'A' PRIMARY SCHOOL
PS1302054,IZIZIMBA-'B' PRIMARY SCHOOL
PS1302055,JOJIRO PRIMARY SCHOOL
PS1302057,KABALE PRIMARY SCHOOL
PS1302255,KADASHI 'B' PRIMARY SCHOOL
PS1302058,KADASHI PRIMARY SCHOOL
PS1302198,KAKORA PRIMARY SCHOOL
PS1302216,KASANG'WA PRIMARY SCHOOL
PS1302061,KAWEKAMO PRIMARY SCHOOL
PS1302062,KIBITILWA PRIMARY SCHOOL
PS1302065,KIJIDA PRIMARY SCHOOL
PS1302067,KIKUBIJI PRIMARY SCHOOL
PS1302223,KILIGU PRIMARY SCHOOL
PS1302069,KILIWI PRIMARY SCHOOL
PS1302199,KILYABOYA PRIMARY SCHOOL
PS1302070,KIMIZA PRIMARY SCHOOL
PS1302247,KINAMWELI PRIMARY SCHOOL
PS1302071,KINOJA PRIMARY SCHOOL
PS1302073,KISHILI PRIMARY SCHOOL
PS1302074,KITUNGA PRIMARY SCHOOL
PS1302077,LIGEMBE PRIMARY SCHOOL
PS1302080,LUHALA PRIMARY SCHOOL
PS1302082,LYOMA PRIMARY SCHOOL
PS1302191,MAHIGA PRIMARY SCHOOL
PS1302018,MALEMVE PRIMARY SCHOOL
PS1302087,MALIGISU PRIMARY SCHOOL
PS1302088,MALYA PRIMARY SCHOOL
PS1302091,MANAWA PRIMARY SCHOOL
PS1302192,MANGULUMA PRIMARY SCHOOL
PS1302093,MANTARE PRIMARY SCHOOL
PS1302099,MHALO PRIMARY SCHOOL
PS1302100,MHANDE PRIMARY SCHOOL
PS1302101,MHULULA PRIMARY SCHOOL
PS1302225,MHULYA PRIMARY SCHOOL
PS1302102,MILYUNGU PRIMARY SCHOOL
PS1302218,MITA PRIMARY SCHOOL
PS1302140,MWABAGOLE PRIMARY SCHOOL
PS1302134,MWABARATULU PRIMARY SCHOOL
PS1302180,MWABAYANDA PRIMARY SCHOOL
PS1302136,MWABILANDA PRIMARY SCHOOL
PS1302116,MWABOMBA PRIMARY SCHOOL
PS1302138,MWABUCHUMA PRIMARY SCHOOL
PS1302193,MWADUBI PRIMARY SCHOOL
PS1302128,MWAGI PRIMARY SCHOOL
PS1302131,MWAGING'HI PRIMARY SCHOOL
PS1302227,MWAKALUTO PRIMARY SCHOOL
PS1302133,MWAKILYAMBITI PRIMARY SCHOOL
PS1302125,MWAKUBILINGA PRIMARY SCHOOL
PS1302123,MWALUBUNGWE PRIMARY SCHOOL
PS1302124,MWALUJO PRIMARY SCHOOL
PS1302252,MWALULYEHO PRIMARY SCHOOL
PS1302119,MWAMAJILA PRIMARY SCHOOL
PS1302246,MWAMAKELEMO PRIMARY SCHOOL
PS1302117,MWAMASHIMBA PRIMARY SCHOOL
PS1302112,MWAMITINJE PRIMARY SCHOOL
PS1302113,MWAMPULU PRIMARY SCHOOL
PS1302114,MWANDU PRIMARY SCHOOL
PS1302115,MWANEKEYI PRIMARY SCHOOL
PS1302194,MWANG'HALANGA PRIMARY SCHOOL
PS1302137,MWANGIKA PRIMARY SCHOOL
PS1302222,MWANG'OMBE PRIMARY SCHOOL
PS1302107,MWANKUBA PRIMARY SCHOOL
PS1302108,MWANKULWE PRIMARY SCHOOL
PS1302141,MWASHIGI PRIMARY SCHOOL
PS1302142,MWASHILALAGE PRIMARY SCHOOL
PS1302145,MWITAMBU PRIMARY SCHOOL
PS1302207,NDAGWASA PRIMARY SCHOOL
PS1302147,NDAMHI PRIMARY SCHOOL
PS1302242,NG'HULIKU PRIMARY SCHOOL
PS1302149,NG'HUNDYA PRIMARY SCHOOL
PS1302150,NGOGO PRIMARY SCHOOL
PS1302229,NGUBALU PRIMARY SCHOOL
PS1302195,NGUDULUGULU PRIMARY SCHOOL
PS1302220,NGUMO PRIMARY SCHOOL
PS1302239,NG'WAKILIMA PRIMARY SCHOOL
PS1302219,NG'WAMAKOYE PRIMARY SCHOOL
PS1302235,NG'WAMAPALALA PRIMARY SCHOOL
PS1302243,NG'WAMBISU PRIMARY SCHOOL
PS1302217,NG'WANG'HANGA PRIMARY SCHOOL
PS1302236,NG'WASHIKUGA PRIMARY SCHOOL
PS1302159,NKALALO PRIMARY SCHOOL
PS1302161,NKUNGULU PRIMARY SCHOOL
PS1302165,NYAMATALA PRIMARY SCHOOL
PS1302201,NYAMBITI PRIMARY SCHOOL
PS1302202,NYAMBUYI PRIMARY SCHOOL
PS1302166,NYAMIGAMBA PRIMARY SCHOOL
PS1302168,NYAMIKOMA PRIMARY SCHOOL
PS1302169,NYAMILAMA PRIMARY SCHOOL
PS1302170,NYANGALAMILA PRIMARY SCHOOL
PS1302240,NYANG'HINGI PRIMARY SCHOOL
PS1302172,NYANG'HONGE PRIMARY SCHOOL
PS1302173,NYANHIGA PRIMARY SCHOOL
PS1302174,NYASHANA PRIMARY SCHOOL
PS1302249,RIPEN PRIMARY SCHOOL
PS1302230,SAMILUNGA PRIMARY SCHOOL
PS1302244,SANGA PRIMARY SCHOOL
PS1302175,SANGU PRIMARY SCHOOL
PS1302210,SHIGANGAMA PRIMARY SCHOOL
PS1302178,SHIGUMHULO PRIMARY SCHOOL
PS1302179,SHILANONA PRIMARY SCHOOL
PS1302211,SHILEMBO PRIMARY SCHOOL
PS1302135,SHILIMA PRIMARY SCHOOL
PS1302181,SHUSHI PRIMARY SCHOOL
PS1302182,SOLWE PRIMARY SCHOOL
PS1302224,SUMAHA PRIMARY SCHOOL
PS1302185,SUMVE PRIMARY SCHOOL
PS1302186,TALAGA PRIMARY SCHOOL
PS1302188,WALLA PRIMARY SCHOOL
PS1302190,WAYI PRIMARY SCHOOL
PS1302212,WELAMASONGA PRIMARY SCHOOL
PS1303112,AICT ILUNGU PRIMARY SCHOOL
PS1303115,ALADIS PRIMARY SCHOOL
PS1303118,AWASI ENG MED PRIMARY SCHOOL
PS1303001,BUBINZA PRIMARY SCHOOL
PS1303002,BUGABU PRIMARY SCHOOL
PS1303003,BUGANDO PRIMARY SCHOOL
PS1303004,BUGATU PRIMARY SCHOOL
PS1303005,BUHUMBI PRIMARY SCHOOL
PS1303006,BUJORA PRIMARY SCHOOL
PS1303007,BUKANDWE PRIMARY SCHOOL
PS1303008,BUNDILYA PRIMARY SCHOOL
PS1303009,BUSALANGA PRIMARY SCHOOL
PS1303011,BUSEKWA PRIMARY SCHOOL
PS1303012,CHABULA PRIMARY SCHOOL
PS1303013,CHANDULU PRIMARY SCHOOL
PS1303134,CHIEF HANGAYA PRIMARY SCHOOL
PS1303130,DANOMA PRIMARY SCHOOL
PS1303014,GALAMUGI PRIMARY SCHOOL
PS1303140,HIGH VISION PRIMARY SCHOOL
PS1303015,IGEKEMAJA PRIMARY SCHOOL
PS1303016,IGOMBE PRIMARY SCHOOL
PS1303135,IGUDIJA PRIMARY SCHOOL
PS1303017,IHUSHI PRIMARY SCHOOL
PS1303018,IJINGA PRIMARY SCHOOL
PS1303019,IKELEBELO PRIMARY SCHOOL
PS1303020,IKENGELE PRIMARY SCHOOL
PS1303021,ILENDEJA PRIMARY SCHOOL
PS1303022,ILUNGU PRIMARY SCHOOL
PS1303023,INOLELO PRIMARY SCHOOL
PS1303024,ISANDULA PRIMARY SCHOOL
PS1303025,ISANGIJO PRIMARY SCHOOL
PS1303026,ISENI PRIMARY SCHOOL
PS1303027,ISOLO PRIMARY SCHOOL
PS1303028,ITUMBILI PRIMARY SCHOOL
PS1303029,JACARANDA PRIMARY SCHOOL
PS1303030,JINJIMILI PRIMARY SCHOOL
PS1303031,JOSEPH & MARY PRIMARY SCHOOL
PS1303032,KABALE PRIMARY SCHOOL
PS1303033,KABILA PRIMARY SCHOOL
PS1303034,KAHANGARA PRIMARY SCHOOL
PS1303035,KANYAMA PRIMARY SCHOOL
PS1303036,KASSA CHARITYPRIMARY SCHOOL
PS1303037,KAYENZE 'B' PRIMARY SCHOOL
PS1303038,KIGANGAMA PRIMARY SCHOOL
PS1303039,KIKUNDI PRIMARY SCHOOL
PS1303113,KILIMANJARO PRIMARY SCHOOL
PS1303040,KINANGO PRIMARY SCHOOL
PS1303041,KISABO PRIMARY SCHOOL
PS1303042,KISESA 'A' PRIMARY SCHOOL
PS1303043,KISESA 'B' PRIMARY SCHOOL
PS1303044,KITONGO PRIMARY SCHOOL
PS1303045,KITUMBA PRIMARY SCHOOL
PS1303047,KONGOLO PRIMARY SCHOOL
PS1303048,LANGI PRIMARY SCHOOL
PS1303122,LUBANGO PRIMARY SCHOOL
PS1303049,LUBUGU PRIMARY SCHOOL
PS1303050,LUMEJI PRIMARY SCHOOL
PS1303051,LUPEMBA PRIMARY SCHOOL
PS1303052,LUTALE PRIMARY SCHOOL
PS1303053,MAGU PRIMARY SCHOOL
PS1303054,MAHAHA PRIMARY SCHOOL
PS1303055,MAKAMBA PRIMARY SCHOOL
PS1303056,MALILIKA PRIMARY SCHOOL
PS1303057,MATALE PRIMARY SCHOOL
PS1303058,MATELA PRIMARY SCHOOL
PS1303110,METHODIST PRIMARY SCHOOL
PS1303059,MHINGO PRIMARY SCHOOL
PS1303111,MIMBI PRIMARY SCHOOL
PS1303060,MISAMBO PRIMARY SCHOOL
PS1303061,MISUNGWI PRIMARY SCHOOL
PS1303062,MOHA PRIMARY SCHOOL
PS1303063,MONDO PRIMARY SCHOOL
PS1303064,MUDA PRIMARY SCHOOL
PS1303120,MUKIDOMA PRIMARY SCHOOL
PS1303066,MUYA PRIMARY SCHOOL
PS1303067,MWABULENGA PRIMARY SCHOOL
PS1303068,MWAKUMEGA PRIMARY SCHOOL
PS1303069,MWALINHA PRIMARY SCHOOL
PS1303070,MWAMABANZA PRIMARY SCHOOL
PS1303116,MWAMAKANZA PRIMARY SCHOOL
PS1303071,MWAMANGA PRIMARY SCHOOL
PS1303072,MWAMIBANGA PRIMARY SCHOOL
PS1303073,MWASHEPI PRIMARY SCHOOL
PS1303074,NENGE PRIMARY SCHOOL
PS1303075,NGASHE PRIMARY SCHOOL
PS1303076,NG'HAYA PRIMARY SCHOOL
PS1303077,NG'HWABUYI PRIMARY SCHOOL
PS1303078,NG'WAMAGOLI PRIMARY SCHOOL
PS1303114,NG'WANABUDO PRIMARY SCHOOL
PS1303079,NG'WATELESHA PRIMARY SCHOOL
PS1303080,NHOBOLA PRIMARY SCHOOL
PS1303119,NOSPA PRIMARY SCHOOL
PS1303081,NSOLA PRIMARY SCHOOL
PS1303082,NYABOLE PRIMARY SCHOOL
PS1303083,NYALIKUNGU PRIMARY SCHOOL
PS1303084,NYAMAHANGA PRIMARY SCHOOL
PS1303085,NYAMBILO PRIMARY SCHOOL
PS1303086,NYAMBITILWA PRIMARY SCHOOL
PS1303087,NYAMILAMA PRIMARY SCHOOL
PS1303088,NYANGUGE PRIMARY SCHOOL
PS1303089,NYANKONYA PRIMARY SCHOOL
PS1303090,NYASATO PRIMARY SCHOOL
PS1303091,NYASHIGWE PRIMARY SCHOOL
PS1303092,NYASHIMBA PRIMARY SCHOOL
PS1303093,NYASHOSHI PRIMARY SCHOOL
PS1303121,RISE AND SHINE PRIMARY SCHOOL
PS1303094,SAGANI PRIMARY SCHOOL
PS1303095,SALAMA PRIMARY SCHOOL
PS1303096,SALISIMA PRIMARY SCHOOL
PS1303097,SALONG'WE PRIMARY SCHOOL
PS1303098,SAYAKA PRIMARY SCHOOL
PS1303099,SEKAGI PRIMARY SCHOOL
PS1303100,SESE PRIMARY SCHOOL
PS1303101,SESELE PRIMARY SCHOOL
PS1303102,SHILINGWA PRIMARY SCHOOL
PS1303103,SHINEMBO PRIMARY SCHOOL
PS1303104,SHISHANI PRIMARY SCHOOL
PS1303105,SIMAKITONGO PRIMARY SCHOOL
PS1303117,TREE OF LIFE ENG MED PRIMARY SCHOOL
PS1303106,UPENDO PRIMARY SCHOOL
PS1303107,WELAMASONGA PRIMARY SCHOOL
PS1303128,WIT ZONE PRIMARY SCHOOL
PS1303108,WITA PRIMARY SCHOOL
PS1303109,YICHOBELA PRIMARY SCHOOL
PS1305001,BUDUTU PRIMARY SCHOOL
PS1305002,BUGANDA PRIMARY SCHOOL
PS1305003,BUGISHA PRIMARY SCHOOL
PS1305004,BUGOMBA PRIMARY SCHOOL
PS1305005,BUHINGO PRIMARY SCHOOL
PS1305006,BUHUNDA PRIMARY SCHOOL
PS1305007,BUHUNGUKILA PRIMARY SCHOOL
PS1305150,BUJINGWA PRIMARY SCHOOL
PS1305008,BUKUMBI PRIMARY SCHOOL
PS1305009,BULOLAMBESHI PRIMARY SCHOOL
PS1305141,BUNEGE PRIMARY SCHOOL
PS1305010,BUSAGARA PRIMARY SCHOOL
PS1305098,BUSEGEJA PRIMARY SCHOOL
PS1305115,BUSOLWA PRIMARY SCHOOL
PS1305144,BUTIBUBAGE PRIMARY SCHOOL
PS1305165,BUYEGI ARCHIBISHOP MAYALA MISUNGWI PRIMARY SCHOOL
PS1305127,CHATTA PRIMARY SCHOOL
PS1305118,CHOLE PRIMARY SCHOOL
PS1305140,EXODUS PRIMARY SCHOOL
PS1305011,FELLA PRIMARY SCHOOL
PS1305012,FULLO PRIMARY SCHOOL
PS1305013,GAMBAJIGA PRIMARY SCHOOL
PS1305014,GUKWA PRIMARY SCHOOL
PS1305015,GULUMUNGU PRIMARY SCHOOL
PS1305153,HEART BRIDGE PRIMARY SCHOOL
PS1305016,IBONGOYA PRIMARY SCHOOL
PS1305017,IGENGE PRIMARY SCHOOL
PS1305018,IGOKELO PRIMARY SCHOOL
PS1305019,IGONGWA PRIMARY SCHOOL
PS1305136,IGWATA PRIMARY SCHOOL
PS1305146,IHELELE PRIMARY SCHOOL
PS1305122,IKOMA PRIMARY SCHOOL
PS1305020,IKULA PRIMARY SCHOOL
PS1305021,IKUNGUMHULU PRIMARY SCHOOL
PS1305022,ILUJAMATE PRIMARY SCHOOL
PS1305023,INONELWA PRIMARY SCHOOL
PS1305024,ISAKAMAWE PRIMARY SCHOOL
PS1305120,ISELA PRIMARY SCHOOL
PS1305025,ISENENGEJA PRIMARY SCHOOL
PS1305128,ISUKA PRIMARY SCHOOL
PS1305108,ITEJA PRIMARY SCHOOL
PS1305026,KABALE PRIMARY SCHOOL
PS1305119,KAGERA PRIMARY SCHOOL
PS1305027,KANYELELE PRIMARY SCHOOL
PS1305028,KASOLOLO PRIMARY SCHOOL
PS1305117,KAUNDA PRIMARY SCHOOL
PS1305029,KIBULA PRIMARY SCHOOL
PS1305030,KIFUNE PRIMARY SCHOOL
PS1305102,KIGONGO PRIMARY SCHOOL
PS1305031,KIJIMA PRIMARY SCHOOL
PS1305032,KILIMO PRIMARY SCHOOL
PS1305033,KISESA PRIMARY SCHOOL
PS1305034,KOROMIJE PRIMARY SCHOOL
PS1305035,KWIMWA PRIMARY SCHOOL
PS1305036,LUBUGA PRIMARY SCHOOL
PS1305092,LUKANGA PRIMARY SCHOOL
PS1305113,LUKELEGE PRIMARY SCHOOL
PS1305037,LUTALUTALE PRIMARY SCHOOL
PS1305145,LWASA  PRIMARY SCHOOL
PS1305038,MABALE PRIMARY SCHOOL
PS1305039,MABUKI PRIMARY SCHOOL
PS1305040,MAGAKA PRIMARY SCHOOL
PS1305111,MAGANZO PRIMARY SCHOOL
PS1305041,MAHANDO PRIMARY SCHOOL
PS1305042,MAMAYE PRIMARY SCHOOL
PS1305043,MANAWA PRIMARY SCHOOL
PS1305044,MANGULA PRIMARY SCHOOL
PS1305045,MAPILINGA PRIMARY SCHOOL
PS1305103,MASAWE PRIMARY SCHOOL
PS1305046,MAWEMABI PRIMARY SCHOOL
PS1305047,MAYOLWA PRIMARY SCHOOL
PS1305048,MBALAMA PRIMARY SCHOOL
PS1305049,MBARIKA PRIMARY SCHOOL
PS1305093,MBELA PRIMARY SCHOOL
PS1305050,MISASI PRIMARY SCHOOL
PS1305051,MISUNGWI PRIMARY SCHOOL
PS1305052,MITINDO PRIMARY SCHOOL
PS1305129,MLIMANI PRIMARY SCHOOL
PS1305067,MONDO PRIMARY SCHOOL
PS1305114,MUYA PRIMARY SCHOOL
PS1305157,MWABEBEYA PRIMARY SCHOOL
PS1305139,MWABUGA PRIMARY SCHOOL
PS1305109,MWAGAGALA PRIMARY SCHOOL
PS1305063,MWAGALA PRIMARY SCHOOL
PS1305064,MWAGILIGILI PRIMARY SCHOOL
PS1305065,MWAGIMAGI PRIMARY SCHOOL
PS1305104,MWAHOLO PRIMARY SCHOOL
PS1305066,MWAJOMBO PRIMARY SCHOOL
PS1305125,MWAKITELEJA PRIMARY SCHOOL
PS1305062,MWALOGWABAGOLE PRIMARY SCHOOL
PS1305061,MWALWIGI PRIMARY SCHOOL
PS1305060,MWAMAGILI PRIMARY SCHOOL
PS1305058,MWAMAGUHWA PRIMARY SCHOOL
PS1305059,MWAMANGA PRIMARY SCHOOL
PS1305056,MWAMBOKU PRIMARY SCHOOL
PS1305123,MWAMHULI PRIMARY SCHOOL
PS1305057,MWANANGWA PRIMARY SCHOOL
PS1305134,MWANENGE PRIMARY SCHOOL
PS1305053,MWANIKO PRIMARY SCHOOL
PS1305054,MWANTAMBI PRIMARY SCHOOL
PS1305055,MWASAGELA PRIMARY SCHOOL
PS1305068,MWASUBI PRIMARY SCHOOL
PS1305069,MWAWILE PRIMARY SCHOOL
PS1305070,NANGE PRIMARY SCHOOL
PS1305097,NDINGA PRIMARY SCHOOL
PS1305071,NDUHA PRIMARY SCHOOL
PS1305121,NGELEKA PRIMARY SCHOOL
PS1305096,NG'HAMVE PRIMARY SCHOOL
PS1305072,NG'OMBE PRIMARY SCHOOL
PS1305094,NGUDAMA PRIMARY SCHOOL
PS1305073,NGUGE PRIMARY SCHOOL
PS1305074,NG'WAKALIMA PRIMARY SCHOOL
PS1305075,NG'WAKITOLYO PRIMARY SCHOOL
PS1305076,NG'WAKIYENZE PRIMARY SCHOOL
PS1305077,NG'WAMAZENGO PRIMARY SCHOOL
PS1305078,NG'WAMBOLA PRIMARY SCHOOL
PS1305079,NG'WANG'HANDA PRIMARY SCHOOL
PS1305099,NG'WANKALI PRIMARY SCHOOL
PS1305130,NKANZIGA PRIMARY SCHOOL
PS1305080,NKINGA PRIMARY SCHOOL
PS1305107,NTENDE PRIMARY SCHOOL
PS1305110,NTULYA PRIMARY SCHOOL
PS1305081,NYABUGENI PRIMARY SCHOOL
PS1305132,NYABUHELE PRIMARY SCHOOL
PS1305116,NYABUSALU PRIMARY SCHOOL
PS1305126,NYALUGEMBE PRIMARY SCHOOL
PS1305083,NYAMATALA PRIMARY SCHOOL
PS1305082,NYAMAYINZA PRIMARY SCHOOL
PS1305124,NYAMBITI PRIMARY SCHOOL
PS1305084,NYAMIJUNDU PRIMARY SCHOOL
PS1305143,NYANGAKA PRIMARY SCHOOL
PS1305085,NYANG'HOMANGO PRIMARY SCHOOL
PS1305112,NYASATO PRIMARY SCHOOL
PS1305095,NYASHITANDA PRIMARY SCHOOL
PS1305105,PAMBANI PRIMARY SCHOOL
PS1305142,RISHOR PRIMARY SCHOOL
PS1305131,SALAWI PRIMARY SCHOOL
PS1305149,SAN MERICK  PRIMARY SCHOOL
PS1305106,SANJO PRIMARY SCHOOL
PS1305086,SEEKE PRIMARY SCHOOL
PS1305087,SETH BENJAMINI PRIMARY SCHOOL
PS1305156,SHILABELA PRIMARY SCHOOL
PS1305100,SISU PRIMARY SCHOOL
PS1305088,SONGIWE PRIMARY SCHOOL
PS1305147,SPLENDID STARS PRIMARY SCHOOL
PS1305148,ST FRANCIS PRIMARY SCHOOL
PS1305089,SUMBUGU PRIMARY SCHOOL
PS1305135,SUMBUKA PRIMARY SCHOOL
PS1305090,UKIRIGURU PRIMARY SCHOOL
PS1305133,USAGARA PRIMARY SCHOOL
PS1305091,WANZAMISO PRIMARY SCHOOL
PS1305101,WILLI PRIMARY SCHOOL
PS1304108,ADVENT PRIMARY SCHOOL
PS1304001,ALLIANCE PRIMARY SCHOOL
PS1304002,AMANI PRIMARY SCHOOL
PS1304155,AMINA MAKILAGI PRIMARY SCHOOL
PS1304145,ARIMU PRIMARY SCHOOL
PS1304004,AZIMIO B PRIMARY SCHOOL
PS1304005,AZIMIO C PRIMARY SCHOOL
PS1304003,AZIMIO PRIMARY SCHOOL
PS1304120,BAMMA PRIMARY SCHOOL
PS1304006,BENEDICT PRIMARY SCHOOL
PS1304134,BETHANIA PRIMARY SCHOOL
PS1304121,BRIGHT INFANT PRIMARY SCHOOL
PS1304008,BUGALIKA PRIMARY SCHOOL
PS1304007,BUGANDO PRIMARY SCHOOL
PS1304164,BUGAYAMBA PRIMARY SCHOOL
PS1304010,BUHONGWA B PRIMARY SCHOOL
PS1304009,BUHONGWA PRIMARY SCHOOL
PS1304011,BUJINGWA PRIMARY SCHOOL
PS1304012,BUKAGA PRIMARY SCHOOL
PS1304013,BULALE PRIMARY SCHOOL
PS1304015,BUTIMBA B PRIMARY SCHOOL
PS1304014,BUTIMBA PRIMARY SCHOOL
PS1304118,BUYEGU PRIMARY SCHOOL
PS1304096,CENTRAL BUHONGWA PRIMARY SCHOOL
PS1304103,CLAUD PRIMARY SCHOOL
PS1304167,DIGMAR PRIMARY SCHOOL
PS1304106,DREAM BIG MONTESSORI PRIMARY SCHOOL
PS1304127,ELITE PRIMARY SCHOOL
PS1304125,FREEDOM PRIMARY SCHOOL
PS1304173,FURAHA BRILLIANT PRIMARY SCHOOL
PS1304098,GLORY PRIMARY SCHOOL
PS1304143,GREEN PASTURE PRIMARY SCHOOL
PS1304146,HILL FRONT PRIMARY SCHOOL
PS1304124,HILL PARK PRIMARY SCHOOL
PS1304017,IBANDA PRIMARY SCHOOL
PS1304018,IGELEGELE PRIMARY SCHOOL
PS1304020,IGOGO B PRIMARY SCHOOL
PS1304019,IGOGO PRIMARY SCHOOL
PS1304021,IGOMA A PRIMARY SCHOOL
PS1304022,IGOMA C PRIMARY SCHOOL
PS1304024,ISENI B PRIMARY SCHOOL
PS1304023,ISENI PRIMARY SCHOOL
PS1304025,ISLAMIYA PRIMARY SCHOOL
PS1304129,JOHNMARY PRIMARY SCHOOL
PS1304142,JUNIORS  PRIMARY SCHOOL
PS1304026,KAKEBE PRIMARY SCHOOL
PS1304160,KANENWA PRIMARY SCHOOL
PS1304027,KANINDO PRIMARY SCHOOL
PS1304028,KASOTA PRIMARY SCHOOL
PS1304100,KAWTHAR PRIMARY SCHOOL
PS1304029,KILELENI PRIMARY SCHOOL
PS1304030,KISHILI PRIMARY SCHOOL
PS1304111,KISIWANI PRIMARY SCHOOL
PS1304032,LAKE B PRIMARY SCHOOL
PS1304031,LAKE PRIMARY SCHOOL
PS1304168,LAKE VICTORIA PRIMARY SCHOOL
PS1304034,LUCHELELE PRIMARY SCHOOL
PS1304126,LUIS PRIMARY SCHOOL
PS1304133,LUSAKA PRIMARY SCHOOL
PS1304035,LWANHIMA PRIMARY SCHOOL
PS1304037,MABATINI B PRIMARY SCHOOL
PS1304036,MABATINI PRIMARY SCHOOL
PS1304038,MAENDELEO PRIMARY SCHOOL
PS1304107,MAGDALENA WA KANOSA PRIMARY SCHOOL
PS1304039,MAHAWA INDEPENDENT PRIMARY SCHOOL
PS1304040,MAHINA A PRIMARY SCHOOL
PS1304163,MAJENGO PRIMARY SCHOOL
PS1304041,MAKONGORO PRIMARY SCHOOL
PS1304043,MALULU PRIMARY SCHOOL
PS1304044,MANDELA PRIMARY SCHOOL
PS1304046,MESSA PRIMARY SCHOOL
PS1304048,MHANDU D PRIMARY SCHOOL
PS1304047,MHANDU PRIMARY SCHOOL
PS1304049,MIEMBENI PRIMARY SCHOOL
PS1304137,MILLENNIUM PRIMARY SCHOOL
PS1304050,MIRONGO PRIMARY SCHOOL
PS1304051,MKOLANI PRIMARY SCHOOL
PS1304053,MKUYUNI B PRIMARY SCHOOL
PS1304054,MKUYUNI C PRIMARY SCHOOL
PS1304052,MKUYUNI PRIMARY SCHOOL
PS1304055,MLIMANI PRIMARY SCHOOL
PS1304056,MONGELA PRIMARY SCHOOL
PS1304057,MORINGE PRIMARY SCHOOL
PS1304152,MUGALA ELITE PRIMARY SCHOOL
PS1304130,MUJUNI PRIMARY SCHOOL
PS1304105,MUMTAAZ PRIMARY SCHOOL
PS1304113,MWANANCHI PRIMARY SCHOOL
PS1304058,MZIGU PRIMARY SCHOOL
PS1304122,NADHIR PRIMARY SCHOOL
PS1304059,NELIS PRIMARY SCHOOL
PS1304097,NEW ALLIANCE PRIMARY SCHOOL
PS1304161,NG'WANG'HALANGA PRIMARY SCHOOL
PS1304060,NYABULOGOYA PRIMARY SCHOOL
PS1304062,NYAKABUNGO B PRIMARY SCHOOL
PS1304063,NYAKABUNGO C PRIMARY SCHOOL
PS1304061,NYAKABUNGO PRIMARY SCHOOL
PS1304064,NYAKAHOJA PRIMARY SCHOOL
PS1304066,NYAKATO B PRIMARY SCHOOL
PS1304067,NYAKATO C PRIMARY SCHOOL
PS1304065,NYAKATO PRIMARY SCHOOL
PS1304068,NYAKURUNDUMA PRIMARY SCHOOL
PS1304070,NYAMAGANA B PRIMARY SCHOOL
PS1304069,NYAMAGANA PRIMARY SCHOOL
PS1304071,NYAMALANGO PRIMARY SCHOOL
PS1304072,NYANGULUGULU PRIMARY SCHOOL
PS1304074,NYANZA B PRIMARY SCHOOL
PS1304075,NYANZA C PRIMARY SCHOOL
PS1304076,NYASHANA PRIMARY SCHOOL
PS1304077,NYASUBI PRIMARY SCHOOL
PS1304078,NYEGEZI PRIMARY SCHOOL
PS1304079,NYERERE PRIMARY SCHOOL
PS1304081,PAMBA B PRIMARY SCHOOL
PS1304082,PAMBA C PRIMARY SCHOOL
PS1304080,PAMBA PRIMARY SCHOOL
PS1304117,PRECIOUS HOPE PRIMARY SCHOOL
PS1304123,QUMRAN PRIMARY SCHOOL
PS1304119,REHOBOTH PRIMARY SCHOOL
PS1304158,ROCKMAN PRIMARY SCHOOL
PS1304153,ROCKS HILL JUNIOR PRIMARY SCHOOL
PS1304110,RODAN PRIMARY SCHOOL
PS1304083,SAHARA PRIMARY SCHOOL
PS1304084,SAHWA PRIMARY SCHOOL
PS1304139,SALMA PRIMARY SCHOOL
PS1304114,SAMIA PRIMARY SCHOOL
PS1304148,SANTA EDWIN PRIMARY SCHOOL
PS1304086,SHAMALIWA A PRIMARY SCHOOL
PS1304128,SHEKINAH PRIMARY SCHOOL
PS1304087,SHIGUNGA PRIMARY SCHOOL
PS1304088,SOKOINE PRIMARY SCHOOL
PS1304144,ST THERESE PRIMARY SCHOOL
PS1304099,STEPPING PRIMARY SCHOOL
PS1304090,SWEYA PRIMARY SCHOOL
PS1304162,SWILA PRIMARY SCHOOL
PS1304091,TAMBUKARELI PRIMARY SCHOOL
PS1304092,TWITANGE PRIMARY SCHOOL
PS1304115,UHURU PRIMARY SCHOOL
PS1304093,UPENDO PRIMARY SCHOOL
PS1304140,VICTORIA HOPE PRIMARY SCHOOL
PS1304102,VIKTORIA PRIMARY SCHOOL
PS1304109,VILLAGE OF HOPE PRIMARY SCHOOL
PS1304132,ZAYUNI PRIMARY SCHOOL
PS1304135,ZIWANI ACADEMY PRIMARY SCHOOL
PS1306116,BALATOGWA PRIMARY SCHOOL
PS1306005,BITOTO PRIMARY SCHOOL
PS1306004,BUGALAMA PRIMARY SCHOOL
PS1306158,BUGUMBIKISO PRIMARY SCHOOL
PS1306144,BUKALA PRIMARY SCHOOL
PS1306135,BULUNGA PRIMARY SCHOOL
PS1306196,BULYANGELE PRIMARY SCHOOL
PS1306131,BUNDALA PRIMARY SCHOOL
PS1306133,BUNGONYA PRIMARY SCHOOL
PS1306011,BUSISI PRIMARY SCHOOL
PS1306125,BUSULWANGIRI PRIMARY SCHOOL
PS1306119,BUTONGA PRIMARY SCHOOL
PS1306013,BUYAGU PRIMARY SCHOOL
PS1306014,BUZILASOGA PRIMARY SCHOOL
PS1306015,CHAMABANDA PRIMARY SCHOOL
PS1306016,CHIFUNFU PRIMARY SCHOOL
PS1306017,CHIKOMELO PRIMARY SCHOOL
PS1306195,EDINA PRIMARY SCHOOL
PS1306191,ESBEL PRIMARY SCHOOL
PS1306151,IBISABAGENI PRIMARY SCHOOL
PS1306113,IBONDO PRIMARY SCHOOL
PS1306018,IGAKA PRIMARY SCHOOL
PS1306019,IGALAGALILO PRIMARY SCHOOL
PS1306020,IGALULA PRIMARY SCHOOL
PS1306149,IGOGO PRIMARY SCHOOL
PS1306021,IGULUMUKI PRIMARY SCHOOL
PS1306023,IJINGA PRIMARY SCHOOL
PS1306024,IKONI PRIMARY SCHOOL
PS1306025,ILEKANILO PRIMARY SCHOOL
PS1306028,IPANDIKILO PRIMARY SCHOOL
PS1306030,IRUNDA PRIMARY SCHOOL
PS1306197,ISAMILO PRIMARY SCHOOL
PS1306175,ISEBYA PRIMARY SCHOOL
PS1306118,ISHISHANG'HOLO PRIMARY SCHOOL
PS1306034,ISOLE PRIMARY SCHOOL
PS1306035,ISOME PRIMARY SCHOOL
PS1306117,ISUNGANG'HOLO PRIMARY SCHOOL
PS1306141,IYOGELO PRIMARY SCHOOL
PS1306038,JUMAKISIWANI PRIMARY SCHOOL
PS1306136,KACHUHO PRIMARY SCHOOL
PS1306142,KAFUNDIKILE PRIMARY SCHOOL
PS1306041,KAGUNGA PRIMARY SCHOOL
PS1306042,KAHUMULO PRIMARY SCHOOL
PS1306045,KALANGALALA PRIMARY SCHOOL
PS1306047,KAMANGA PRIMARY SCHOOL
PS1306134,KANG'WASHI PRIMARY SCHOOL
PS1306130,KANINGU PRIMARY SCHOOL
PS1306050,KANYELELE PRIMARY SCHOOL
PS1306051,KARUMO PRIMARY SCHOOL
PS1306052,KASENYI PRIMARY SCHOOL
PS1306179,KASHINDAGA PRIMARY SCHOOL
PS1306055,KASOMEKO PRIMARY SCHOOL
PS1306056,KASUNGAMILE PRIMARY SCHOOL
PS1306057,KATUNGURU PRIMARY SCHOOL
PS1306137,KAWEKAMO PRIMARY SCHOOL
PS1306198,KIJIWENI PRIMARY SCHOOL
PS1306061,KIJUKA PRIMARY SCHOOL
PS1306146,KILABELA PRIMARY SCHOOL
PS1306189,KIMAKA PRIMARY SCHOOL
PS1306063,KISHINDA PRIMARY SCHOOL
PS1306129,KIZUGWANGOMA PRIMARY SCHOOL
PS1306132,LUBANDA PRIMARY SCHOOL
PS1306064,LUBUNGO PRIMARY SCHOOL
PS1306067,LUGONGO PRIMARY SCHOOL
PS1306071,LUKUMBI PRIMARY SCHOOL
PS1306167,LUSESE PRIMARY SCHOOL
PS1306074,LWENGE PRIMARY SCHOOL
PS1306076,MAMI PRIMARY SCHOOL
PS1306199,MATWIGA PRIMARY SCHOOL
PS1306124,MAYUYA PRIMARY SCHOOL
PS1306078,MKOMBA PRIMARY SCHOOL
PS1306200,MLIMANI PRIMARY SCHOOL
PS1306188,MNADANI PRIMARY SCHOOL
PS1306180,MTAKUJA PRIMARY SCHOOL
PS1306079,MULAGA PRIMARY SCHOOL
PS1306122,MWABALUHI PRIMARY SCHOOL
PS1306080,MWALIGA PRIMARY SCHOOL
PS1306114,MWELI PRIMARY SCHOOL
PS1306082,NGOMA PRIMARY SCHOOL
PS1306171,NKUMBA PRIMARY SCHOOL
PS1306084,NYAKAHAKO PRIMARY SCHOOL
PS1306161,NYALUBANGA PRIMARY SCHOOL
PS1306088,NYALWAMBU PRIMARY SCHOOL
PS1306090,NYAMAHONA PRIMARY SCHOOL
PS1306185,NYAMALUNDA PRIMARY SCHOOL
PS1306091,NYAMASALE PRIMARY SCHOOL
PS1306092,NYAMATONGO PRIMARY SCHOOL
PS1306093,NYAMAZUGO PRIMARY SCHOOL
PS1306123,NYAMILILO PRIMARY SCHOOL
PS1306120,NYAMIZEZE PRIMARY SCHOOL
PS1306096,NYAMPANDE PRIMARY SCHOOL
PS1306150,NYAMPULUKANO PRIMARY SCHOOL
PS1306097,NYAMTELELA PRIMARY SCHOOL
PS1306099,NYANCHENCHE PRIMARY SCHOOL
PS1306100,NYANTAKUBWA PRIMARY SCHOOL
PS1306102,NYANZUMULA PRIMARY SCHOOL
PS1306103,NYASENGA PRIMARY SCHOOL
PS1306138,NYASHIMBA PRIMARY SCHOOL
PS1306106,NYITUNDU PRIMARY SCHOOL
PS1306112,PAMBALU PRIMARY SCHOOL
PS1306184,SAYUNI PRIMARY SCHOOL
PS1306145,SENGEREMA MUSLIM PRIMARY SCHOOL
PS1306115,SENGEREMA PRIMARY SCHOOL
PS1306174,SIGU PRIMARY SCHOOL
PS1306107,SIMA PRIMARY SCHOOL
PS1306108,SOGOSO PRIMARY SCHOOL
PS1306109,SOTTA PRIMARY SCHOOL
PS1306143,ST CAROLI PRIMARY SCHOOL
PS1306121,TABARUKA PRIMARY SCHOOL
PS1306111,TUNYENYE PRIMARY SCHOOL
PS1306192,VEMA PRIMARY SCHOOL
PS1306190,ZABURI PRIMARY SCHOOL
PS1307136,BITUROMANUMBU PRIMARY SCHOOL
PS1307001,BUGARAMILA PRIMARY SCHOOL
PS1307003,BUGOMBE PRIMARY SCHOOL
PS1307002,BUGOROLA PRIMARY SCHOOL
PS1307004,BUGULA PRIMARY SCHOOL
PS1307005,BUGUZA PRIMARY SCHOOL
PS1307006,BUHIMA PRIMARY SCHOOL
PS1307007,BUKIKO PRIMARY SCHOOL
PS1307008,BUKINDO PRIMARY SCHOOL
PS1307009,BUKONDO PRIMARY SCHOOL
PS1307010,BUKONGO PRIMARY SCHOOL
PS1307011,BUKONYO PRIMARY SCHOOL
PS1307012,BUKUNGU PRIMARY SCHOOL
PS1307015,BULAMBA PRIMARY SCHOOL
PS1307108,BULUBI PRIMARY SCHOOL
PS1307122,BULUZA PRIMARY SCHOOL
PS1307013,BUSAGAMI PRIMARY SCHOOL
PS1307014,BUSANGU PRIMARY SCHOOL
PS1307016,BUSIRI PRIMARY SCHOOL
PS1307081,BUSUMBA PRIMARY SCHOOL
PS1307017,BUSUNDA PRIMARY SCHOOL
PS1307018,BUTIRITI PRIMARY SCHOOL
PS1307019,BUZEGWE PRIMARY SCHOOL
PS1307020,BWASA PRIMARY SCHOOL
PS1307021,BWIRO PRIMARY SCHOOL
PS1307082,BWIRU PRIMARY SCHOOL
PS1307118,BWISYA PRIMARY SCHOOL
PS1307129,CELESTINE KASISI PRIMARY SCHOOL
PS1307022,CHABILUNGO PRIMARY SCHOOL
PS1307105,CHAMATULI PRIMARY SCHOOL
PS1307023,CHAMUHUNDA PRIMARY SCHOOL
PS1307024,CHANKAMBA PRIMARY SCHOOL
PS1307025,CHIFULE PRIMARY SCHOOL
PS1307026,GALLU PRIMARY SCHOOL
PS1307109,GANA PRIMARY SCHOOL
PS1307128,GETRUDE MONGELA PRIMARY SCHOOL
PS1307027,HALWEGO PRIMARY SCHOOL
PS1307028,HAMUKOKO PRIMARY SCHOOL
PS1307029,HAMUYEBE PRIMARY SCHOOL
PS1307103,HAMUZILO PRIMARY SCHOOL
PS1307083,HANDEBEZYO PRIMARY SCHOOL
PS1307084,HAPEMBE PRIMARY SCHOOL
PS1307031,IGALLA PRIMARY SCHOOL
PS1307032,IGONGO PRIMARY SCHOOL
PS1307030,IHEBO PRIMARY SCHOOL
PS1307111,ILANGALA PRIMARY SCHOOL
PS1307034,IRUGWA PRIMARY SCHOOL
PS1307085,ISISI PRIMARY SCHOOL
PS1307033,ITIRA PRIMARY SCHOOL
PS1307086,KABINGO PRIMARY SCHOOL
PS1307035,KAGERA PRIMARY SCHOOL
PS1307036,KAGUNGULI PRIMARY SCHOOL
PS1307037,KAHALA PRIMARY SCHOOL
PS1307038,KAHAMA PRIMARY SCHOOL
PS1307120,KAKEREGE PRIMARY SCHOOL
PS1307119,KALENDELO PRIMARY SCHOOL
PS1307039,KAMASI PRIMARY SCHOOL
PS1307040,KAMEYA PRIMARY SCHOOL
PS1307041,KASENI PRIMARY SCHOOL
PS1307042,KATENDE PRIMARY SCHOOL
PS1307043,KAZILANKANDA PRIMARY SCHOOL
PS1307044,KIGARA PRIMARY SCHOOL
PS1307137,KILIMABUYE PRIMARY SCHOOL
PS1307087,KILONGO PRIMARY SCHOOL
PS1307045,KITANGA PRIMARY SCHOOL
PS1307046,KITANGAZA PRIMARY SCHOOL
PS1307138,KIVUKONI PRIMARY SCHOOL
PS1307047,KOME PRIMARY SCHOOL
PS1307112,KULAZU PRIMARY SCHOOL
PS1307048,KULUTARE PRIMARY SCHOOL
PS1307088,KUMAMBE PRIMARY SCHOOL
PS1307049,KWERU PRIMARY SCHOOL
PS1307050,LUTARE PRIMARY SCHOOL
PS1307134,LYAMWENGE PRIMARY SCHOOL
PS1307135,LYEGOBA PRIMARY SCHOOL
PS1307051,MAHANDE PRIMARY SCHOOL
PS1307052,MALEGEA PRIMARY SCHOOL
PS1307116,MANDELA PRIMARY SCHOOL
PS1307053,MASONGA PRIMARY SCHOOL
PS1307054,MIBUNGO PRIMARY SCHOOL
PS1307089,MITIMIREFU PRIMARY SCHOOL
PS1307100,MSEKWA PRIMARY SCHOOL
PS1307114,MTONI PRIMARY SCHOOL
PS1307055,MUBULE PRIMARY SCHOOL
PS1307107,MUGU PRIMARY SCHOOL
PS1307056,MUHANDE PRIMARY SCHOOL
PS1307057,MUHOZYA PRIMARY SCHOOL
PS1307058,MUHULA PRIMARY SCHOOL
PS1307059,MUKASIKA PRIMARY SCHOOL
PS1307060,MUKUNU PRIMARY SCHOOL
PS1307101,MULEZI PRIMARY SCHOOL
PS1307090,MULUBUMBA PRIMARY SCHOOL
PS1307061,MULUSENI PRIMARY SCHOOL
PS1307062,MURITI PRIMARY SCHOOL
PS1307063,MURUNAZI PRIMARY SCHOOL
PS1307091,MURUNSULI PRIMARY SCHOOL
PS1307064,MURUTANGA PRIMARY SCHOOL
PS1307065,MURUTILIMA PRIMARY SCHOOL
PS1307066,MURUTUNGURU PRIMARY SCHOOL
PS1307067,MUSOZI PRIMARY SCHOOL
PS1307092,MWENGE PRIMARY SCHOOL
PS1307131,MWIBOMA PRIMARY SCHOOL
PS1307104,MWIGOYE PRIMARY SCHOOL
PS1307106,MWITONGO PRIMARY SCHOOL
PS1307117,MWONGOZO PRIMARY SCHOOL
PS1307068,NABWEKO PRIMARY SCHOOL
PS1307069,NAKAMWA PRIMARY SCHOOL
PS1307070,NAKASAHENGE PRIMARY SCHOOL
PS1307071,NAKATUNGURU PRIMARY SCHOOL
PS1307093,NAKISILILA PRIMARY SCHOOL
PS1307094,NAKOZA PRIMARY SCHOOL
PS1307072,NAMAGAMBA PRIMARY SCHOOL
PS1307095,NAMAGONDO PRIMARY SCHOOL
PS1307096,NAMAGUBO PRIMARY SCHOOL
PS1307110,NAMAKWEKWE PRIMARY SCHOOL
PS1307073,NAMASABO PRIMARY SCHOOL
PS1307123,NAMPISI PRIMARY SCHOOL
PS1307074,NANSIO PRIMARY SCHOOL
PS1307075,NANSOLE PRIMARY SCHOOL
PS1307076,NANTARE PRIMARY SCHOOL
PS1307097,NEBUYE PRIMARY SCHOOL
PS1307102,NEGOMA PRIMARY SCHOOL
PS1307077,NKILIZYA PRIMARY SCHOOL
PS1307098,NSENGA PRIMARY SCHOOL
PS1307124,NYAMANGA PRIMARY SCHOOL
PS1307078,NYANG'OMBE PRIMARY SCHOOL
PS1307115,NYERERE PRIMARY SCHOOL
PS1307113,NZAGWA PRIMARY SCHOOL
PS1307079,RUBYA PRIMARY SCHOOL
PS1307080,SIZU PRIMARY SCHOOL
PS1307099,UHURU PRIMARY SCHOOL
PS1401096,AIMEE PIGNOLET PRIMARY SCHOOL
PS1401120,APOSTLE PAUL PRIMARY SCHOOL
PS1401003,BAOBAB PRIMARY SCHOOL
PS1401002,BESSONE PRIMARY SCHOOL
PS1401082,BIGILO PRIMARY SCHOOL
PS1401025,BRIGHTHOUSE PRIMARY SCHOOL
PS1401001,BUMA PRIMARY SCHOOL
PS1401125,CELESTIAL PRIMARY SCHOOL
PS1401098,CENTRAL PRIMARY SCHOOL
PS1401100,DANIEL BOUJOU PRIMARY SCHOOL
PS1401008,FUKAYOSI PRIMARY SCHOOL
PS1401006,GEFC PRIMARY SCHOOL
PS1401007,HILL PARK PRE NA PRIMARY SCHOOL
PS1401015,JAYANTILAL LADWA PRIMARY SCHOOL
PS1401116,JITEGEMEE PRIMARY SCHOOL
PS1401141,JOYFUL PRIMARY SCHOOL
PS1401019,KALABO SENIOR PRIMARY SCHOOL
PS1401010,KAOLE PRIMARY SCHOOL
PS1401011,KEREGE PRIMARY SCHOOL
PS1401083,KIDOMOLE PRIMARY SCHOOL
PS1401103,KIDONGOCHEKUNDU PRIMARY SCHOOL
PS1401126,KIEMBENI PRIMARY SCHOOL
PS1401021,KIFUDE PRIMARY SCHOOL
PS1401122,KIHARAKA PRIMARY SCHOOL
PS1401004,KIMELE PRIMARY SCHOOL
PS1401020,KIROMO PRIMARY SCHOOL
PS1401104,KITAME PRIMARY SCHOOL
PS1401023,KIZUIANI PRIMARY SCHOOL
PS1401099,KONDO PRIMARY SCHOOL
PS1401024,KONGO PRIMARY SCHOOL
PS1401146,LORENZO PRIMARY SCHOOL
PS1401035,MAJENGO PRIMARY SCHOOL
PS1401040,MAPINGA PRIMARY SCHOOL
PS1401138,MARGERYKUHN PRIMARY SCHOOL
PS1401101,MARIAN PRIMARY SCHOOL
PS1401088,MATAYA PRIMARY SCHOOL
PS1401139,MAZZOLDI PRIMARY SCHOOL
PS1401105,MBARUKU PRIMARY SCHOOL
PS1401090,MBEGANI PRIMARY SCHOOL
PS1401048,MIEMBESABA PRIMARY SCHOOL
PS1401055,MKENGE PRIMARY SCHOOL
PS1401097,MLINGOTINI KIDZ CARE PRIMARY SCHOOL
PS1401056,MLINGOTINI PRIMARY SCHOOL
PS1401005,MSHIKAMANO PRIMARY SCHOOL
PS1401136,MTAKUJA PRIMARY SCHOOL
PS1401062,MTAMBANI PRIMARY SCHOOL
PS1401016,MTONI PRIMARY SCHOOL
PS1401064,MWAMBAO PRIMARY SCHOOL
PS1401065,MWANAMAKUKA PRIMARY SCHOOL
PS1401066,MWAVI PRIMARY SCHOOL
PS1401068,NIANJEMA PRIMARY SCHOOL
PS1401069,PANDE PRIMARY SCHOOL
PS1401091,PREMIER PRIMARY SCHOOL
PS1401018,QUEEN OF ANGELS PRIMARY SCHOOL
PS1401140,ROYAL PRIMARY SCHOOL
PS1401012,SHUKURU KAWAMBWA PRIMARY SCHOOL
PS1401118,SIRAJUL MUNIR PRIMARY SCHOOL
PS1401095,ST. SCHOLASTICA PRIMARY SCHOOL
PS1401092,STEVEN TITO ACADEMY PRIMARY SCHOOL
PS1401009,TUMAINI PRIMARY SCHOOL
PS1401137,UKUNI PRIMARY SCHOOL
PS1401013,UPENDO PRIMARY SCHOOL
PS1401014,VICTORIA PRIMARY SCHOOL
PS1401080,YOMBO PRIMARY SCHOOL
PS1401081,ZINGA PRIMARY SCHOOL
PS1408001,AMANI VODA PRIMARY SCHOOL
PS1408113,APOSTLES INCLUSIVE PRIMARY SCHOOL
PS1408002,BAGO PRIMARY SCHOOL
PS1408112,BERACHAH PRIMARY SCHOOL
PS1408003,BOMANI PRIMARY SCHOOL
PS1408004,BUYUNI PRIMARY SCHOOL
PS1408115,BWAWANI PRIMARY SCHOOL
PS1408005,BWILINGU A PRIMARY SCHOOL
PS1408006,BWILINGU B PRIMARY SCHOOL
PS1408007,CHAHUA PRIMARY SCHOOL
PS1408008,CHALINZE PRIMARY SCHOOL
PS1408010,CHALINZEMZEE PRIMARY SCHOOL
PS1408011,CHAMAKWEZA PRIMARY SCHOOL
PS1408116,CHANGA PRIMARY SCHOOL
PS1408012,CHANGALIKWA PRIMARY SCHOOL
PS1408114,EXCELLENCE PRIMARY SCHOOL
PS1408119,FREEDOM NURSARY AND PRIMARY SCHOOL
PS1408013,GONGO PRIMARY SCHOOL
PS1408014,HAPPYBRICKS LUKWAMBE PRIMARY SCHOOL
PS1408015,HONDOGO PRIMARY SCHOOL
PS1408016,HONEST PRIMARY SCHOOL
PS1408017,JAVA PRIMARY SCHOOL
PS1408018,KIBADAGWE PRIMARY SCHOOL
PS1408019,KIBIKI PRIMARY SCHOOL
PS1408020,KIBINDU PRIMARY SCHOOL
PS1408021,KIDOGOZERO PRIMARY SCHOOL
PS1408022,KIFULETA PRIMARY SCHOOL
PS1408023,KIHANGAIKO PRIMARY SCHOOL
PS1408024,KIKARO PRIMARY SCHOOL
PS1408025,KIKWAZU PRIMARY SCHOOL
PS1408026,KILEMERA PRIMARY SCHOOL
PS1408027,KIMANGE PRIMARY SCHOOL
PS1408028,KINZAGU PRIMARY SCHOOL
PS1408029,KISAMBI PRIMARY SCHOOL
PS1408030,KISANGA PRIMARY SCHOOL
PS1408031,KITONGA PRIMARY SCHOOL
PS1408032,KIWANGWA PRIMARY SCHOOL
PS1408117,KOMKOMBA PRIMARY SCHOOL
PS1408033,KUNDUCHI POZO PRIMARY SCHOOL
PS1408034,KWAKONJE PRIMARY SCHOOL
PS1408035,KWAMDUMA PRIMARY SCHOOL
PS1408036,KWAMSANJA PRIMARY SCHOOL
PS1408037,KWANG'ANDU PRIMARY SCHOOL
PS1408038,KWARUHOMBO PRIMARY SCHOOL
PS1408039,KWAWEMA PRIMARY SCHOOL
PS1408040,KWAZOKA PRIMARY SCHOOL
PS1408041,KWEIKONJE PRIMARY SCHOOL
PS1408042,KWIFUNGO PRIMARY SCHOOL
PS1408043,LUBAYA PRIMARY SCHOOL
PS1408044,LUDIGA PRIMARY SCHOOL
PS1408045,LUGOBA PRIMARY SCHOOL
PS1408046,LULENGE PRIMARY SCHOOL
PS1408047,LUNGA PRIMARY SCHOOL
PS1408048,MACHALA PRIMARY SCHOOL
PS1408049,MADESA PRIMARY SCHOOL
PS1408050,MAGOGONI PRIMARY SCHOOL
PS1408051,MAGOME PRIMARY SCHOOL
PS1408052,MAKOLE PRIMARY SCHOOL
PS1408053,MAKOMBE PRIMARY SCHOOL
PS1408054,MALIVUNDO PRIMARY SCHOOL
PS1408055,MALUWI PRIMARY SCHOOL
PS1408056,MANDAMAZINGARA PRIMARY SCHOOL
PS1408057,MANDERA PRIMARY SCHOOL
PS1408058,MASIMBANI PRIMARY SCHOOL
PS1408059,MASUGURU PRIMARY SCHOOL
PS1408060,MATIPWILI PRIMARY SCHOOL
PS1408061,MATULI PRIMARY SCHOOL
PS1408062,MAZIZI PRIMARY SCHOOL
PS1408063,MBALA PRIMARY SCHOOL
PS1408064,MBOGA PRIMARY SCHOOL
PS1408065,MBUYU PRIMARY SCHOOL
PS1408066,MBWEWE PRIMARY SCHOOL
PS1408067,MDAULA  PRIMARY SCHOOL
PS1408068,MDAULA B PRIMARY SCHOOL
PS1408069,MGOGODO PRIMARY SCHOOL
PS1408070,MIHUGA PRIMARY SCHOOL
PS1408071,MILO PRIMARY SCHOOL
PS1408072,MINDUKENE PRIMARY SCHOOL
PS1408073,MINDUTULIENI PRIMARY SCHOOL
PS1408074,MIONO PRIMARY SCHOOL
PS1408075,MISANI PRIMARY SCHOOL
PS1408076,MISUFINI PRIMARY SCHOOL
PS1408077,MJEMBE PRIMARY SCHOOL
PS1408078,MKANGE PRIMARY SCHOOL
PS1408079,MKOKO PRIMARY SCHOOL
PS1408080,MNINDI PRIMARY SCHOOL
PS1408081,MPAJI PRIMARY SCHOOL
PS1408082,MSANGA PRIMARY SCHOOL
PS1408083,MSATA PRIMARY SCHOOL
PS1408084,MSIGI PRIMARY SCHOOL
PS1408124,MSILALE PRIMARY SCHOOL
PS1408085,MSINUNE PRIMARY SCHOOL
PS1408086,MSOGA PRIMARY SCHOOL
PS1408087,MSOLWA PRIMARY SCHOOL
PS1408089,MUUNGANO PRIMARY SCHOOL
PS1408090,MWETEMO PRIMARY SCHOOL
PS1408091,NDOSSAM PRIMARY SCHOOL
PS1408092,PAKISTAN MTETE PRIMARY SCHOOL
PS1408093,PERA PRIMARY SCHOOL
PS1408094,PINGO PRIMARY SCHOOL
PS1408095,PONGWEKIONA PRIMARY SCHOOL
PS1408096,PONGWEMNAZI PRIMARY SCHOOL
PS1408097,PONGWEMSUNGURA PRIMARY SCHOOL
PS1408121,RIDHIWANI JAKAYA KIKWETE PRIMARY SCHOOL
PS1408098,RUVUDARAJANI PRIMARY SCHOOL
PS1408099,SAADANI PRIMARY SCHOOL
PS1408101,SALENI PRIMARY SCHOOL
PS1408102,SIRAJUL MUNIR KIWANGWA PRIMARY SCHOOL
PS1408103,SOFU PRIMARY SCHOOL
PS1408104,ST. ALPHONSA PRIMARY SCHOOL
PS1408105,TALAWANDA PRIMARY SCHOOL
PS1408125,THE QUEEN PRIMARY SCHOOL
PS1408118,TOBOLA PRIMARY SCHOOL
PS1408106,TUKAMISASA PRIMARY SCHOOL
PS1408107,UBENARANCHI PRIMARY SCHOOL
PS1408108,UBENAZOMOZI PRIMARY SCHOOL
PS1408109,VIGWAZA PRIMARY SCHOOL
PS1408122,VISANGALAMBWE PRIMARY SCHOOL
PS1408110,VISEZI PRIMARY SCHOOL
PS1408111,VUNDUMU PRIMARY SCHOOL
PS1402047,AZIMIO PRIMARY SCHOOL
PS1402001,BOKOMNEMELA PRIMARY SCHOOL
PS1402074,BRIGHTDAY   PRIMARY SCHOOL
PS1402062,COASTLAND PRIMARY SCHOOL
PS1402042,DISUNYARA PRIMARY SCHOOL
PS1402003,DUTUMI PRIMARY SCHOOL
PS1402065,FAHAMS PRIMARY SCHOOL
PS1402004,GUMBA PRIMARY SCHOOL
PS1402005,GWATA PRIMARY SCHOOL
PS1402048,JAMHURI PRIMARY SCHOOL
PS1402053,KAWAWA PRIMARY SCHOOL
PS1402050,KILANGALANGA PRIMARY SCHOOL
PS1402063,KIMALAMISALE PRIMARY SCHOOL
PS1402044,KIPANGEGE PRIMARY SCHOOL
PS1402007,KITOMONDO PRIMARY SCHOOL
PS1402009,LUKENGE PRIMARY SCHOOL
PS1402010,LUPUNGA PRIMARY SCHOOL
PS1402057,MADEGE PRIMARY SCHOOL
PS1402011,MAGINDU PRIMARY SCHOOL
PS1402012,MAHUNDI PRIMARY SCHOOL
PS1402051,MAPINDUZI PRIMARY SCHOOL
PS1402016,MISUFINI PRIMARY SCHOOL
PS1402055,MIYOMBO PRIMARY SCHOOL
PS1402069,MKOMBOZI  PRIMARY SCHOOL
PS1402019,MLANDIZI PRIMARY SCHOOL
PS1402049,MPERAMUMBI PRIMARY SCHOOL
PS1402022,MPIJI PRIMARY SCHOOL
PS1402045,MSONGOLA PRIMARY SCHOOL
PS1402024,MSUA PRIMARY SCHOOL
PS1402025,MTONGANI PRIMARY SCHOOL
PS1402052,MUUNGANO PRIMARY SCHOOL
PS1402073,MWAKAMO PRIMARY SCHOOL
PS1402026,MWANABWITO PRIMARY SCHOOL
PS1402072,MWEMBENGOZI PRIMARY SCHOOL
PS1402028,NGETA PRIMARY SCHOOL
PS1402056,NGWALE PRIMARY SCHOOL
PS1402070,NURAIN MLANDIZI ISLAMIC PRIMARY SCHOOL
PS1402030,RUVU PRIMARY SCHOOL
PS1402046,RUVU-J.K.T. PRIMARY SCHOOL
PS1402031,SOGA PRIMARY SCHOOL
PS1402066,SONLIFE PRIMARY SCHOOL
PS1402058,ST. ANTHONY OF PADUA PRIMARY SCHOOL
PS1402067,TRAUTE STUDE PRIMARY SCHOOL
PS1402033,TUMAINI PRIMARY SCHOOL
PS1402059,UHURU PRIMARY SCHOOL
PS1402054,UMOJA PRIMARY SCHOOL
PS1402061,UNITY FOUNDATION PRIMARY SCHOOL
PS1402060,VICTORY PRIMARY SCHOOL
PS1402064,VIJALIWA VINGI PRIMARY SCHOOL
PS1402037,VIKUGE PRIMARY SCHOOL
PS1402038,VIKURUTI PRIMARY SCHOOL
PS1407053,AL-FURQAAN TANITA ISLAMIC PRIMARY SCHOOL
PS1407088,AMANI PRIMARY SCHOOL
PS1407051,BAHABENA PRIMARY SCHOOL
PS1407049,BAMBA PRIMARY SCHOOL
PS1407001,BOKOTIMIZA PRIMARY SCHOOL
PS1407087,BRIGHT PRIMARY SCHOOL
PS1407046,BUNGO PRIMARY SCHOOL
PS1407065,CARE PRIMARY SCHOOL
PS1407054,CARISA PRIMARY SCHOOL
PS1407080,DR. WILFRED PRIMARY SCHOOL
PS1407014,FABCAST PRIMARY SCHOOL
PS1407040,FILBERT BAYI   PRIMARY SCHOOL
PS1407042,FRANSALIAN MISSION PRIMARY SCHOOL
PS1407038,GALAGAZA PRIMARY SCHOOL
PS1407057,GILI PRIMARY SCHOOL
PS1407022,JITEGEMEE PRIMARY SCHOOL
PS1407023,JITIHADA PRIMARY SCHOOL
PS1407024,JUHUDI PRIMARY SCHOOL
PS1407025,KAMBARAGE PRIMARY SCHOOL
PS1407089,KANESA PRIMARY SCHOOL
PS1407108,KARATA FOUNDATION PRIMARY SCHOOL
PS1407064,KIBAHA INDEPENDENT ANNEX PRIMARY SCHOOL
PS1407081,KIBAHA INDEPENDENT MSANGANI PRIMARY SCHOOL
PS1407031,KIBAHA INDEPENDENT PRIMARY SCHOOL
PS1407097,KIBAHA MPAKANI PRIMARY SCHOOL
PS1407002,KIBAHA PRIMARY SCHOOL
PS1407044,KIDENGE PRIMARY SCHOOL
PS1407036,KIDIMU PRIMARY SCHOOL
PS1407032,KONGOWE ADVENTIST PRIMARY SCHOOL
PS1407003,KONGOWE PRIMARY SCHOOL
PS1407055,KRATOS PRIMARY SCHOOL
PS1407028,KUMBA PRIMARY SCHOOL
PS1407033,LULANZI PRIMARY SCHOOL
PS1407047,LUMUMBA PRIMARY SCHOOL
PS1407067,MADINA PRIMARY SCHOOL
PS1407034,MAENDELEO PRIMARY SCHOOL
PS1407045,MAILI 35 PRIMARY SCHOOL
PS1407004,MAILIMOJA PRIMARY SCHOOL
PS1407029,MAMLAKA PRIMARY SCHOOL
PS1407072,MAONWA PRIMARY SCHOOL
PS1407074,MAXWELL PRIMARY SCHOOL
PS1407005,MBWAWA PRIMARY SCHOOL
PS1407061,MEFI PRIMARY SCHOOL
PS1407006,MIEMBESABA PRIMARY SCHOOL
PS1407056,MIKONGENI PRIMARY SCHOOL
PS1407007,MISUGUSUGU PRIMARY SCHOOL
PS1407008,MISWE PRIMARY SCHOOL
PS1407009,MKOANI PRIMARY SCHOOL
PS1407010,MKUZA PRIMARY SCHOOL
PS1407078,MONT CAREEN PRIMARY SCHOOL
PS1407011,MSANGANI PRIMARY SCHOOL
PS1407041,MT ARARAT PRIMARY SCHOOL
PS1407069,MUHEZA PRIMARY SCHOOL
PS1407048,MUUNGANO PRIMARY SCHOOL
PS1407026,MWAMBISI PRIMARY SCHOOL
PS1407030,MWANALUGALI PRIMARY SCHOOL
PS1407012,MWENDAPOLE PRIMARY SCHOOL
PS1407043,NEW VERSION PRIMARY SCHOOL
PS1407021,NYUMBU PRIMARY SCHOOL
PS1407062,OBEDIENCE PRIMARY SCHOOL
PS1407013,PANGANI PRIMARY SCHOOL
PS1407050,QUNU PRIMARY SCHOOL
PS1407066,REMNANT PRIMARY SCHOOL
PS1407073,SOFU PRIMARY SCHOOL
PS1407059,SR.PAULIN BOMMER PRIMARY SCHOOL
PS1407060,ST. MARIA DE MATTIAS PRIMARY SCHOOL
PS1407035,STJOHN BOSCO PRIMARY SCHOOL
PS1407027,TANDAU PRIMARY SCHOOL
PS1407052,TREASURE PRIMARY SCHOOL
PS1407015,TUMBI PRIMARY SCHOOL
PS1407016,TWENDEPAMOJA PRIMARY SCHOOL
PS1407017,VIKAWE PRIMARY SCHOOL
PS1407018,VISIGA PRIMARY SCHOOL
PS1407039,VISION PRIMARY SCHOOL
PS1407019,VIZIWAZIWA PRIMARY SCHOOL
PS1407068,ZEGERENI PRIMARY SCHOOL
PS1407020,ZOGOWALE PRIMARY SCHOOL
PS1409001,BANDUKA PRIMARY SCHOOL
PS1409090,BETA PRIMARY SCHOOL
PS1409002,BUMBA PRIMARY SCHOOL
PS1409003,BUNGU PRIMARY SCHOOL
PS1409004,HANGA PRIMARY SCHOOL
PS1409088,ITONGA PRIMARY SCHOOL
PS1409005,JAJA PRIMARY SCHOOL
PS1409006,JARIBU MPAKANI PRIMARY SCHOOL
PS1409007,KIASI PRIMARY SCHOOL
PS1409008,KIBITI PRIMARY SCHOOL
PS1409009,KIECHURU PRIMARY SCHOOL
PS1409010,KIGUNGULI PRIMARY SCHOOL
PS1409011,KIKALE PRIMARY SCHOOL
PS1409012,KILULATAMBWE PRIMARY SCHOOL
PS1409013,KIMBUGA PRIMARY SCHOOL
PS1409014,KINGWIRA PRIMARY SCHOOL
PS1409015,KINYAMALE PRIMARY SCHOOL
PS1409016,KINYANYA PRIMARY SCHOOL
PS1409017,KIOMBONI PRIMARY SCHOOL
PS1409018,KIONGORONI PRIMARY SCHOOL
PS1409019,KITEMBO PRIMARY SCHOOL
PS1409020,KITUNDU PRIMARY SCHOOL
PS1409021,KIVINJA A PRIMARY SCHOOL
PS1409022,KIVINJA B PRIMARY SCHOOL
PS1409023,LUMYOZI PRIMARY SCHOOL
PS1409024,MACHIPI PRIMARY SCHOOL
PS1409025,MAHEGE PRIMARY SCHOOL
PS1409026,MAKIMA PRIMARY SCHOOL
PS1409027,MANGOMBELA PRIMARY SCHOOL
PS1409028,MAPARONI PRIMARY SCHOOL
PS1409029,MBAWA PRIMARY SCHOOL
PS1409030,MBUCHI PRIMARY SCHOOL
PS1409031,MBWERA PRIMARY SCHOOL
PS1409032,MCHINGA PRIMARY SCHOOL
PS1409033,MCHUKWI PRIMARY SCHOOL
PS1409034,MCHUNGU PRIMARY SCHOOL
PS1409035,MFISINI PRIMARY SCHOOL
PS1409036,MISIMBO PRIMARY SCHOOL
PS1409037,MIWAGA PRIMARY SCHOOL
PS1409038,MJAWA PRIMARY SCHOOL
PS1409039,MKENDA PRIMARY SCHOOL
PS1409040,MKUPUKA PRIMARY SCHOOL
PS1409041,MKWANDARA PRIMARY SCHOOL
PS1409042,MLANZI PRIMARY SCHOOL
PS1409043,MNG'ARU PRIMARY SCHOOL
PS1409044,MOTOMOTO PRIMARY SCHOOL
PS1409086,MPEMBENWE PRIMARY SCHOOL
PS1409045,MSAFIRI PRIMARY SCHOOL
PS1409046,MSALA PRIMARY SCHOOL
PS1409047,MSINDAJI PRIMARY SCHOOL
PS1409048,MSORO PRIMARY SCHOOL
PS1409049,MTAWANYA PRIMARY SCHOOL
PS1409050,MTUNDA PRIMARY SCHOOL
PS1409051,MUYUYU PRIMARY SCHOOL
PS1409052,MWANGIA PRIMARY SCHOOL
PS1409053,NGALENGWA PRIMARY SCHOOL
PS1409054,NGONDAE PRIMARY SCHOOL
PS1409055,NGULAKULA PRIMARY SCHOOL
PS1409056,NYAKAUMBANGA PRIMARY SCHOOL
PS1409057,NYAKINYO PRIMARY SCHOOL
PS1409058,NYAMAKONGE PRIMARY SCHOOL
PS1409059,NYAMATANGA PRIMARY SCHOOL
PS1409089,NYAMBELE PRIMARY SCHOOL
PS1409060,NYAMBILI PRIMARY SCHOOL
PS1409061,NYAMISATI PRIMARY SCHOOL
PS1409062,NYAMTIMBA PRIMARY SCHOOL
PS1409063,NYAMWIMBE PRIMARY SCHOOL
PS1409064,NYANJATI PRIMARY SCHOOL
PS1409065,PAGAE PRIMARY SCHOOL
PS1409066,POMBWE PRIMARY SCHOOL
PS1409067,ROJA PRIMARY SCHOOL
PS1409068,RUARUKE PRIMARY SCHOOL
PS1409069,RUMA PRIMARY SCHOOL
PS1409070,RUNGUNGU PRIMARY SCHOOL
PS1409071,SALALE PRIMARY SCHOOL
PS1409072,SANINGA PRIMARY SCHOOL
PS1409073,SONGA PRIMARY SCHOOL
PS1409081,SONGAS PRIMARY SCHOOL
PS1409074,TOMONI PRIMARY SCHOOL
PS1409075,TWASALIE PRIMARY SCHOOL
PS1409077,UJAMAA PRIMARY SCHOOL
PS1409076,UPONDA PRIMARY SCHOOL
PS1409087,USIMBE PRIMARY SCHOOL
PS1403171,AFAP PRIMARY SCHOOL
PS1403001,BEMBEZA PRIMARY SCHOOL
PS1403004,BOGA PRIMARY SCHOOL
PS1403007,BWAMA PRIMARY SCHOOL
PS1403008,CHALE PRIMARY SCHOOL
PS1403172,CHAMBASI PRIMARY SCHOOL
PS1403165,CHANG'OMBE B PRIMARY SCHOOL
PS1403011,CHANG'OMBE PRIMARY SCHOOL
PS1403012,CHANZIGE 'A' PRIMARY SCHOOL
PS1403145,CHANZIGE 'B' PRIMARY SCHOOL
PS1403013,CHOLESAMVULA PRIMARY SCHOOL
PS1403175,DIMBENI PRIMARY SCHOOL
PS1403142,DOLOLO PRIMARY SCHOOL
PS1403016,GUMBA PRIMARY SCHOOL
PS1403017,GWATA PRIMARY SCHOOL
PS1403181,HOMBOZA  'B' PRIMARY SCHOOL
PS1403018,HOMBOZA PRIMARY SCHOOL
PS1403005,JOYNASI PRIMARY SCHOOL
PS1403169,JOYVILA PRIMARY SCHOOL
PS1403179,JUSTICE NURSERY AND PRIMARY SCHOOL
PS1403164,KANGA PRIMARY SCHOOL
PS1403021,KAUZENI PRIMARY SCHOOL
PS1403022,KAZIMZUMBWI PRIMARY SCHOOL
PS1403146,KIBASILA PRIMARY SCHOOL
PS1403024,KIBUTA PRIMARY SCHOOL
PS1403026,KIBWEMWENDA PRIMARY SCHOOL
PS1403027,KIDUGALO PRIMARY SCHOOL
PS1403029,KIFURU PRIMARY SCHOOL
PS1403030,KIHARE PRIMARY SCHOOL
PS1403032,KIKWETE PRIMARY SCHOOL
PS1403147,KILUVYA 'A' PRIMARY SCHOOL
PS1403148,KILUVYA 'B' PRIMARY SCHOOL
PS1403037,KISANGA PRIMARY SCHOOL
PS1403173,KISANGIRE PRIMARY SCHOOL
PS1403174,KISOPWA PRIMARY SCHOOL
PS1403143,KITANGA PRIMARY SCHOOL
PS1403042,KITONGACHOLE PRIMARY SCHOOL
PS1403043,KITONGA-MANGO PRIMARY SCHOOL
PS1403170,KOLA PRIMARY SCHOOL
PS1403050,KORESA PRIMARY SCHOOL
PS1403051,KURUI-CHOLE PRIMARY SCHOOL
PS1403052,KURUI-MZENGA PRIMARY SCHOOL
PS1403054,KWALA PRIMARY SCHOOL
PS1403151,LUHANGAI PRIMARY SCHOOL
PS1403058,MADUGIKE PRIMARY SCHOOL
PS1403130,MAFIZI PRIMARY SCHOOL
PS1403059,MAFUMBI PRIMARY SCHOOL
PS1403144,MAGURUWE PRIMARY SCHOOL
PS1403062,MANEROMANGO PRIMARY SCHOOL
PS1403063,MARUI-MIPERA PRIMARY SCHOOL
PS1403064,MARUI-MNGWATA PRIMARY SCHOOL
PS1403065,MARUMBO PRIMARY SCHOOL
PS1403066,MASAKI PRIMARY SCHOOL
PS1403067,MASANGANYA PRIMARY SCHOOL
PS1403161,MASIMBA PRIMARY SCHOOL
PS1403160,MAXMILLIAN PRIMARY SCHOOL
PS1403156,MENGWA PRIMARY SCHOOL
PS1403071,MFURU PRIMARY SCHOOL
PS1403183,MGOGE PRIMARY SCHOOL
PS1403072,MHAGA PRIMARY SCHOOL
PS1403154,MIANZI PRIMARY SCHOOL
PS1403134,MIHUGWE PRIMARY SCHOOL
PS1403076,MITENGWE PRIMARY SCHOOL
PS1403166,MLEGELE PRIMARY SCHOOL
PS1403176,MLOGANZILA 'B' PRIMARY SCHOOL
PS1403149,MLOGANZILA PRIMARY SCHOOL
PS1403168,MLOO PRIMARY SCHOOL
PS1403090,MSANGA PRIMARY SCHOOL
PS1403091,MSEGAMO PRIMARY SCHOOL
PS1403092,MSIMBU PRIMARY SCHOOL
PS1403095,MTAKAYO PRIMARY SCHOOL
PS1403096,MTAMBA PRIMARY SCHOOL
PS1403098,MTUNANI PRIMARY SCHOOL
PS1403152,MWANZO-MGUMU PRIMARY SCHOOL
PS1403002,MZENGA 'B' PRIMARY SCHOOL
PS1403102,MZENGA PRIMARY SCHOOL
PS1403177,NGOBEDI PRIMARY SCHOOL
PS1403105,NGONGELE PRIMARY SCHOOL
PS1403129,NYANI PRIMARY SCHOOL
PS1403108,PALAKA PRIMARY SCHOOL
PS1403162,PANGA LA MWINGEREZA PRIMARY SCHOOL
PS1403111,SANGWE PRIMARY SCHOOL
PS1403112,SANZE PRIMARY SCHOOL
PS1403136,SOFU PRIMARY SCHOOL
PS1403157,ST DORCAS VIGAMA PRIMARY SCHOOL
PS1403116,SUNGWI PRIMARY SCHOOL
PS1403118,TITU PRIMARY SCHOOL
PS1403163,TONDORONI PRIMARY SCHOOL
PS1403120,TURINI PRIMARY SCHOOL
PS1403182,VIBULA PRIMARY SCHOOL
PS1403167,VIGAMA PRIMARY SCHOOL
PS1403122,VIHINGO PRIMARY SCHOOL
PS1403124,VIKUMBURU PRIMARY SCHOOL
PS1403125,VILABWA PRIMARY SCHOOL
PS1403153,VISEGESE PRIMARY SCHOOL
PS1403126,VISIGA PRIMARY SCHOOL
PS1403127,YOMBO-LUKINGA PRIMARY SCHOOL
PS1403128,ZEGERO PRIMARY SCHOOL
PS1404001,BALENI PRIMARY SCHOOL
PS1404002,BANJA PRIMARY SCHOOL
PS1404015,BWEJUU PRIMARY SCHOOL
PS1404003,BWENI PRIMARY SCHOOL
PS1404004,CHEMCHEM PRIMARY SCHOOL
PS1404018,CHOLE PRIMARY SCHOOL
PS1404005,CHUNGURUMA PRIMARY SCHOOL
PS1404006,DONGO PRIMARY SCHOOL
PS1404022,GONGE PRIMARY SCHOOL
PS1404016,JIBONDO PRIMARY SCHOOL
PS1404007,JIMBO PRIMARY SCHOOL
PS1404027,JOJO PRIMARY SCHOOL
PS1404017,JUANI PRIMARY SCHOOL
PS1404008,KANGA PRIMARY SCHOOL
PS1404032,KIBAONI PRIMARY SCHOOL
PS1404009,KIEGEANI PRIMARY SCHOOL
PS1404023,KIFINGE PRIMARY SCHOOL
PS1404033,KIGAMBONI PRIMARY SCHOOL
PS1404019,KILIMAHEWA PRIMARY SCHOOL
PS1404010,KILINDONI PRIMARY SCHOOL
PS1404028,KIPINGWI PRIMARY SCHOOL
PS1404011,KIRONGWE PRIMARY SCHOOL
PS1404030,KITONI PRIMARY SCHOOL
PS1404021,KUNGWI PRIMARY SCHOOL
PS1404039,MAFIA IMAAN PRIMARY SCHOOL
PS1404012,MARIMBANI PRIMARY SCHOOL
PS1404020,MICHENI PRIMARY SCHOOL
PS1404013,MLONGO PRIMARY SCHOOL
PS1404026,MSUFINI PRIMARY SCHOOL
PS1404014,NDAGONI PRIMARY SCHOOL
PS1404031,STJOSEPH MILLENIUM PRIMARY SCHOOL
PS1404025,TERENI PRIMARY SCHOOL
PS1404029,TONGANI PRIMARY SCHOOL
PS1404024,UTENDE PRIMARY SCHOOL
PS1406127,AL - NAHDHWA PRIMARY SCHOOL
PS1406133,AL- RAHMAH PRIMARY SCHOOL
PS1406123,BEST PRIMARY SCHOOL
PS1406001,BIGWA PRIMARY SCHOOL
PS1406002,BINGA PRIMARY SCHOOL
PS1406080,BOZA PRIMARY SCHOOL
PS1406128,BRIGHT ANGELS PRIMARY SCHOOL
PS1406004,BUPU PRIMARY SCHOOL
PS1406113,CARMEL PRIMARY SCHOOL
PS1406088,CHAMGOI PRIMARY SCHOOL
PS1406139,CHATEMBO PRIMARY SCHOOL
PS1406112,CHURWI PRIMARY SCHOOL
PS1406120,DAY SPRING PRIMARY SCHOOL
PS1406095,DESTINY PRIMARY SCHOOL
PS1406007,DONDO PRIMARY SCHOOL
PS1406079,DONDWE PRIMARY SCHOOL
PS1406008,DUNDANI PRIMARY SCHOOL
PS1406118,FUNZA PRIMARY SCHOOL
PS1406125,GOLDEN BELL PRIMARY SCHOOL
PS1406009,HOYOYO PRIMARY SCHOOL
PS1406110,IBUN JAZAR PRIMARY SCHOOL
PS1406131,J.C O'GABHANN PRIMARY SCHOOL
PS1406156,JAMHURI PRIMARY SCHOOL
PS1406132,JUHUDI PRIMARY SCHOOL
PS1406010,KALOLE PRIMARY SCHOOL
PS1406005,KAZOLE PRIMARY SCHOOL
PS1406089,KEREKESE PRIMARY SCHOOL
PS1406011,KIBAMBA PRIMARY SCHOOL
PS1406124,KIBESA PRIMARY SCHOOL
PS1406012,KIBUDI PRIMARY SCHOOL
PS1406006,KIBULULU PRIMARY SCHOOL
PS1406013,KIBUYUNI PRIMARY SCHOOL
PS1406134,KIDUNDI PRIMARY SCHOOL
PS1406096,KIFUMANGAO PRIMARY SCHOOL
PS1406092,KIGUZA PRIMARY SCHOOL
PS1406109,KIIMBWA PRIMARY SCHOOL
PS1406016,KIIMBWANINDI PRIMARY SCHOOL
PS1406117,KIKOO PRIMARY SCHOOL
PS1406103,KIKUNDI PRIMARY SCHOOL
PS1406099,KILAMBA PRIMARY SCHOOL
PS1406106,KILIMAHEWA KUSINI PRIMARY SCHOOL
PS1406017,KILIMAHEWA PRIMARY SCHOOL
PS1406015,KIMANZICHANA PRIMARY SCHOOL
PS1406143,KINENE PRIMARY SCHOOL
PS1406105,KIPARA PRIMARY SCHOOL
PS1406018,KIPARANG'ANDA PRIMARY SCHOOL
PS1406019,KISAYANI PRIMARY SCHOOL
PS1406020,KISE PRIMARY SCHOOL
PS1406086,KISEGESE PRIMARY SCHOOL
PS1406022,KISEMVULE PRIMARY SCHOOL
PS1406021,KISERE PRIMARY SCHOOL
PS1406023,KISIJU-PWANI PRIMARY SCHOOL
PS1406142,KITANGWI PRIMARY SCHOOL
PS1406024,KITOMONDO PRIMARY SCHOOL
PS1406025,KITONGA PRIMARY SCHOOL
PS1406107,KITUMBO PRIMARY SCHOOL
PS1406026,KIWAMBO PRIMARY SCHOOL
PS1406027,KIZIKO PRIMARY SCHOOL
PS1406028,KIZOMLA PRIMARY SCHOOL
PS1406014,KOLAGWA PRIMARY SCHOOL
PS1406029,KOMA PRIMARY SCHOOL
PS1406030,KONDO-MWELANZI PRIMARY SCHOOL
PS1406094,KURUTI PRIMARY SCHOOL
PS1406032,KWALE PRIMARY SCHOOL
PS1406003,LIFEWAYLIGHT PRIMARY SCHOOL
PS1406152,LUGWADU PRIMARY SCHOOL
PS1406033,LUKANGA PRIMARY SCHOOL
PS1406034,LUPONDO PRIMARY SCHOOL
PS1406137,MADALAQU PRIMARY SCHOOL
PS1406155,MAENDELEO PRIMARY SCHOOL
PS1406035,MAGAWA PRIMARY SCHOOL
PS1406104,MAGODANI PRIMARY SCHOOL
PS1406036,MAGOZA PRIMARY SCHOOL
PS1406111,MAKUMBEA PRIMARY SCHOOL
PS1406090,MALELA PRIMARY SCHOOL
PS1406149,MARKS PRIMARY SCHOOL
PS1406037,MAROGORO PRIMARY SCHOOL
PS1406031,MATANZI PRIMARY SCHOOL
PS1406038,MBEZI PRIMARY SCHOOL
PS1406039,MBULANI PRIMARY SCHOOL
PS1406083,MCHUNGURU PRIMARY SCHOOL
PS1406040,MDIMNI PRIMARY SCHOOL
PS1406041,MIKERE PRIMARY SCHOOL
PS1406122,MINGOMBE PRIMARY SCHOOL
PS1406098,MIPEKO PRIMARY SCHOOL
PS1406043,MISASA PRIMARY SCHOOL
PS1406044,MITARANDA PRIMARY SCHOOL
PS1406045,MITEZA PRIMARY SCHOOL
PS1406046,MKAMBA PRIMARY SCHOOL
PS1406047,MKENGE PRIMARY SCHOOL
PS1406042,MKEREZANGE PRIMARY SCHOOL
PS1406048,MKIU PRIMARY SCHOOL
PS1406049,MKOKOZI PRIMARY SCHOOL
PS1406097,MKOLA PRIMARY SCHOOL
PS1406050,MKONGO PRIMARY SCHOOL
PS1406084,MKUCHEMBE PRIMARY SCHOOL
PS1406051,MKUKWI PRIMARY SCHOOL
PS1406052,MKURANGA PRIMARY SCHOOL
PS1406138,MKURUWILI PRIMARY SCHOOL
PS1406053,MLAMLENI PRIMARY SCHOOL
PS1406130,MOUNT CHANUNGU PRIMARY SCHOOL
PS1406054,MPAFU PRIMARY SCHOOL
PS1406151,MPERA PRIMARY SCHOOL
PS1406081,MPIMIO PRIMARY SCHOOL
PS1406055,MPONGA PRIMARY SCHOOL
PS1406159,MSANGAPWANI PRIMARY SCHOOL
PS1406056,MSONGA PRIMARY SCHOOL
PS1406057,MSORWA PRIMARY SCHOOL
PS1406058,MSUFINI PRIMARY SCHOOL
PS1406059,MTONGANI PRIMARY SCHOOL
PS1406144,MUUNGANO PRIMARY SCHOOL
PS1406085,MVULENI PRIMARY SCHOOL
PS1406091,MWANADILATU PRIMARY SCHOOL
PS1406060,MWANAMBAYA PRIMARY SCHOOL
PS1406061,MWANDEGE PRIMARY SCHOOL
PS1406062,MWANZEGA PRIMARY SCHOOL
PS1406063,MWARUSEMBE PRIMARY SCHOOL
PS1406116,MWONGOZO PRIMARY SCHOOL
PS1406064,NASIBUGANI PRIMARY SCHOOL
PS1406093,NGALAWANI PRIMARY SCHOOL
PS1406108,NGANJE PRIMARY SCHOOL
PS1406065,NGARAMBE PRIMARY SCHOOL
PS1406115,NGUNGUTI PRIMARY SCHOOL
PS1406066,NJOPEKA PRIMARY SCHOOL
PS1406067,NYAMATO PRIMARY SCHOOL
PS1406068,NYANDUTURU PRIMARY SCHOOL
PS1406129,PERFECT DESTINY PRIMARY SCHOOL
PS1406100,PHILADELPHIA PRIMARY SCHOOL
PS1406157,PICHA YA NDEGE PRIMARY SCHOOL
PS1406082,ROZANDO PRIMARY SCHOOL
PS1406069,SANGALANI PRIMARY SCHOOL
PS1406070,SANGASANGA PRIMARY SCHOOL
PS1406071,SHUNGUBWENI PRIMARY SCHOOL
PS1406135,SOLOMON PRIMARY SCHOOL
PS1406072,SOTELE PRIMARY SCHOOL
PS1406087,ST. MATTHEWS PRIMARY SCHOOL
PS1406136,ST.GERTRUDE PRIMARY SCHOOL
PS1406121,STONE OF HELP PRIMARY SCHOOL
PS1406073,SUNGUVUNI PRIMARY SCHOOL
PS1406074,TAMBANI PRIMARY SCHOOL
PS1406075,TENGELEA PRIMARY SCHOOL
PS1406147,TUMAINI FRIENDS PRIMARY SCHOOL
PS1406101,TUMAINI PRIMARY SCHOOL
PS1406076,TUNDU PRIMARY SCHOOL
PS1406119,TUNGI PRIMARY SCHOOL
PS1406150,UJENZI PRIMARY SCHOOL
PS1406077,VIANZI PRIMARY SCHOOL
PS1406141,VIKANGARA PRIMARY SCHOOL
PS1406078,VIKINDU PRIMARY SCHOOL
PS1406102,WHITE ANGELS PRIMARY SCHOOL
PS1406114,YAVAYAVA PRIMARY SCHOOL
PS1405001,AZIMIO PRIMARY SCHOOL
PS1405004,CHUMBI PRIMARY SCHOOL
PS1405129,DOHA PRIMARY SCHOOL
PS1405006,IKWIRIRI PRIMARY SCHOOL
PS1405134,JITEGEMEE PRIMARY SCHOOL
PS1405128,KANGA PRIMARY SCHOOL
PS1405009,KATUNDU PRIMARY SCHOOL
PS1405084,KAUNDA PRIMARY SCHOOL
PS1405014,KIKOBO PRIMARY SCHOOL
PS1405015,KIKONGONO PRIMARY SCHOOL
PS1405016,KILIMANI PRIMARY SCHOOL
PS1405121,KING'ONGO PRIMARY SCHOOL
PS1405117,KIPOKA PRIMARY SCHOOL
PS1405021,KIPO-MASHARIKI PRIMARY SCHOOL
PS1405022,KIPUGIRA PRIMARY SCHOOL
PS1405100,KITAPI PRIMARY SCHOOL
PS1405026,KIWANGA PRIMARY SCHOOL
PS1405029,MAPINDUZI PRIMARY SCHOOL
PS1405130,MASAKI PRIMARY SCHOOL
PS1405127,MBUGUMA ACADEMY PRE  PRIMARY SCHOOL
PS1405030,MBUNJU PRIMARY SCHOOL
PS1405031,MBWARA PRIMARY SCHOOL
PS1405036,MGOMBA PRIMARY SCHOOL
PS1405037,MIBUYUSABA PRIMARY SCHOOL
PS1405038,MIHILU PRIMARY SCHOOL
PS1405042,MKONGO PRIMARY SCHOOL
PS1405045,MLOKA PRIMARY SCHOOL
PS1405047,MOHORO PRIMARY SCHOOL
PS1405052,MSONA PRIMARY SCHOOL
PS1405053,MTANZA PRIMARY SCHOOL
PS1405057,MWASENI PRIMARY SCHOOL
PS1405102,NAMBUNJU PRIMARY SCHOOL
PS1405058,NDUNDUNYIKANZA PRIMARY SCHOOL
PS1405082,NDUNDUTAWA PRIMARY SCHOOL
PS1405059,NGARAMBE PRIMARY SCHOOL
PS1405060,NGORONGO PRIMARY SCHOOL
PS1405118,NYAKIPANDE PRIMARY SCHOOL
PS1405110,NYAMAKURUKURU PRIMARY SCHOOL
PS1405066,NYAMINYWILI PRIMARY SCHOOL
PS1405116,NYAMPAKU PRIMARY SCHOOL
PS1405069,NYAMWAGE PRIMARY SCHOOL
PS1405133,RUFIJI PRIMARY SCHOOL
PS1405075,RUWE PRIMARY SCHOOL
PS1405122,SHAURI MOYO PRIMARY SCHOOL
PS1405077,SIASA PRIMARY SCHOOL
PS1405103,TAPIKA PRIMARY SCHOOL
PS1405089,TAWI PRIMARY SCHOOL
PS1405107,UKOMBOZI PRIMARY SCHOOL
PS1405079,UMWE PRIMARY SCHOOL
PS1405081,UTUNGE PRIMARY SCHOOL
PS1501001,CHALATILA PRIMARY SCHOOL
PS1501002,CHIPAPA PRIMARY SCHOOL
PS1501003,CHISAMBO PRIMARY SCHOOL
PS1501004,FORODHANI PRIMARY SCHOOL
PS1501005,ILAMBILA PRIMARY SCHOOL
PS1501006,ILANGO PRIMARY SCHOOL
PS1501007,ILIMBA PRIMARY SCHOOL
PS1501008,ILONGA PRIMARY SCHOOL
PS1501009,ITEKESHA PRIMARY SCHOOL
PS1501010,JENGENI PRIMARY SCHOOL
PS1501011,KACHELE PRIMARY SCHOOL
PS1501012,KAFUKOKA PRIMARY SCHOOL
PS1501013,KAFUKULA PRIMARY SCHOOL
PS1501098,KAKOMA PRIMARY SCHOOL
PS1501014,KALAELA PRIMARY SCHOOL
PS1501015,KALALASI PRIMARY SCHOOL
PS1501016,KALAMBO PRIMARY SCHOOL
PS1501017,KALE PRIMARY SCHOOL
PS1501018,KALEMBE PRIMARY SCHOOL
PS1501100,KALEPULA 'B ' PRE  AND PRIMARY SCHOOL
PS1501019,KALEPULA PRIMARY SCHOOL
PS1501101,KALETA PRIMARY SCHOOL
PS1501020,KALUKO PRIMARY SCHOOL
PS1501021,KAMAWE PRIMARY SCHOOL
PS1501022,KAMBO PRIMARY SCHOOL
PS1501023,KANTALEMWA PRIMARY SCHOOL
PS1501024,KANYEZI PRIMARY SCHOOL
PS1501025,KAPERE PRIMARY SCHOOL
PS1501097,KASAMA  PRIMARY SCHOOL
PS1501026,KASANGA PRIMARY SCHOOL
PS1501027,KASITU PRIMARY SCHOOL
PS1501028,KASOTE PRIMARY SCHOOL
PS1501029,KASUSU PRIMARY SCHOOL
PS1501030,KATAPULO PRIMARY SCHOOL
PS1501031,KATAZI PRIMARY SCHOOL
PS1501032,KATETE PRIMARY SCHOOL
PS1501033,KATUKA PRIMARY SCHOOL
PS1501034,KAZILA PRIMARY SCHOOL
PS1501035,KAZOZYA PRIMARY SCHOOL
PS1501036,KIFONE PRIMARY SCHOOL
PS1501037,KILESHA PRIMARY SCHOOL
PS1501038,KILEWANI PRIMARY SCHOOL
PS1501039,KIPANGA PRIMARY SCHOOL
PS1501040,KIPWA PRIMARY SCHOOL
PS1501099,KISALA PRIMARY SCHOOL
PS1501041,KISUMBA PRIMARY SCHOOL
PS1501042,KISUNGAMILE PRIMARY SCHOOL
PS1501043,KIUNDINAMEMA PRIMARY SCHOOL
PS1501044,KIZOMBWE PRIMARY SCHOOL
PS1501045,LEGEZAMWENDO PRIMARY SCHOOL
PS1501046,LOLESHA PRIMARY SCHOOL
PS1501047,LUSE PRIMARY SCHOOL
PS1501048,MADIBILA PRIMARY SCHOOL
PS1501049,MAMBWEKENYA PRIMARY SCHOOL
PS1501050,MAO PRIMARY SCHOOL
PS1501051,MATAI A PRIMARY SCHOOL
PS1501052,MATAI B PRIMARY SCHOOL
PS1501053,MBULUMA PRIMARY SCHOOL
PS1501054,MBUZA PRIMARY SCHOOL
PS1501055,MIKONKO PRIMARY SCHOOL
PS1501056,MISHETA PRIMARY SCHOOL
PS1501057,MKAPA PRIMARY SCHOOL
PS1501058,MKOMBO PRIMARY SCHOOL
PS1501059,MKOWE PRIMARY SCHOOL
PS1501060,MLENJE PRIMARY SCHOOL
PS1501061,MNAMBA PRIMARY SCHOOL
PS1501062,MNAZI PRIMARY SCHOOL
PS1501063,MOMBO PRIMARY SCHOOL
PS1501064,MPANGA PRIMARY SCHOOL
PS1501065,MPENJEMSOMA PRIMARY SCHOOL
PS1501066,MPOMBWE PRIMARY SCHOOL
PS1501067,MSANZI A PRIMARY SCHOOL
PS1501068,MSANZI B PRIMARY SCHOOL
PS1501069,MSIPAZI PRIMARY SCHOOL
PS1501070,MSISHINDWE PRIMARY SCHOOL
PS1501071,MSOMA PRIMARY SCHOOL
PS1501072,MTULA PRIMARY SCHOOL
PS1501073,MTUTUMBE PRIMARY SCHOOL
PS1501074,MUZI PRIMARY SCHOOL
PS1501075,MVULA PRIMARY SCHOOL
PS1501076,MWAYA PRIMARY SCHOOL
PS1501077,MWAZYE PRIMARY SCHOOL
PS1501078,MWIMBI PRIMARY SCHOOL
PS1501079,MYUNGA PRIMARY SCHOOL
PS1501080,MZUNGWA PRIMARY SCHOOL
PS1501102,NAMLANGWA PRIMARY SCHOOL
PS1501081,NGOMA PRIMARY SCHOOL
PS1501082,NGOROTWA PRIMARY SCHOOL
PS1501083,NINGA 'A'  PRIMARY SCHOOL
PS1501084,NINGA B PRIMARY SCHOOL
PS1501085,NONDO PRIMARY SCHOOL
PS1501086,SAFU PRIMARY SCHOOL
PS1501087,SAMAZI PRIMARY SCHOOL
PS1501088,SELENGOMA PRIMARY SCHOOL
PS1501089,SENGAKALONJE PRIMARY SCHOOL
PS1501090,SINGIWE PRIMARY SCHOOL
PS1501091,SOPA PRIMARY SCHOOL
PS1501092,TATANDA PRIMARY SCHOOL
PS1501093,TUNYI PRIMARY SCHOOL
PS1501094,ULUMI PRIMARY SCHOOL
PS1501095,UTENGULE PRIMARY SCHOOL
PS1501096,ZYANGOMA PRIMARY SCHOOL
PS1502001,CHALA PRIMARY SCHOOL
PS1502002,CHALANTAI PRIMARY SCHOOL
PS1502069,CHALATILA PRIMARY SCHOOL
PS1502003,CHINA PRIMARY SCHOOL
PS1502004,CHONGA PRIMARY SCHOOL
PS1502005,CHONGOKATETE PRIMARY SCHOOL
PS1502075,IFUNDWA PRIMARY SCHOOL
PS1502093,IKOMBE PRIMARY SCHOOL
PS1502099,INEKE ALBERDA PRIMARY SCHOOL
PS1502082,IPANDA PRIMARY SCHOOL
PS1502066,ISABA PRIMARY SCHOOL
PS1502006,ISALE PRIMARY SCHOOL
PS1502076,ISUNTA PRIMARY SCHOOL
PS1502007,ITETE PRIMARY SCHOOL
PS1502008,ITINDI PRIMARY SCHOOL
PS1502009,IZINGA PRIMARY SCHOOL
PS1502010,KABWE PRIMARY SCHOOL
PS1502089,KACHECHE PRIMARY SCHOOL
PS1502084,KAKOMA PRIMARY SCHOOL
PS1502011,KALA PRIMARY SCHOOL
PS1502012,KALILA PRIMARY SCHOOL
PS1502013,KALUNDI PRIMARY SCHOOL
PS1502070,KANAZI PRIMARY SCHOOL
PS1502014,KANCHUI PRIMARY SCHOOL
PS1502015,KANTAWA PRIMARY SCHOOL
PS1502098,KASAPA PRIMARY SCHOOL
PS1502016,KASU PRIMARY SCHOOL
PS1502017,KATANI PRIMARY SCHOOL
PS1502018,KATE PRIMARY SCHOOL
PS1502067,KATONGOLO PRIMARY SCHOOL
PS1502019,KAZOVUBUMANDA PRIMARY SCHOOL
PS1502065,KILAMBO PRIMARY SCHOOL
PS1502023,KING'OMBE PRIMARY SCHOOL
PS1502020,KIPANDE PRIMARY SCHOOL
PS1502021,KIPILI PRIMARY SCHOOL
PS1502090,KIPUNDUKALA PRIMARY SCHOOL
PS1502022,KIRANDO PRIMARY SCHOOL
PS1502024,KISAMBALA PRIMARY SCHOOL
PS1502025,KISULA PRIMARY SCHOOL
PS1502083,KITETE PRIMARY SCHOOL
PS1502077,KITOSI PRIMARY SCHOOL
PS1502116,KITUKU PRIMARY SCHOOL
PS1502078,KIZI PRIMARY SCHOOL
PS1502026,KIZUMBI PRIMARY SCHOOL
PS1502027,KORONGWE PRIMARY SCHOOL
PS1502100,LOLESHA PRIMARY SCHOOL
PS1502028,LONDOKAZI PRIMARY SCHOOL
PS1502071,LUNYALA PRIMARY SCHOOL
PS1502101,LUPATA PRIMARY SCHOOL
PS1502029,LYAPINDA PRIMARY SCHOOL
PS1502107,LYAZUMBI PRIMARY SCHOOL
PS1502108,MAJENGO PRIMARY SCHOOL
PS1502081,MALONGWE PRIMARY SCHOOL
PS1502030,MANDAKERENGE PRIMARY SCHOOL
PS1502031,MASHETE PRIMARY SCHOOL
PS1502097,MASOKOLO PRIMARY SCHOOL
PS1502032,MASOLO PRIMARY SCHOOL
PS1502079,MATALA PRIMARY SCHOOL
PS1502086,MBWENDI PRIMARY SCHOOL
PS1502033,MILUNDIKWA PRIMARY SCHOOL
PS1502034,MIOMBO PRIMARY SCHOOL
PS1502091,MISUNKUMILO PRIMARY SCHOOL
PS1502102,MJIMWEMA PRIMARY SCHOOL
PS1502068,MKANGALE PRIMARY SCHOOL
PS1502092,MKAPA PRIMARY SCHOOL
PS1502035,MKINGA PRIMARY SCHOOL
PS1502103,MKIRINGA PRIMARY SCHOOL
PS1502036,MKOLE PRIMARY SCHOOL
PS1502096,MKOMBE PRIMARY SCHOOL
PS1502037,MKWAMBA PRIMARY SCHOOL
PS1502104,MLALAMBO PRIMARY SCHOOL
PS1502038,MLAMBO PRIMARY SCHOOL
PS1502039,MPASA PRIMARY SCHOOL
PS1502087,MPATA PRIMARY SCHOOL
PS1502080,MPENGE PRIMARY SCHOOL
PS1502040,MSAMBA PRIMARY SCHOOL
PS1502041,MSILIHOFU PRIMARY SCHOOL
PS1502085,MTAKUJA PRIMARY SCHOOL
PS1502073,MTAPENDA PRIMARY SCHOOL
PS1502042,MTENGA PRIMARY SCHOOL
PS1502117,MUUNGANO PRIMARY SCHOOL
PS1502074,MVIMWA PRIMARY SCHOOL
PS1502072,MWAI PRIMARY SCHOOL
PS1502043,MWINZA PRIMARY SCHOOL
PS1502044,MYULA PRIMARY SCHOOL
PS1502045,NAMANSI PRIMARY SCHOOL
PS1502046,NAMANYERE PRIMARY SCHOOL
PS1502047,NCHENJE PRIMARY SCHOOL
PS1502048,NG'UNDWE PRIMARY SCHOOL
PS1502049,NINDE PRIMARY SCHOOL
PS1502050,NKANA PRIMARY SCHOOL
PS1502105,NKATA PRIMARY SCHOOL
PS1502051,NKOMANCHINDO PRIMARY SCHOOL
PS1502052,NKOMOLO-I PRIMARY SCHOOL
PS1502053,NKOMOLO-II PRIMARY SCHOOL
PS1502054,NKUNDI PRIMARY SCHOOL
PS1502056,NTALAMILA PRIMARY SCHOOL
PS1502094,NTANGANYIKA PRIMARY SCHOOL
PS1502055,NTATUMBILA PRIMARY SCHOOL
PS1502106,NTEMBA PRIMARY SCHOOL
PS1502057,NTUCHI PRIMARY SCHOOL
PS1502058,PARAMAWE PRIMARY SCHOOL
PS1502059,SINTALI PRIMARY SCHOOL
PS1502060,SWAILA PRIMARY SCHOOL
PS1502061,TAMBARUKA PRIMARY SCHOOL
PS1502062,TUNDU PRIMARY SCHOOL
PS1502095,UDACHI PRIMARY SCHOOL
PS1502063,UTINTA PRIMARY SCHOOL
PS1502064,WAMPEMBE PRIMARY SCHOOL
PS1503001,CHOMBE PRIMARY SCHOOL
PS1503002,IGONDA PRIMARY SCHOOL
PS1503003,IKOZI PRIMARY SCHOOL
PS1503004,ILAMBO PRIMARY SCHOOL
PS1503005,ILANGA PRIMARY SCHOOL
PS1503006,ILEMBA PRIMARY SCHOOL
PS1503007,ILEMBO PRIMARY SCHOOL
PS1503008,ITELA PRIMARY SCHOOL
PS1503009,IWELYAMVULA PRIMARY SCHOOL
PS1503010,JANGWANI PRIMARY SCHOOL
PS1503011,KAENGESA PRIMARY SCHOOL
PS1503012,KALAMBAZITE PRIMARY SCHOOL
PS1503013,KALOLE PRIMARY SCHOOL
PS1503014,KALUMBALEZA PRIMARY SCHOOL
PS1503015,KAMNYALILE PRIMARY SCHOOL
PS1503016,KAMNYAZYA PRIMARY SCHOOL
PS1503017,KAMSAMBA PRIMARY SCHOOL
PS1503018,KANCHO PRIMARY SCHOOL
PS1503019,KAOZE PRIMARY SCHOOL
PS1503020,KAPENTA PRIMARY SCHOOL
PS1503021,KAPEWA PRIMARY SCHOOL
PS1503022,KASAMVU PRIMARY SCHOOL
PS1503023,KASEKELA PRIMARY SCHOOL
PS1503024,KAVIFUTI PRIMARY SCHOOL
PS1503025,KAWALACHITETE PRIMARY SCHOOL
PS1503026,KAWILA PRIMARY SCHOOL
PS1503027,KAZIKATONTO PRIMARY SCHOOL
PS1503028,KAZWILA PRIMARY SCHOOL
PS1503029,KIANDA PRIMARY SCHOOL
PS1503030,KIFINGA PRIMARY SCHOOL
PS1503031,KILANGAWANA PRIMARY SCHOOL
PS1503032,KILEMBO PRIMARY SCHOOL
PS1503033,KILYAMATUNDU PRIMARY SCHOOL
PS1503034,KINAMBO PRIMARY SCHOOL
PS1503035,KIPETA PRIMARY SCHOOL
PS1503036,KISA PRIMARY SCHOOL
PS1503037,KISALALA PRIMARY SCHOOL
PS1503038,KITETE PRIMARY SCHOOL
PS1503039,KITUKU PRIMARY SCHOOL
PS1503040,KIZUMBI PRIMARY SCHOOL
PS1503041,KIZUNGU PRIMARY SCHOOL
PS1503042,LAELA  'A'  PRIMARY SCHOOL
PS1503043,LAELA 'B'  PRIMARY SCHOOL
PS1503107,LANCHI PRIMARY SCHOOL
PS1503044,LEGEZA PRIMARY SCHOOL
PS1503045,LOWE PRIMARY SCHOOL
PS1503046,LULA PRIMARY SCHOOL
PS1503047,LUSAKA PRIMARY SCHOOL
PS1503048,LWANJI PRIMARY SCHOOL
PS1503049,LYANGALILE PRIMARY SCHOOL
PS1503050,LYAPONA PRIMARY SCHOOL
PS1503106,MAENJE PRIMARY SCHOOL
PS1503051,MALEZA PRIMARY SCHOOL
PS1503052,MALOLWA PRIMARY SCHOOL
PS1503053,MFINGA PRIMARY SCHOOL
PS1503054,MIANGALUA PRIMARY SCHOOL
PS1503055,MILEPA PRIMARY SCHOOL
PS1503056,MITITI PRIMARY SCHOOL
PS1503057,MKAMBA PRIMARY SCHOOL
PS1503058,MKIMA PRIMARY SCHOOL
PS1503059,MKUNDA PRIMARY SCHOOL
PS1503102,MKUSI PRIMARY SCHOOL
PS1503060,MLECHE PRIMARY SCHOOL
PS1503061,MLOMBO PRIMARY SCHOOL
PS1503062,MNAZI MMOJA PRIMARY SCHOOL
PS1503063,MOVU PRIMARY SCHOOL
PS1503064,MPANDANKWILO PRIMARY SCHOOL
PS1503065,MPEMBANO PRIMARY SCHOOL
PS1503066,MPONA PRIMARY SCHOOL
PS1503067,MPUI B PRIMARY SCHOOL
PS1503068,MPUI PRIMARY SCHOOL
PS1503069,MPWAPWA PRIMARY SCHOOL
PS1503070,MSANDAMUUNGANO PRIMARY SCHOOL
PS1503071,MSHANI PRIMARY SCHOOL
PS1503072,MSIA PRIMARY SCHOOL
PS1503101,MSILA PRIMARY SCHOOL
PS1503073,MTAPENDA PRIMARY SCHOOL
PS1503074,MTETA PRIMARY SCHOOL
PS1503075,MTETEZI PRIMARY SCHOOL
PS1503103,MTINDILO PRIMARY SCHOOL
PS1503076,MTOWISA ''B'' PRIMARY SCHOOL
PS1503077,MTOWISA PRIMARY SCHOOL
PS1503078,MUKAMANYE PRIMARY SCHOOL
PS1503079,MUMBA PRIMARY SCHOOL
PS1503080,MUZE PRIMARY SCHOOL
PS1503081,MWELA PRIMARY SCHOOL
PS1503100,NAMPAKO PRIMARY SCHOOL
PS1503082,NANKANGA PRIMARY SCHOOL
PS1503083,NDELEMA PRIMARY SCHOOL
PS1503084,NG'ONGO PRIMARY SCHOOL
PS1503085,NKWILO PRIMARY SCHOOL
PS1503086,NTUMBI PRIMARY SCHOOL
PS1503087,RUKWA PRIMARY SCHOOL
PS1503088,SAKALILO PRIMARY SCHOOL
PS1503089,SANDULULA PRIMARY SCHOOL
PS1503090,SIKAUNGU PRIMARY SCHOOL
PS1503091,SOLOLA PRIMARY SCHOOL
PS1503092,SONGAMBELE-AZIMIO PRIMARY SCHOOL
PS1503093,SONTAUKIA PRIMARY SCHOOL
PS1503094,TENTULA PRIMARY SCHOOL
PS1503095,TULULU PRIMARY SCHOOL
PS1503096,TUNKO PRIMARY SCHOOL
PS1503118,TUWI 'B' PRIMARY SCHOOL
PS1503099,TUWI PRIMARY SCHOOL
PS1503097,UZIA PRIMARY SCHOOL
PS1503098,ZIMBA PRIMARY SCHOOL
PS1504071,ANNA PRIMARY SCHOOL
PS1504001,CHANJI PRIMARY SCHOOL
PS1504002,CHELENGANYA PRIMARY SCHOOL
PS1504003,CHEMCHEM PRIMARY SCHOOL
PS1504004,CHIPU PRIMARY SCHOOL
PS1504067,DR. ATMAN MEMORIAL PRIMARY SCHOOL
PS1504005,FYENGELEZYA PRIMARY SCHOOL
PS1504006,HILLCREST JUNIOR ACADEMY PRIMARY SCHOOL
PS1504065,HOMAGE PRIMARY SCHOOL
PS1504069,ISALE PRIMARY SCHOOL
PS1504007,ISESA PRIMARY SCHOOL
PS1504008,IZIA PRIMARY SCHOOL
PS1504009,JANGWANI PRIMARY SCHOOL
PS1504059,KALAMBO PRIMARY SCHOOL
PS1504010,KANKWALE PRIMARY SCHOOL
PS1504011,KANONDO PRIMARY SCHOOL
PS1504012,KANTALAMBA-MAZOEZI PRIMARY SCHOOL
PS1504013,KASENSE PRIMARY SCHOOL
PS1504068,KASHAI PRIMARY SCHOOL
PS1504070,KASISIWE PRIMARY SCHOOL
PS1504014,KATANDALA-'A' PRIMARY SCHOOL
PS1504015,KATANDALA-'B' PRIMARY SCHOOL
PS1504016,KATUMBA-AZIMIO PRIMARY SCHOOL
PS1504017,KATUSA PRIMARY SCHOOL
PS1504018,KAWAMA PRIMARY SCHOOL
PS1504019,KILIMAHEWA PRIMARY SCHOOL
PS1504020,KINAMWANGA PRIMARY SCHOOL
PS1504021,KING'OMBE PRIMARY SCHOOL
PS1504022,KISUMBA PRIMARY SCHOOL
PS1504023,KIWELU PRIMARY SCHOOL
PS1504024,KIZWITE PRIMARY SCHOOL
PS1504025,LUKEWILLE PRIMARY SCHOOL
PS1504026,LUWA PRIMARY SCHOOL
PS1504027,MAFULALA PRIMARY SCHOOL
PS1504028,MAJENGO PRIMARY SCHOOL
PS1504029,MAKAZI MAPYA PRIMARY SCHOOL
PS1504030,MALAGANO PRIMARY SCHOOL
PS1504031,MALANGALI PRIMARY SCHOOL
PS1504032,MALONJE PRIMARY SCHOOL
PS1504033,MANZITISWE PRIMARY SCHOOL
PS1504034,MAPINDUZI PRIMARY SCHOOL
PS1504035,MATANGA PRIMARY SCHOOL
PS1504036,MAWENZUSI PRIMARY SCHOOL
PS1504037,MBALIKA PRIMARY SCHOOL
PS1504038,MILANZI PRIMARY SCHOOL
PS1504039,MLANDA 'A' PRIMARY SCHOOL
PS1504040,MLANDA-'B' PRIMARY SCHOOL
PS1504041,MOLLO PRIMARY SCHOOL
PS1504042,MOMOKA PRIMARY SCHOOL
PS1504060,MOONLIGHT ACADEMY PRIMARY SCHOOL
PS1504077,MPASI PRIMARY SCHOOL
PS1504043,MPONDA PRIMARY SCHOOL
PS1504044,MSUA PRIMARY SCHOOL
PS1504074,MTIMBWA 'B' PRIMARY SCHOOL
PS1504045,MTIMBWA PRIMARY SCHOOL
PS1504046,MWENGE-'A' PRIMARY SCHOOL
PS1504048,NAMBOGO PRIMARY SCHOOL
PS1504049,NDUA PRIMARY SCHOOL
PS1504050,NTENDO PRIMARY SCHOOL
PS1504062,OJAK PRIMARY SCHOOL
PS1504051,PITO PRIMARY SCHOOL
PS1504052,SENGA PRIMARY SCHOOL
PS1504076,SOKOLO PRIMARY SCHOOL
PS1504061,ST GERTRUDE PRIMARY SCHOOL
PS1504053,ST MATHIAS PRIMARY SCHOOL
PS1504066,ST.AGGREY PRIMARY SCHOOL
PS1504063,SUMBAWANGA ISTIQAAMA PRIMARY SCHOOL
PS1504054,TAMASENGA PRIMARY SCHOOL
PS1504055,UFIPA PRIMARY SCHOOL
PS1504056,ULINJI PRIMARY SCHOOL
PS1504057,UTENGULE PRIMARY SCHOOL
PS1504058,WIPANGA PRIMARY SCHOOL
PS1608001,GUMBIRO   PRIMARY SCHOOL
PS1608002,IFINGA PRIMARY SCHOOL
PS1608003,IFUGWA  PRIMARY SCHOOL
PS1608004,IGAWISENGA PRIMARY SCHOOL
PS1608005,KIBLANG'OMBE PRIMARY SCHOOL
PS1608006,KIFAGURO PRIMARY SCHOOL
PS1608007,KIPINGO  PRIMARY SCHOOL
PS1608008,LIKARANGILO   PRIMARY SCHOOL
PS1608009,LILONDO PRIMARY  SCHOOL PRIMARY SCHOOL
PS1608032,LIPUPUMA PRIMARY SCHOOL
PS1608010,LUHIMBA  PRIMARY SCHOOL
PS1608011,LUTUKIRA PRIMARY SCHOOL
PS1608012,MADABA  PRIMARY SCHOOL
PS1608013,MAGINGO PRIMARY SCHOOL
PS1608014,MAHANJE  PRIMARY SCHOOL
PS1608015,MATETEREKA  PRIMARY SCHOOL
PS1608016,MAWESO PRIMARY SCHOOL
PS1608017,MBANGAMAWE  PRIMARY SCHOOL
PS1608018,MKONGOTEMA PRIMARY SCHOOL
PS1608019,MKWERA PRIMARY SCHOOL
PS1608029,MTAZAMO PRIMARY SCHOOL
PS1608020,MTYANGIMBOLE PRIMARY SCHOOL
PS1608028,NDELENYUMA PRIMARY SCHOOL
PS1608021,NGADINDA PRIMARY SCHOOL
PS1608022,NGEMBAMBILI PRIMARY SCHOOL
PS1608023,NJEGEA  PRIMARY SCHOOL
PS1608024,SOKOINE PRIMARY SCHOOL
PS1608025,ST. GETRUDE PRIMARY SCHOOL
PS1608026,TURIANI PRIMARY SCHOOL
PS1608027,WINO  PRIMARY  SCHOOL PRIMARY SCHOOL
PS1601001,AMANIMAKORO PRIMARY SCHOOL
PS1601002,ARUSHA PRIMARY SCHOOL
PS1601003,BAGAMOYO PRIMARY SCHOOL
PS1601004,BARABARA PRIMARY SCHOOL
PS1601005,BURMA PRIMARY SCHOOL
PS1601006,BURUNDI PRIMARY SCHOOL
PS1601007,CHUNYA  PRIMARY SCHOOL
PS1601008,HAGATI PRIMARY SCHOOL
PS1601009,HALALE PRIMARY SCHOOL
PS1601010,ILAKAI PRIMARY SCHOOL
PS1601011,ILELA PRIMARY SCHOOL
PS1601012,JUHUDI PRIMARY SCHOOL
PS1601013,KAMBARAGE PRIMARY SCHOOL
PS1601014,KIBANGA PRIMARY SCHOOL
PS1601015,KIGANGI PRIMARY SCHOOL
PS1601016,KIGONSERA PRIMARY SCHOOL
PS1601017,KIGOTI PRIMARY SCHOOL
PS1601018,KIHANGIMAHUKA PRIMARY SCHOOL
PS1601019,KIHEREKETI PRIMARY SCHOOL
PS1601020,KIHONGO PRIMARY SCHOOL
PS1601021,KIHUMBAGURU PRIMARY SCHOOL
PS1601022,KIHURUKU PRIMARY SCHOOL
PS1601157,KIHURUNGI PRIMARY SCHOOL
PS1601158,KIKODI PRIMARY SCHOOL
PS1601023,KIKULI PRIMARY SCHOOL
PS1601024,KILANGAJUU PRIMARY SCHOOL
PS1601169,KILANGO PRIMARY SCHOOL
PS1601025,KILINDI PRIMARY SCHOOL
PS1601026,KIMARA PRIMARY SCHOOL
PS1601153,KIMBARAKATA PRIMARY SCHOOL
PS1601027,KINDIMBACHINI PRIMARY SCHOOL
PS1601028,KINGOLI PRIMARY SCHOOL
PS1601029,KINGUA PRIMARY SCHOOL
PS1601030,KIPAPA PRIMARY SCHOOL
PS1601031,KIPEGEI PRIMARY SCHOOL
PS1601032,KIPOKA PRIMARY SCHOOL
PS1601033,KIPOLOLO PRIMARY SCHOOL
PS1601034,KITAI PRIMARY SCHOOL
PS1601035,KITESA PRIMARY SCHOOL
PS1601036,KITOGOTA PRIMARY SCHOOL
PS1601037,KITUMBI PRIMARY SCHOOL
PS1601038,KIWALANGI PRIMARY SCHOOL
PS1601039,KIWOMBI PRIMARY SCHOOL
PS1601040,KIYAHA PRIMARY SCHOOL
PS1601041,KIZOTA PRIMARY SCHOOL
PS1601042,KOMBOA PRIMARY SCHOOL
PS1601154,LANGANDONDO PRIMARY SCHOOL
PS1601043,LANGIRO PRIMARY SCHOOL
PS1601044,LIHALE PRIMARY SCHOOL
PS1601045,LIHUTU PRIMARY SCHOOL
PS1601046,LIMBONI PRIMARY SCHOOL
PS1601047,LINGOMBA PRIMARY SCHOOL
PS1601048,LIPUMBA PRIMARY SCHOOL
PS1601049,LISAU PRIMARY SCHOOL
PS1601050,LITANDA PRIMARY SCHOOL
PS1601051,LITEMBO PRIMARY SCHOOL
PS1601052,LITOHO PRIMARY SCHOOL
PS1601053,LITUMBANDYOSI PRIMARY SCHOOL
PS1601054,LITUNDU PRIMARY SCHOOL
PS1601055,LIULA PRIMARY SCHOOL
PS1601056,LIWANGA PRIMARY SCHOOL
PS1601057,LIWIHI PRIMARY SCHOOL
PS1601058,LIYOMBO PRIMARI SCHOOL PRIMARY SCHOOL
PS1601059,LONGA PRIMARY SCHOOL
PS1601060,LUGARI PRIMARY SCHOOL
PS1601061,LUHAGARA PRIMARY SCHOOL
PS1601062,LUHALALA PRIMARY SCHOOL
PS1601159,LUHANYA PRIMARY SCHOOL
PS1601063,LUHIKITIKI PRIMARY SCHOOL
PS1601160,LUKAI PRIMARY SCHOOL
PS1601064,LUKARASI PRIMARY SCHOOL
PS1601065,LUKITI PRIMARY SCHOOL
PS1601066,LULWAHI PRIMARY SCHOOL
PS1601067,LUNORO PRIMARY SCHOOL
PS1601068,LUPILINGA PRIMARY SCHOOL
PS1601069,LUSAKA PRIMARY SCHOOL
PS1601155,LUWINO PRIMARY SCHOOL
PS1601070,MABUNI PRIMARY SCHOOL
PS1601071,MAGUU PRIMARY SCHOOL
PS1601072,MAHENGE PRIMARY SCHOOL
PS1601073,MAHILO PRIMARY SCHOOL
PS1601074,MAHUMBATO PRIMARY SCHOOL
PS1601075,MAKEMU PRIMARY SCHOOL
PS1601076,MAKONGA PRIMARY SCHOOL
PS1601077,MALEKA PRIMARY SCHOOL
PS1601078,MALIBA PRIMARY SCHOOL
PS1601079,MALINDINDO PRIMARY SCHOOL
PS1601080,MANZEYE PRIMARY SCHOOL
PS1601081,MAPENDANO PRIMARY SCHOOL
PS1601082,MAPERA PRIMARY SCHOOL
PS1601083,MAPIPILI PRIMARY SCHOOL
PS1601084,MATEKELA PRIMARY SCHOOL
PS1601085,MATIRI PRIMARY SCHOOL
PS1601086,MATOKEO PRIMARY SCHOOL
PS1601087,MATUNGUTU PRIMARY SCHOOL
PS1601088,MATUTA PRIMARY SCHOOL
PS1601161,MAWENI PRIMARY SCHOOL
PS1601089,MAWONO PRIMARY SCHOOL
PS1601090,MBANDA PRIMARY SCHOOL
PS1601091,MBUGANI PRIMARY SCHOOL
PS1601092,MBUGU PRIMARY SCHOOL
PS1601093,MBUJI PRIMARY SCHOOL
PS1601094,MBULA PRIMARY SCHOOL
PS1601156,MBUTA PRIMARY SCHOOL
PS1601095,MHAGAWA PRIMARY SCHOOL
PS1601096,MHILO PRIMARY SCHOOL
PS1601166,MHIMBAZI PRIMARY SCHOOL
PS1601097,MHONGOZI PRIMARY SCHOOL
PS1601098,MIHANGO PRIMARY SCHOOL
PS1601099,MIKALANGA PRIMARY SCHOOL
PS1601100,MIKUMI PRIMARY SCHOOL
PS1601101,MIMBUA PRIMARY SCHOOL
PS1601102,MINAZI PRIMARY SCHOOL
PS1601103,MITAMBO PRIMARY SCHOOL
PS1601104,MITANGA PRIMARY SCHOOL
PS1601105,MITAWA PRIMARY SCHOOL
PS1601106,MITULA PRIMARY SCHOOL
PS1601107,MKAKO PRIMARY SCHOOL
PS1601108,MKALANGA PRIMARY SCHOOL
PS1601109,MKALITE PRIMARY SCHOOL
PS1601110,MKEKE PRIMARY SCHOOL
PS1601162,MKESO PRIMARY SCHOOL
PS1601111,MKINGA PRIMARY SCHOOL
PS1601112,MKOHA PRIMARY SCHOOL
PS1601113,MKUKA PRIMARY SCHOOL
PS1601114,MKUMBI PRIMARY SCHOOL
PS1601115,MKUMBU PRIMARY SCHOOL
PS1601116,MKURUMUSI PRIMARY SCHOOL
PS1601117,MKUWANI PRIMARY SCHOOL
PS1601118,MKWERA PRIMARY SCHOOL
PS1601119,MNAZIMMOJA PRIMARY SCHOOL
PS1601120,MPANDA PRIMARY SCHOOL
PS1601121,MPAPA PRIMARY SCHOOL
PS1601122,MSAMALA PRIMARY SCHOOL
PS1601123,MTAWA PRIMARY SCHOOL
PS1601163,MTAZAMAGAMA PRIMARY SCHOOL
PS1601124,MWANYU PRIMARY SCHOOL
PS1601125,MYAU PRIMARY SCHOOL
PS1601126,MZUZU PRIMARY SCHOOL
PS1601127,NAKATOKE PRIMARY SCHOOL
PS1601128,NAMSWEA PRIMARY SCHOOL
PS1601129,NDANGA PRIMARY SCHOOL
PS1601130,NDEMBO PRIMARY SCHOOL
PS1601131,NDENGU PRIMARY SCHOOL
PS1601132,NDESA PRIMARY SCHOOL
PS1601133,NDONGOSI PRIMARY SCHOOL
PS1601134,NDUNGULI PRIMARY SCHOOL
PS1601135,NGERUKE PRIMARY SCHOOL
PS1601136,NGIMA PRIMARY SCHOOL
PS1601137,NJOMBE PRIMARY SCHOOL
PS1601138,NJOMBO PRIMARY SCHOOL
PS1601139,NSENGA PRIMARY SCHOOL
PS1601140,NTESUKA PRIMARY SCHOOL
PS1601141,NTUNDUWARO PRIMARY SCHOOL
PS1601142,NYONI PRIMARY SCHOOL
PS1601143,NYOTA PRIMARY SCHOOL
PS1601144,PARADISO PRIMARY SCHOOL
PS1601145,RUANDA PRIMARY SCHOOL
PS1601146,SAFINA PRIMARY SCHOOL
PS1601147,SARA PRIMARY SCHOOL
PS1601148,UGANO PRIMARY SCHOOL
PS1601149,UKATA PRIMARY SCHOOL
PS1601164,UKOMBOZI PRIMARY SCHOOL
PS1601150,ULIMA PRIMARY SCHOOL
PS1601151,UNANGO PRIMARY SCHOOL
PS1601152,WUKIRO PRIMARY SCHOOL
PS1607009,AL JAZIRA PRIMARY SCHOOL
PS1607076,BERUMA PRIMARY SCHOOL
PS1607055,CHANGARAWE PRIMARY SCHOOL
PS1607068,CHEMKA PRIMARY SCHOOL
PS1607012,DE PAUL PRIMARY SCHOOL
PS1607010,HURUMA PRIMARY SCHOOL
PS1607067,IRINGA PRIMARY SCHOOL
PS1607041,KAGUGU PRIMARY SCHOOL
PS1607028,KIHUKA PRIMARY SCHOOL
PS1607025,KIHULILA PRIMARY SCHOOL
PS1607061,KIHUNGU PRIMARY SCHOOL
PS1607048,KIKOLO PRIMARY SCHOOL
PS1607032,KILIMANI PRIMARY SCHOOL
PS1607017,KINDIMBA PRIMARY SCHOOL
PS1607015,KIPIKA PRIMARY SCHOOL
PS1607056,KIPUNGU PRIMARY SCHOOL
PS1607069,KITANDA PRIMARY SCHOOL
PS1607027,KITANGALI PRIMARY SCHOOL
PS1607051,KITETE PRIMARY SCHOOL
PS1607001,KIWANJANI PRIMARY SCHOOL
PS1607021,LAZI PRIMARY SCHOOL
PS1607036,LIFAKARA PRIMARY SCHOOL
PS1607039,LIHUMBE PRIMARY SCHOOL
PS1607059,LIHUNUNA PRIMARY SCHOOL
PS1607060,LIPEMBE PRIMARY SCHOOL
PS1607057,LIPILIPILI PRIMARY SCHOOL
PS1607058,LUHANGAI PRIMARY SCHOOL
PS1607050,LUHEHE PRIMARY SCHOOL
PS1607006,LUPILISI PRIMARY SCHOOL
PS1607071,LUPILO PRIMARY SCHOOL
PS1607043,LUPOSO PRIMARY SCHOOL
PS1607153,LUTHER PRIMARY SCHOOL
PS1607023,LUWAITA PRIMARY SCHOOL
PS1607042,MAGANAGANA PRIMARY SCHOOL
PS1607066,MAHANDE PRIMARY SCHOOL
PS1607002,MAHELA PRIMARY SCHOOL
PS1607046,MAKATANI PRIMARY SCHOOL
PS1607074,MAKONGOWELA PRIMARY SCHOOL
PS1607044,MAKUNGURU PRIMARY SCHOOL
PS1607040,MALANGALE PRIMARY SCHOOL
PS1607078,MALETA JUU PRIMARY SCHOOL
PS1607065,MANDONYA PRIMARY SCHOOL
PS1607011,MASASI PRIMARY SCHOOL
PS1607070,MASIMERI PRIMARY SCHOOL
PS1607007,MASUMUNI PRIMARY SCHOOL
PS1607020,MATEKA PRIMARY SCHOOL
PS1607083,MATENGO PRIMARY SCHOOL
PS1607014,MBAMBI PRIMARY SCHOOL
PS1607037,MBANGAMAO PRIMARY SCHOOL
PS1607004,MBINGA PRIMARY SCHOOL
PS1607031,MHEKELA PRIMARY SCHOOL
PS1607072,MIEMBENI PRIMARY SCHOOL
PS1607035,MIKOLOLA PRIMARY SCHOOL
PS1607030,MKWAYA PRIMARY SCHOOL
PS1607052,MPEPAI PRIMARY SCHOOL
PS1607053,MTUA PRIMARY SCHOOL
PS1607063,MULIKA PRIMARY SCHOOL
PS1607018,MUNDEKI PRIMARY SCHOOL
PS1607082,MWAMKO PRIMARY SCHOOL
PS1607019,MYANGAYANGA PRIMARY SCHOOL
PS1607005,NAZARETH PRIMARY SCHOOL
PS1607045,NGWAMBO PRIMARY SCHOOL
PS1607049,NJOMLOLE PRIMARY SCHOOL
PS1607008,NYERERE PRIMARY SCHOOL
PS1607034,NZOPAI PRIMARY SCHOOL
PS1607062,PACHASITA PRIMARY SCHOOL
PS1607033,RUDISHA PRIMARY SCHOOL
PS1607054,RUVUMA CHINI PRIMARY SCHOOL
PS1607073,RUVUMA PRIMARY SCHOOL
PS1607029,SEPUKILA PRIMARY SCHOOL
PS1607003,ST. WILHELM PRIMARY SCHOOL
PS1607022,TANGA PRIMARY SCHOOL
PS1607013,TUGUTU PRIMARY SCHOOL
PS1607024,TUKUZI PRIMARY SCHOOL
PS1607077,TULILA PRIMARY SCHOOL
PS1607016,TWIGA PRIMARY SCHOOL
PS1607038,UKIMO PRIMARY SCHOOL
PS1607064,UTIRI PRIMARY SCHOOL
PS1607047,UZENA PRIMARY SCHOOL
PS1607026,ZOMBA PRIMARY SCHOOL
PS1605001,AMANI PRIMARY SCHOOL
PS1605002,BOMBAMBILI PRIMARY SCHOOL
PS1605003,CHENGENA PRIMARY SCHOOL
PS1605004,HANGA DDC PRIMARY SCHOOL
PS1605107,JIUNGENI PRIMARY SCHOOL
PS1605005,JUHUDI PRIMARY SCHOOL
PS1605109,KANJELE PRIMARY SCHOOL
PS1605006,KARUME PRIMARY SCHOOL
PS1605007,KAWAWA PRIMARY SCHOOL
PS1605008,KIBURUNGUTU PRIMARY SCHOOL
PS1605093,KIDUGARO PRIMARY SCHOOL
PS1605009,KILANGALANGA PRIMARY SCHOOL
PS1605010,KILIMASERA PRIMARY SCHOOL
PS1605011,KITANDA PRIMARY SCHOOL
PS1605012,KUMBARA PRIMARY SCHOOL
PS1605013,KWIZOMBE PRIMARY SCHOOL
PS1605014,LIBANGO PRIMARY SCHOOL
PS1605015,LIBOBI PRIMARY SCHOOL
PS1605016,LIGERA PRIMARY SCHOOL
PS1605017,LIGUNGA PRIMARY SCHOOL
PS1605018,LIKONDE PRIMARY SCHOOL
PS1605019,LIKUSANGUSE PRIMARY SCHOOL
PS1605020,LIKUYUSEKA MAGANGA PRIMARY SCHOOL
PS1605021,LIMAMU PRIMARY SCHOOL
PS1605022,LISIMONJI PRIMARY SCHOOL
PS1605023,LITETE PRIMARY SCHOOL
PS1605024,LITOLA PRIMARY SCHOOL
PS1605025,LUEGU PRIMARY SCHOOL
PS1605027,LUGONGORO PRIMARY SCHOOL
PS1605026,LUHANGANO PRIMARY SCHOOL
PS1605028,LUMECHA PRIMARY SCHOOL
PS1605029,LUSENTI PRIMARY SCHOOL
PS1605030,LUSEWA PRIMARY SCHOOL
PS1605094,MAENDELEO PRIMARY SCHOOL
PS1605031,MAGAZINI PRIMARY SCHOOL
PS1605032,MAGEUZI PRIMARY SCHOOL
PS1605033,MANDELA PRIMARY SCHOOL
PS1605034,MANDEPWENDE PRIMARY SCHOOL
PS1605035,MASUGURU PRIMARY SCHOOL
PS1605036,MATEPWENDE PRIMARY SCHOOL
PS1605037,MAWA PRIMARY SCHOOL
PS1605038,MBIMBI PRIMARY SCHOOL
PS1605039,MCHOMORO PRIMARY SCHOOL
PS1605040,MDWEMA PRIMARY SCHOOL
PS1605041,MFUATE PRIMARY SCHOOL
PS1605042,MGOMBASI PRIMARY SCHOOL
PS1605043,MHANGAZI PRIMARY SCHOOL
PS1605112,MIEMBENI PRIMARY SCHOOL
PS1605044,MIGELEGELE PRIMARY SCHOOL
PS1605045,MILONJI PRIMARY SCHOOL
PS1605046,MINAZINI PRIMARY SCHOOL
PS1605047,MINGWEHA PRIMARY SCHOOL
PS1605048,MISUFINI PRIMARY SCHOOL
PS1605049,MITORONJI PRIMARY SCHOOL
PS1605050,MKAPA PRIMARY SCHOOL
PS1605051,MKOMANILE PRIMARY SCHOOL
PS1605053,MKONGO NAKAWALE PRIMARY SCHOOL
PS1605052,MKONGO PRIMARY SCHOOL
PS1605108,MKUYUNI PRIMARY SCHOOL
PS1605106,MLAMBICHUMA PRIMARY SCHOOL
PS1605054,MLILAYOYO PRIMARY SCHOOL
PS1605055,MLINDIMILA PRIMARY SCHOOL
PS1605056,MLIWASI PRIMARY SCHOOL
PS1605057,MPUTA PRIMARY SCHOOL
PS1605058,MSINDO PRIMARY SCHOOL
PS1605059,MSISIMA PRIMARY SCHOOL
PS1605060,MTAKANINI PRIMARY SCHOOL
PS1605061,MTELAWAMWAHI PRIMARY SCHOOL
PS1605062,MTONYA PRIMARY SCHOOL
PS1605063,MTUMBATIMAJI PRIMARY SCHOOL
PS1605098,MTWARA PACHANI PRIMARY SCHOOL
PS1605064,MUUNGANO PRIMARY SCHOOL
PS1605065,MWANGAZA PRIMARY SCHOOL
PS1605095,MWENGE PRIMARY SCHOOL
PS1605066,MWINUKO PRIMARY SCHOOL
PS1605120,MZALENDO PRIMARY SCHOOL
PS1605118,NAHANGE PRIMARY SCHOOL
PS1605067,NAHIMBA PRIMARY SCHOOL
PS1605068,NAHORO PRIMARY SCHOOL
PS1605069,NAIKESI PRIMARY SCHOOL
PS1605070,NAMABENGO PRIMARY SCHOOL
PS1605071,NAMAHOKA PRIMARY SCHOOL
PS1605072,NAMALI PRIMARY SCHOOL
PS1605074,NAMANGULI PRIMARY SCHOOL
PS1605073,NAMANIMA PRIMARY SCHOOL
PS1605075,NAMBALAMA PRIMARY SCHOOL
PS1605076,NAMBECHA PRIMARY SCHOOL
PS1605077,NAMBEHE PRIMARY SCHOOL
PS1605078,NAMTUMBO PRIMARY SCHOOL
PS1605080,NAMWAYA PRIMARY SCHOOL
PS1605119,NANDENGELE PRIMARY SCHOOL
PS1605079,NANGERO PRIMARY SCHOOL
PS1605082,NGWINDE PRIMARY SCHOOL
PS1605081,NJALAMATATA PRIMARY SCHOOL
PS1605110,NJUGA PRIMARY SCHOOL
PS1605101,NTUNGWE PRIMARY SCHOOL
PS1605083,NYERERE PRIMARY SCHOOL
PS1605113,PAX PRIMARY SCHOOL
PS1605084,RWINGA PRIMARY SCHOOL
PS1605085,SASAWALA PRIMARY SCHOOL
PS1605096,SELOUS PRIMARY SCHOOL
PS1605086,SEMENI PRIMARY SCHOOL
PS1605087,SONGAMBELE PRIMARY SCHOOL
PS1605114,ST AGNES CHIPOLE PRIMARY SCHOOL
PS1605099,ST LAURENT PRIMARY SCHOOL
PS1605111,ST NICHOLAUS PRIMARY SCHOOL
PS1605105,ST XAVIERS PRIMARY SCHOOL
PS1605088,SULUTI PRIMARY SCHOOL
PS1605089,TUMAINI PRIMARY SCHOOL
PS1605090,TUONANE PRIMARY SCHOOL
PS1605097,UHURU PRIMARY SCHOOL
PS1605115,UJAMAA PRIMARY SCHOOL
PS1605091,UKIWAYUYU PRIMARY SCHOOL
PS1605104,UKOMBOZI PRIMARY SCHOOL
PS1605103,UPENDO PRIMARY SCHOOL
PS1605092,UTWANGO PRIMARY SCHOOL
PS1606001,AMANI PRIMARY SCHOOL
PS1606002,CHIMATE PRIMARY SCHOOL
PS1606003,CHINULA PRIMARY SCHOOL
PS1606004,CHIULU PRIMARY SCHOOL
PS1606005,CHIWINDI PRIMARY SCHOOL
PS1606006,DAR PORI PRIMARY SCHOOL
PS1606007,HONGI PRIMARY SCHOOL
PS1606008,JANGWANI PRIMARY SCHOOL
PS1606009,KARUME PRIMARY SCHOOL
PS1606099,KIBAONI PRIMARY SCHOOL
PS1606010,KIGONGO PRIMARY SCHOOL
PS1606011,KIHAGARA PRIMARY SCHOOL
PS1606012,KIHANGA PRIMARY SCHOOL
PS1606013,KIHURUNGA PRIMARY SCHOOL
PS1606112,KIJUMBA PRIMARY SCHOOL
PS1606014,KIKOLE PRIMARY SCHOOL
PS1606015,KILINDINDA PRIMARY SCHOOL
PS1606016,KILOSA PRIMARY SCHOOL
PS1606017,KIMBANGO PRIMARY SCHOOL
PS1606018,KINGERIKITI PRIMARY SCHOOL
PS1606114,KONGANYWITA PRIMARY SCHOOL
PS1606019,KUHAMBA PRIMARY SCHOOL
PS1606020,KWAMBE PRIMARY SCHOOL
PS1606101,LAMI PRIMARY SCHOOL
PS1606021,LIKWILU PRIMARY SCHOOL
PS1606102,LIMA PRIMARY SCHOOL
PS1606022,LINDA PRIMARY SCHOOL
PS1606023,LINDI PRIMARY SCHOOL
PS1606024,LIPARAMBA PRIMARY SCHOOL
PS1606025,LIPINGO PRIMARY SCHOOL
PS1606026,LITIMBA PRIMARY SCHOOL
PS1606027,LITINDO PRIMARY SCHOOL
PS1606028,LITOROMELO PRIMARY SCHOOL
PS1606029,LITUHI PRIMARY SCHOOL
PS1606030,LIWETA PRIMARY SCHOOL
PS1606031,LIWUNDI PRIMARY SCHOOL
PS1606109,LOVUND PRIMARY SCHOOL
PS1606032,LUHANGARASI PRIMARY SCHOOL
PS1606033,LUHINDO PRIMARY SCHOOL
PS1606034,LULIMBO PRIMARY SCHOOL
PS1606035,LUMALU PRIMARY SCHOOL
PS1606036,LUMECHA PRIMARY SCHOOL
PS1606037,LUMEME PRIMARY SCHOOL
PS1606038,LUNDO PRIMARY SCHOOL
PS1606039,LUNDU PRIMARY SCHOOL
PS1606040,LUNYELE PRIMARY SCHOOL
PS1606041,LUSEWA PRIMARY SCHOOL
PS1606107,LUSILINGO PRIMARY SCHOOL
PS1606042,MALAMALA PRIMARY SCHOOL
PS1606043,MALINI PRIMARY SCHOOL
PS1606044,MALUNGU PRIMARY SCHOOL
PS1606045,MANGO PRIMARY SCHOOL
PS1606046,MAPATO PRIMARY SCHOOL
PS1606047,MAPENDO PRIMARY SCHOOL
PS1606048,MARUDIO PRIMARY SCHOOL
PS1606103,MATARAWE PRIMARY SCHOOL
PS1606049,MATENJE PRIMARY SCHOOL
PS1606050,MAWASILIANO PRIMARY SCHOOL
PS1606051,MBAHA PRIMARY SCHOOL
PS1606052,MBAHI PRIMARY SCHOOL
PS1606053,MBAMBA BAY PRIMARY SCHOOL
PS1606054,MBANGA PRIMARY SCHOOL
PS1606055,MBUYULA PRIMARY SCHOOL
PS1606056,MIPOTOPOTO PRIMARY SCHOOL
PS1606057,MITOMONI PRIMARY SCHOOL
PS1606098,MITUMBITUMBI PRIMARY SCHOOL
PS1606058,MKALI B PRIMARY SCHOOL
PS1606059,MKALOLE PRIMARY SCHOOL
PS1606060,MKILI PRIMARY SCHOOL
PS1606061,MKURUSI PRIMARY SCHOOL
PS1606062,MPEPO PRIMARY SCHOOL
PS1606063,MPOPOMA PRIMARY SCHOOL
PS1606064,MSETO PRIMARY SCHOOL
PS1606104,MSHIKAMANO PRIMARY SCHOOL
PS1606065,MTACHI PRIMARY SCHOOL
PS1606066,MTAZAMO PRIMARY SCHOOL
PS1606067,MTENGULE PRIMARY SCHOOL
PS1606068,MTETEMA PRIMARY SCHOOL
PS1606069,MTIPWILI PRIMARY SCHOOL
PS1606070,MTUPALE PRIMARY SCHOOL
PS1606071,MUUNGANO PRIMARY SCHOOL
PS1606072,MWERAMPYA PRIMARY SCHOOL
PS1606073,MWONGOZO PRIMARY SCHOOL
PS1606105,NAIWANGA PRIMARY SCHOOL
PS1606074,NAMBILA PRIMARY SCHOOL
PS1606075,NANGOMBO PRIMARY SCHOOL
PS1606076,NDENGELE PRIMARY SCHOOL
PS1606077,NDESULE PRIMARY SCHOOL
PS1606078,NDINGINE PRIMARY SCHOOL
PS1606079,NDONDO PRIMARY SCHOOL
PS1606080,NDONGA PRIMARY SCHOOL
PS1606081,NDUMBI PRIMARY SCHOOL
PS1606083,NGEHE PRIMARY SCHOOL
PS1606084,NGINDO PRIMARY SCHOOL
PS1606085,NGINGAMA PRIMARY SCHOOL
PS1606106,NGOMBA PRIMARY SCHOOL
PS1606082,NG'OMBO PRIMARY SCHOOL
PS1606086,NJOMOLE PRIMARY SCHOOL
PS1606087,NKALACHI PRIMARY SCHOOL
PS1606116,NYASA PRIMARY SCHOOL
PS1606088,PISI PRIMARY SCHOOL
PS1606089,PUNGA PRIMARY SCHOOL
PS1606090,PUULU PRIMARY SCHOOL
PS1606100,RUHUHU PRIMARY SCHOOL
PS1606091,SONGAMBELE PRIMARY SCHOOL
PS1606092,TINGI PRIMARY SCHOOL
PS1606093,TUMBI PRIMARY SCHOOL
PS1606094,UKULI PRIMARY SCHOOL
PS1606095,UNDU PRIMARY SCHOOL
PS1606096,UPOLO PRIMARY SCHOOL
PS1606108,YOLA PRIMARY SCHOOL
PS1606097,ZAMBIA PRIMARY SCHOOL
PS1603001,ABOUD-JUMBE PRIMARY SCHOOL
PS1603002,AMKATWENDE PRIMARY SCHOOL
PS1603003,CHIPOLE PRIMARY SCHOOL
PS1603004,HUMBARO PRIMARY SCHOOL
PS1603081,JENISTA PRIMARY SCHOOL
PS1603005,KIBURUNGI PRIMARY SCHOOL
PS1603006,KIHEO PRIMARY SCHOOL
PS1603007,KIKUNJA PRIMARY SCHOOL
PS1603008,KILAGANO PRIMARY SCHOOL
PS1603009,KILAWALAWA PRIMARY SCHOOL
PS1603010,KILIMANI PRIMARY SCHOOL
PS1603011,KITURO PRIMARY SCHOOL
PS1603012,KIVUKONI PRIMARY SCHOOL
PS1603013,KIZUKA PRIMARY SCHOOL
PS1603014,LIGANGA PRIMARY SCHOOL
PS1603078,LIGUNGA PRIMARY SCHOOL
PS1603015,LIHANJE PRIMARY SCHOOL
PS1603079,LIHUHU PRIMARY SCHOOL
PS1603016,LILAHI PRIMARY SCHOOL
PS1603017,LIPAYA PRIMARY SCHOOL
PS1603018,LIPOKELA PRIMARY SCHOOL
PS1603019,LITAPWASI PRIMARY SCHOOL
PS1603020,LITISHA PRIMARY SCHOOL
PS1603021,LITOWA PRIMARY SCHOOL
PS1603022,LIULA PRIMARY SCHOOL
PS1603023,LIWETA PRIMARY SCHOOL
PS1603024,LUGAGARA PRIMARY SCHOOL
PS1603025,LUNDUSI PRIMARY SCHOOL
PS1603026,LUNG'OO PRIMARY SCHOOL
PS1603080,LUNYELE PRIMARY SCHOOL
PS1603027,LUSONGA PRIMARY SCHOOL
PS1603028,MAGAGURA PRIMARY SCHOOL
PS1603029,MAGIMA PRIMARY SCHOOL
PS1603030,MAGWAMILA PRIMARY SCHOOL
PS1603031,MAKAMBI PRIMARY SCHOOL
PS1603032,MAKWAYA PRIMARY SCHOOL
PS1603073,MALETA PRIMARY SCHOOL
PS1603033,MAPINDUZI PRIMARY SCHOOL
PS1603034,MAPOSENI PRIMARY SCHOOL
PS1603035,MASANGU PRIMARY SCHOOL
PS1603036,MATAMA PRIMARY SCHOOL
PS1603037,MATIMIRA PRIMARY SCHOOL
PS1603038,MATOMONDO PRIMARY SCHOOL
PS1603039,MBILO PRIMARY SCHOOL
PS1603040,MBINGAMHARULE PRIMARY SCHOOL
PS1603076,MBOLONGO PRIMARY SCHOOL
PS1603041,MBWAMBWASI PRIMARY SCHOOL
PS1603042,MGAZINI PRIMARY SCHOOL
PS1603043,MGOWA PRIMARY SCHOOL
PS1603044,MHEPAI PRIMARY SCHOOL
PS1603082,MHIMBASI PRIMARY SCHOOL
PS1603045,MIPETA PRIMARY SCHOOL
PS1603046,MKURUMUSI PRIMARY SCHOOL
PS1603047,MLALE PRIMARY SCHOOL
PS1603048,MNYONGA PRIMARY SCHOOL
PS1603049,MOROGORO PRIMARY SCHOOL
PS1603050,MPANDANGINDO PRIMARY SCHOOL
PS1603051,MPANGULA PRIMARY SCHOOL
PS1603052,MPINGI PRIMARY SCHOOL
PS1603053,MPITIMBI PRIMARY SCHOOL
PS1603054,MSHIKAMANO PRIMARY SCHOOL
PS1603055,MUHUKURU PRIMARY SCHOOL
PS1603056,MUUNGANO PRIMARY SCHOOL
PS1603057,NAKAHEGWA PRIMARY SCHOOL
PS1603058,NAKAHUGA PRIMARY SCHOOL
PS1603059,NAKAWALE MUHUKURU PRIMARY SCHOOL
PS1603060,NAMAKINGA PRIMARY SCHOOL
PS1603061,NAMATUHI PRIMARY SCHOOL
PS1603086,NAMBALAPI PRIMARY SCHOOL
PS1603062,NAMBENDO PRIMARY SCHOOL
PS1603063,NDIRIMA PRIMARY SCHOOL
PS1603064,NDONGOSI PRIMARY SCHOOL
PS1603065,NGAHOKORA PRIMARY SCHOOL
PS1603066,PARANGU PRIMARY SCHOOL
PS1603067,PERAMIHO PRIMARY SCHOOL
PS1603068,PUTIRE PRIMARY SCHOOL
PS1603075,SELEKANO PRIMARY SCHOOL
PS1603074,ULAMBONI PRIMARY SCHOOL
PS1603069,UYAHUDINI PRIMARY SCHOOL
PS1603070,ZOMBA PRIMARY SCHOOL
PS1604092,AJOFU PRIMARY SCHOOL
PS1604040,AMANI PRIMARY SCHOOL
PS1604093,BEROYA PRIMARY SCHOOL
PS1604001,BOMBAMBILI PRIMARY SCHOOL
PS1604098,CAVENDISH PRIMARY SCHOOL
PS1604069,CHABRUMA PRIMARY SCHOOL
PS1604002,CHANDALUA PRIMARY SCHOOL
PS1604039,CHANDAMALI PRIMARY SCHOOL
PS1604081,CHANGARAWE PRIMARY SCHOOL
PS1604003,CHEMCHEM PRIMARY SCHOOL
PS1604101,CHIEF MBANO PRIMARY SCHOOL
PS1604102,CHIEF ZULU PRIMARY SCHOOL
PS1604074,DE PAUL PRIMARY SCHOOL
PS1604089,GOOD SHEPHERD MONTESSORI PRIMARY SCHOOL
PS1604082,GRACIOUS PRIMARY SCHOOL
PS1604004,HUDUMA PRIMARY SCHOOL
PS1604053,JUHUDI PRIMARY SCHOOL
PS1604046,KAMBARAGE PRIMARY SCHOOL
PS1604041,KAWAWA PRIMARY SCHOOL
PS1604005,KIBURANG'OMA PRIMARY SCHOOL
PS1604047,KIPELA PRIMARY SCHOOL
PS1604054,KISIWANI PRIMARY SCHOOL
PS1604060,LEGELE PRIMARY SCHOOL
PS1604006,LIHWENA PRIMARY SCHOOL
PS1604072,LIKUYUFUSI PRIMARY SCHOOL
PS1604070,LILAMBO PRIMARY SCHOOL
PS1604085,LIPUPUMA PRIMARY SCHOOL
PS1604028,LIWUMBU PRIMARY SCHOOL
PS1604051,LONDONI PRIMARY SCHOOL
PS1604007,LUHIRA PRIMARY SCHOOL
PS1604008,LUHIRASEKO PRIMARY SCHOOL
PS1604009,LUPAPILA PRIMARY SCHOOL
PS1604080,LUWAWASI PRIMARY SCHOOL
PS1604059,MADIZINI PRIMARY SCHOOL
PS1604010,MAHENGE PRIMARY SCHOOL
PS1604011,MAHILO PRIMARY SCHOOL
PS1604037,MAJENGO PRIMARY SCHOOL
PS1604012,MAJIMAJI PRIMARY SCHOOL
PS1604029,MAKAMBI PRIMARY SCHOOL
PS1604075,MAKEMBA PRIMARY SCHOOL
PS1604079,MAKING'INDA PRIMARY SCHOOL
PS1604073,MANG'UA PRIMARY SCHOOL
PS1604083,MARIAN PRIMARY SCHOOL
PS1604013,MASHUJAA PRIMARY SCHOOL
PS1604065,MASIGILA PRIMARY SCHOOL
PS1604014,MATARAWE PRIMARY SCHOOL
PS1604016,MATEKA PRIMARY SCHOOL
PS1604015,MATOGORO PRIMARY SCHOOL
PS1604030,MBULANI PRIMARY SCHOOL
PS1604017,MFARANYAKI PRIMARY SCHOOL
PS1604055,MIEMBENI PRIMARY SCHOOL
PS1604052,MISUFINI 'B' PRIMARY SCHOOL
PS1604018,MISUFINI PRIMARY SCHOOL
PS1604063,MITAWA PRIMARY SCHOOL
PS1604088,MITENDEWAWA PRIMARY SCHOOL
PS1604043,MJIMWEMA PRIMARY SCHOOL
PS1604091,MKUZO ISLAMIC PRIMARY SCHOOL
PS1604078,MKUZO PRIMARY SCHOOL
PS1604062,MLETE PRIMARY SCHOOL
PS1604019,MLETELE PRIMARY SCHOOL
PS1604087,MLIMANIPARK PRIMARY SCHOOL
PS1604048,MLOWEKA PRIMARY SCHOOL
PS1604038,MPUTA PRIMARY SCHOOL
PS1604020,MSAMALA PRIMARY SCHOOL
PS1604086,MSHANGANO KATI PRIMARY SCHOOL
PS1604084,MSIENDEMBALI PRIMARY SCHOOL
PS1604057,MTAZAMA PRIMARY SCHOOL
PS1604061,MUHUMBEZI PRIMARY SCHOOL
PS1604033,MUUNGANO PRIMARY SCHOOL
PS1604071,MWANAMONGA PRIMARY SCHOOL
PS1604050,MWEMBECHAI PRIMARY SCHOOL
PS1604021,MWENGE-MSHINDO PRIMARY SCHOOL
PS1604042,NAMANDITI PRIMARY SCHOOL
PS1604022,NDILIMA-LITEMBO PRIMARY SCHOOL
PS1604096,NONGANONGA PRIMARY SCHOOL
PS1604077,NTIMBANJAYO PRIMARY SCHOOL
PS1604067,PAMBAZUKO PRIMARY SCHOOL
PS1604099,RUHUWIKO B PRIMARY SCHOOL
PS1604023,RUHUWIKO PRIMARY SCHOOL
PS1604024,RUVUMA PRIMARY SCHOOL
PS1604044,SABASABA PRIMARY SCHOOL
PS1604031,SAMORA PRIMARY SCHOOL
PS1604066,SANANGULA PRIMARY SCHOOL
PS1604090,SIMA-GO PRIMARY SCHOOL
PS1604068,SINAI PRIMARY SCHOOL
PS1604076,SKILL PATH PRIMARY SCHOOL
PS1604025,SOKOINE PRIMARY SCHOOL
PS1604026,SONGEA PRIMARY SCHOOL
PS1604036,ST JOSEPH PRIMARY SCHOOL
PS1604094,ST. BENEDICT TUMAINI PRIMARY SCHOOL
PS1604027,SUBIRA PRIMARY SCHOOL
PS1604035,TAIFA FOUNDATION PRIMARY SCHOOL
PS1604064,TANGA PRIMARY SCHOOL
PS1604056,TEMBO MASHUJAA PRIMARY SCHOOL
PS1604045,UKOMBOZI PRIMARY SCHOOL
PS1604058,UNANGWA PRIMARY SCHOOL
PS1604032,VIZIWI ST VINCENT PRIMARY SCHOOL
PS1604049,ZIMANIMOTO PRIMARY SCHOOL
PS1602141,AIRPORT PRIMARY SCHOOL
PS1602085,ANGALIA PRIMARY SCHOOL
PS1602064,AZIMIO PRIMARY SCHOOL
PS1602111,CHAJILA PRIMARY SCHOOL
PS1602145,CHAMBA PRIMARY SCHOOL
PS1602130,CHANGARAWE PRIMARY SCHOOL
PS1602001,CHELEWENI PRIMARY SCHOOL
PS1602002,CHEMCHEM PRIMARY SCHOOL
PS1602131,CHIKOLE PRIMARY SCHOOL
PS1602095,CHIKOMO PRIMARY SCHOOL
PS1602129,CHIKUNJA PRIMARY SCHOOL
PS1602115,CHILONJI PRIMARY SCHOOL
PS1602003,CHILUNDUNDU PRIMARY SCHOOL
PS1602004,CHIUNGO PRIMARY SCHOOL
PS1602075,CHIWANA PRIMARY SCHOOL
PS1602107,DARAJAMBILI PRIMARY SCHOOL
PS1602092,FUNDIMBANGA PRIMARY SCHOOL
PS1602006,HULIA PRIMARY SCHOOL
PS1602137,IMANI PRIMARY SCHOOL
PS1602005,IPANJE PRIMARY SCHOOL
PS1602114,JAKIKA PRIMARY SCHOOL
PS1602150,JAMHURI PRIMARY SCHOOL
PS1602099,JARIBUNI PRIMARY SCHOOL
PS1602116,JIUNGENI PRIMARY SCHOOL
PS1602007,KAHALA PRIMARY SCHOOL
PS1602096,KAJIMA PRIMARY SCHOOL
PS1602008,KALULU PRIMARY SCHOOL
PS1602110,KANGOMBA PRIMARY SCHOOL
PS1602138,KATUMBI PRIMARY SCHOOL
PS1602158,KAWAWA PRIMARY SCHOOL
PS1602009,KIDODOMA PRIMARY SCHOOL
PS1602144,KIDUGALO PRIMARY SCHOOL
PS1602010,KINDAMBA PRIMARY SCHOOL
PS1602094,KITALO PRIMARY SCHOOL
PS1602011,KITANDA PRIMARY SCHOOL
PS1602076,KITANI PRIMARY SCHOOL
PS1602012,LEGEZAMWENDO PRIMARY SCHOOL
PS1602098,LELOLELO PRIMARY SCHOOL
PS1602013,LIGOMA PRIMARY SCHOOL
PS1602014,LIGUNGA PRIMARY SCHOOL
PS1602068,LIJOMBO PRIMARY SCHOOL
PS1602066,LIKWESO PRIMARY SCHOOL
PS1602015,LIPEPO PRIMARY SCHOOL
PS1602073,LIWANGA PRIMARY SCHOOL
PS1602016,LIWANGULA PRIMARY SCHOOL
PS1602090,LUKALA PRIMARY SCHOOL
PS1602105,LUKUMBO PRIMARY SCHOOL
PS1602017,LUKUMBULE PRIMARY SCHOOL
PS1602132,LUWAWA PRIMARY SCHOOL
PS1602088,MACHEMBA PRIMARY SCHOOL
PS1602133,MAGOMENI PRIMARY SCHOOL
PS1602018,MAHAUHAU PRIMARY SCHOOL
PS1602083,MAJALA PRIMARY SCHOOL
PS1602019,MAJENGO PRIMARY SCHOOL
PS1602020,MAJIMAJI PRIMARY SCHOOL
PS1602021,MAKANDE PRIMARY SCHOOL
PS1602022,MAKOTENI PRIMARY SCHOOL
PS1602134,MALUNGULA PRIMARY SCHOOL
PS1602102,MAMBOLEO PRIMARY SCHOOL
PS1602100,MAPAMBANO PRIMARY SCHOOL
PS1602023,MAPINDUZI PRIMARY SCHOOL
PS1602024,MARUMBA PRIMARY SCHOOL
PS1602071,MASIMA PRIMARY SCHOOL
PS1602025,MASUGURU PRIMARY SCHOOL
PS1602026,MATAKA PRIMARY SCHOOL
PS1602027,MATEMANGA PRIMARY SCHOOL
PS1602087,MATIKA PRIMARY SCHOOL
PS1602028,MBATAMILA PRIMARY SCHOOL
PS1602086,MBATI PRIMARY SCHOOL
PS1602155,MBATI YA LEO PRIMARY SCHOOL
PS1602029,MBESA PRIMARY SCHOOL
PS1602080,MBUNGULAJI PRIMARY SCHOOL
PS1602149,MCHAMALA PRIMARY SCHOOL
PS1602030,MCHANGANI PRIMARY SCHOOL
PS1602143,MCHEKENI PRIMARY SCHOOL
PS1602147,MCHENGAMOTO PRIMARY SCHOOL
PS1602031,MCHOTEKA PRIMARY SCHOOL
PS1602139,MDABWA PRIMARY SCHOOL
PS1602127,MDINGULA PRIMARY SCHOOL
PS1602108,MILONDE PRIMARY SCHOOL
PS1602032,MINDU PRIMARY SCHOOL
PS1602069,MISECHELA PRIMARY SCHOOL
PS1602154,MISUFINI PRIMARY SCHOOL
PS1602067,MISYAJE PRIMARY SCHOOL
PS1602124,MITWANA PRIMARY SCHOOL
PS1602151,MJIMWEMA PRIMARY SCHOOL
PS1602148,MKAMBALA PRIMARY SCHOOL
PS1602112,MKANDU PRIMARY SCHOOL
PS1602074,MKASALE PRIMARY SCHOOL
PS1602033,MKOLOLA PRIMARY SCHOOL
PS1602089,MKOWELA PRIMARY SCHOOL
PS1602140,MKWAJU PRIMARY SCHOOL
PS1602034,MLINGOTI PRIMARY SCHOOL
PS1602153,MNAZIMMOJA PRIMARY SCHOOL
PS1602113,MNEMASI PRIMARY SCHOOL
PS1602082,MOLANDI PRIMARY SCHOOL
PS1602106,MPANJI PRIMARY SCHOOL
PS1602109,MRUSHA PRIMARY SCHOOL
PS1602035,MSAGULA PRIMARY SCHOOL
PS1602036,MSAMALA PRIMARY SCHOOL
PS1602037,MSAMARIA PRIMARY SCHOOL
PS1602038,MSINJI PRIMARY SCHOOL
PS1602128,MSINJILI PRIMARY SCHOOL
PS1602039,MTAMBALALA PRIMARY SCHOOL
PS1602040,MTINA PRIMARY SCHOOL
PS1602078,MTONYA PRIMARY SCHOOL
PS1602041,MTOTELA PRIMARY SCHOOL
PS1602070,MTWARO PRIMARY SCHOOL
PS1602042,MUHUWESI PRIMARY SCHOOL
PS1602043,MUUNGANO PRIMARY SCHOOL
PS1602103,MWANGAZA PRIMARY SCHOOL
PS1602084,MWENGE PRIMARY SCHOOL
PS1602072,MWONGOZO PRIMARY SCHOOL
PS1602091,NAIKULA PRIMARY SCHOOL
PS1602044,NAKAPANYA PRIMARY SCHOOL
PS1602045,NAKAYAYA PRIMARY SCHOOL
PS1602079,NALASI PRIMARY SCHOOL
PS1602081,NALUWALE PRIMARY SCHOOL
PS1602046,NAMAKAMBALE PRIMARY SCHOOL
PS1602047,NAMAKUNGWA PRIMARY SCHOOL
PS1602049,NAMASAKATA PRIMARY SCHOOL
PS1602048,NAMASALAU PRIMARY SCHOOL
PS1602156,NAMASIMBA PRIMARY SCHOOL
PS1602118,NAMATANDA PRIMARY SCHOOL
PS1602117,NAMBARAPI PRIMARY SCHOOL
PS1602097,NAMIUNGO PRIMARY SCHOOL
PS1602050,NAMPUNGU PRIMARY SCHOOL
PS1602051,NAMWINYU PRIMARY SCHOOL
PS1602053,NANDEMBO PRIMARY SCHOOL
PS1602135,NANGOLOMBE PRIMARY SCHOOL
PS1602052,NANGUNGURU PRIMARY SCHOOL
PS1602054,NANJOKA PRIMARY SCHOOL
PS1602065,NASOMBA PRIMARY SCHOOL
PS1602055,NASYA PRIMARY SCHOOL
PS1602056,NDENYENDE PRIMARY SCHOOL
PS1602057,NGAPA PRIMARY SCHOOL
PS1602101,NGATUNI PRIMARY SCHOOL
PS1602058,NJENGA PRIMARY SCHOOL
PS1602146,NYERERE PRIMARY SCHOOL
PS1602136,RUANDA PRIMARY SCHOOL
PS1602159,SAMIA PRIMARY SCHOOL
PS1602122,SAUTIMOJA PRIMARY SCHOOL
PS1602093,SEMENI PRIMARY SCHOOL
PS1602123,SONGAMBELE PRIMARY SCHOOL
PS1602152,TEMEKE PRIMARY SCHOOL
PS1602059,TINGINYA PRIMARY SCHOOL
PS1602119,TULIENI PRIMARY SCHOOL
PS1602120,TULIVU PRIMARY SCHOOL
PS1602125,TUMAINI PRIMARY SCHOOL
PS1602060,TUNDURU-MCHANGANYIKO PRIMARY SCHOOL
PS1602121,TUPENDANE PRIMARY SCHOOL
PS1602062,TUWEMACHO PRIMARY SCHOOL
PS1602142,UMOJA PRIMARY SCHOOL
PS1602063,WENJE PRIMARY SCHOOL
PS1701001,AGAPE LUTHERANI PRIMARY SCHOOL
PS1701079,ALBAN SEMINARY PRIMARY SCHOOL
PS1701148,AL-WAHAAB MUSLIM PRIMARY SCHOOL
PS1701128,BOMANI PRIMARY SCHOOL
PS1701002,BUDUBA PRIMARY SCHOOL
PS1701118,BUDUSHI PRIMARY SCHOOL
PS1701116,BUDUTU PRIMARY SCHOOL
PS1701003,BUJIKA PRIMARY SCHOOL
PS1701004,BUKONDAMOYO PRIMARY SCHOOL
PS1701005,BUKOOBA PRIMARY SCHOOL
PS1701115,BUMBITI B PRIMARY SCHOOL
PS1701006,BUMBITI PRIMARY SCHOOL
PS1701007,BUSALALA PRIMARY SCHOOL
PS1701008,BUSOKA PRIMARY SCHOOL
PS1701143,CANON CITY PRIMARY SCHOOL
PS1701090,CARE-JHS PRIMARY SCHOOL
PS1701009,CHALYA PRIMARY SCHOOL
PS1701010,CHAPULWA PRIMARY SCHOOL
PS1701122,DAIMA PRIMARY SCHOOL
PS1701108,DANVIVA PRIMARY SCHOOL
PS1701113,DEBLA PRIMARY SCHOOL
PS1701105,GEMBE PRIMARY SCHOOL
PS1701011,GIRIME PRIMARY SCHOOL
PS1701125,GREEN STAR JUNIOR PRIMARY SCHOOL
PS1701099,GREEN STAR PRIMARY SCHOOL
PS1701012,GUIDO PRIMARY SCHOOL
PS1701133,IBADHI KAHAMA PRIMARY SCHOOL
PS1701119,IBOJA PRIMARY SCHOOL
PS1701127,IGOMELO PRIMARY SCHOOL
PS1701013,IGUNG'HWA PRIMARY SCHOOL
PS1701014,ILINDI PRIMARY SCHOOL
PS1701015,ISAGEHE PRIMARY SCHOOL
PS1701016,ISALENGE PRIMARY SCHOOL
PS1701017,IYENZE PRIMARY SCHOOL
PS1701101,JERUSALEM PRIMARY SCHOOL
PS1701109,JOHNSON EXCELLENCY PRIMARY SCHOOL
PS1701130,JOHNSON PRIMARY SCHOOL
PS1701098,KABUGA PRIMARY SCHOOL
PS1701117,KAGONGWA B PRIMARY SCHOOL
PS1701018,KAGONGWA PRIMARY SCHOOL
PS1701020,KAHAMA 'B' PRIMARY SCHOOL
PS1701019,KAHAMA PRIMARY SCHOOL
PS1701131,KAHAMA ROYAL ACADEMY PRIMARY SCHOOL
PS1701093,KAHAMA SDA PRIMARY SCHOOL
PS1701021,KAHANGA PRIMARY SCHOOL
PS1701022,KAKEBE PRIMARY SCHOOL
PS1701023,KATUNGULU PRIMARY SCHOOL
PS1701024,KAWE PRIMARY SCHOOL
PS1701025,KIDUNYASHI PRIMARY SCHOOL
PS1701026,KILIMA 'A' PRIMARY SCHOOL
PS1701027,KILIMA 'B' PRIMARY SCHOOL
PS1701028,KINAGA PRIMARY SCHOOL
PS1701029,KISHIMA 'A' PRIMARY SCHOOL
PS1701030,KISHIMA 'B' PRIMARY SCHOOL
PS1701031,KISHIMA 'C' PRIMARY SCHOOL
PS1701032,KITWANA PRIMARY SCHOOL
PS1701033,KOROGWE PRIMARY SCHOOL
PS1701035,KWEMA MODERN PRIMARY SCHOOL
PS1701034,KWEMA PRIMARY SCHOOL
PS1701110,LIGHT PRIMARY SCHOOL
PS1701036,LOWA PRIMARY SCHOOL
PS1701037,MAGOBEKO PRIMARY SCHOOL
PS1701038,MAJENGO PRIMARY SCHOOL
PS1701039,MALENGE PRIMARY SCHOOL
PS1701040,MALUNGA PRIMARY SCHOOL
PS1701121,MBULU B PRIMARY SCHOOL
PS1701041,MBULU PRIMARY SCHOOL
PS1701042,MHONGOLO PRIMARY SCHOOL
PS1701114,MHUNGULA 'B' PRIMARY SCHOOL
PS1701043,MHUNGULA PRIMARY SCHOOL
PS1701044,MINGAS PRIMARY SCHOOL
PS1701091,MKONGE PRIMARY SCHOOL
PS1701045,MONDO PRIMARY SCHOOL
PS1701046,MPERA PRIMARY SCHOOL
PS1701047,MWANZWAGI PRIMARY SCHOOL
PS1701048,MWENDAKULIMA PRIMARY SCHOOL
PS1701049,MWIME PRIMARY SCHOOL
PS1701050,NDUKU PRIMARY SCHOOL
PS1701112,NEW LIGHT PRIMARY SCHOOL
PS1701051,NGOGWA PRIMARY SCHOOL
PS1701052,NGULU PRIMARY SCHOOL
PS1701053,NTUNGULU PRIMARY SCHOOL
PS1701054,NUJA PRIMARY SCHOOL
PS1701055,NYAHANGA 'A' PRIMARY SCHOOL
PS1701056,NYAHANGA 'B' PRIMARY SCHOOL
PS1701057,NYAMBULA PRIMARY SCHOOL
PS1701100,NYAMIH PRIMARY SCHOOL
PS1701058,NYANDEKWA PRIMARY SCHOOL
PS1701059,NYANHEMBE PRIMARY SCHOOL
PS1701060,NYASHIMBI PRIMARY SCHOOL
PS1701061,NYASUBI PRIMARY SCHOOL
PS1701062,PALIKAS PRIMARY SCHOOL
PS1701063,PENZI PRIMARY SCHOOL
PS1701107,RICHRICE PRIMARY SCHOOL
PS1701134,RISE HIGH PRIMARY SCHOOL
PS1701065,ROCKEN HILL JUNIOR PRIMARY SCHOOL
PS1701064,ROCKEN HILL PRIMARY SCHOOL
PS1701066,SANGILWA PRIMARY SCHOOL
PS1701067,SEEKE PRIMARY SCHOOL
PS1701068,SHUNU PRIMARY SCHOOL
PS1701094,ST ANTONY OF PADUA PRIMARY SCHOOL
PS1701069,ST FRANCIS KAGONGWA PRIMARY SCHOOL
PS1701097,ST.CLARA PRIMARY SCHOOL
PS1701124,ST.CYRIL NA METHODIUS PRIMARY SCHOOL
PS1701070,SUNGE PRIMARY SCHOOL
PS1701080,SUNSET PRIMARY SCHOOL
PS1701071,TULOLE PRIMARY SCHOOL
PS1701072,TUMAINI PRIMARY SCHOOL
PS1701073,UBILIMBI PRIMARY SCHOOL
PS1701074,UFALA PRIMARY SCHOOL
PS1701096,UMMAHATI ISLAMIYA PRIMARY SCHOOL
PS1701075,WAME PRIMARY SCHOOL
PS1701076,WENDELE PRIMARY SCHOOL
PS1701092,WEST END PRIMARY SCHOOL
PS1701077,WIGEHE PRIMARY SCHOOL
PS1701078,ZONGOMERA PRIMARY SCHOOL
PS1702001,BELEDI PRIMARY SCHOOL
PS1702002,BUBIKI PRIMARY SCHOOL
PS1702003,BUBINZA PRIMARY SCHOOL
PS1702004,BUCHAMBI PRIMARY SCHOOL
PS1702005,BUDUHE PRIMARY SCHOOL
PS1702006,BUGANIKA PRIMARY SCHOOL
PS1702007,BUKINGWAMANDEGE PRIMARY SCHOOL
PS1702008,BULIMA PRIMARY SCHOOL
PS1702009,BULIMBA PRIMARY SCHOOL
PS1702010,BUNAMBIYU PRIMARY SCHOOL
PS1702011,BUPIGI PRIMARY SCHOOL
PS1702012,BUSANGWA PRIMARY SCHOOL
PS1702013,BUSONGO PRIMARY SCHOOL
PS1702014,BUTUYU PRIMARY SCHOOL
PS1702015,BUZINZA PRIMARY SCHOOL
PS1702016,DUGUSHILU PRIMARY SCHOOL
PS1702017,DULISI PRIMARY SCHOOL
PS1702018,HILISHI PRIMARY SCHOOL
PS1702019,HINDAWASHI PRIMARY SCHOOL
PS1702020,IBOJA PRIMARY SCHOOL
PS1702021,IDIDI PRIMARY SCHOOL
PS1702022,IDISANHAMBO PRIMARY SCHOOL
PS1702023,IDUKILO PRIMARY SCHOOL
PS1702024,IDUSHI PRIMARY SCHOOL
PS1702025,IGAGA PRIMARY SCHOOL
PS1702026,IKOMA PRIMARY SCHOOL
PS1702027,IKOMBABUKI PRIMARY SCHOOL
PS1702028,IKONONGO PRIMARY SCHOOL
PS1702029,IKUMBO PRIMARY SCHOOL
PS1702030,ILEBELEBE PRIMARY SCHOOL
PS1702031,ILOBI PRIMARY SCHOOL
PS1702032,ILULA PRIMARY SCHOOL
PS1702033,IMALABUPINA PRIMARY SCHOOL
PS1702034,INOLELO PRIMARY SCHOOL
PS1702035,IPEJA PRIMARY SCHOOL
PS1702036,IPILILO PRIMARY SCHOOL
PS1702037,ISAGALA PRIMARY SCHOOL
PS1702038,ISEMELO PRIMARY SCHOOL
PS1702039,ISOSO PRIMARY SCHOOL
PS1702040,ISUNDA PRIMARY SCHOOL
PS1702041,ITILIMA PRIMARY SCHOOL
PS1702042,ITONGOITALE PRIMARY SCHOOL
PS1702043,JIJONGO PRIMARY SCHOOL
PS1702121,JITEGEMEE PRIMARY SCHOOL
PS1702044,KABILA PRIMARY SCHOOL
PS1702045,KAKOLA PRIMARY SCHOOL
PS1702046,KALITU PRIMARY SCHOOL
PS1702047,KANAWA PRIMARY SCHOOL
PS1702048,KILOLELI PRIMARY SCHOOL
PS1702049,KINAMPANDA PRIMARY SCHOOL
PS1702050,KISHAPU PRIMARY SCHOOL
PS1702051,LAGANA PRIMARY SCHOOL
PS1702052,LUBAGA PRIMARY SCHOOL
PS1702053,LUNGUYA PRIMARY SCHOOL
PS1702054,MAGALATA PRIMARY SCHOOL
PS1702055,MAGANZO PRIMARY SCHOOL
PS1702056,MALWILO PRIMARY SCHOOL
PS1702057,MANGU PRIMARY SCHOOL
PS1702058,MASAGALA PRIMARY SCHOOL
PS1702059,MASANGA PRIMARY SCHOOL
PS1702060,MAYANJI PRIMARY SCHOOL
PS1702061,MHUNZE PRIMARY SCHOOL
PS1702062,MIGUNGA PRIMARY SCHOOL
PS1702063,MIHAMA PRIMARY SCHOOL
PS1702064,MIPA PRIMARY SCHOOL
PS1702065,MIYUGUYU PRIMARY SCHOOL
PS1702117,MLIMANI PRIMARY SCHOOL
PS1702066,MPUMBULA PRIMARY SCHOOL
PS1702067,MUGUDA PRIMARY SCHOOL
PS1702122,MUUNGANO PRIMARY SCHOOL
PS1702068,MWABUSIGA PRIMARY SCHOOL
PS1702069,MWADUI 'A' PRIMARY SCHOOL
PS1702070,MWADUI ANGLICAN PRIMARY SCHOOL
PS1702071,MWADUI 'C' PRIMARY SCHOOL
PS1702072,MWADUI DDC PRIMARY SCHOOL
PS1702073,MWAJIGINYA PRIMARY SCHOOL
PS1702118,MWAKOLOMWA PRIMARY SCHOOL
PS1702074,MWAMADULU PRIMARY SCHOOL
PS1702075,MWAMAGEMBE PRIMARY SCHOOL
PS1702076,MWAMALA PRIMARY SCHOOL
PS1702077,MWAMASHELE PRIMARY SCHOOL
PS1702078,MWAMASHIMBA PRIMARY SCHOOL
PS1702127,MWAMASOLOLO PRIMARY SCHOOL
PS1702079,MWANGONGO PRIMARY SCHOOL
PS1702080,MWANULU PRIMARY SCHOOL
PS1702081,MWASUBI PRIMARY SCHOOL
PS1702082,MWATAGA PRIMARY SCHOOL
PS1702119,MWATUJU PRIMARY SCHOOL
PS1702083,MWAWEJA PRIMARY SCHOOL
PS1702084,NDOLELEJI PRIMARY SCHOOL
PS1702085,NGEME PRIMARY SCHOOL
PS1702086,NGOFILA PRIMARY SCHOOL
PS1702087,NGUNDANGALI PRIMARY SCHOOL
PS1702088,NGUNGA PRIMARY SCHOOL
PS1702129,NGUZOMBILI PRIMARY SCHOOL
PS1702089,NG'WAJIDALALA PRIMARY SCHOOL
PS1702090,NG'WAJININGU PRIMARY SCHOOL
PS1702091,NG'WAJIPUGILA PRIMARY SCHOOL
PS1702092,NG'WALATA PRIMARY SCHOOL
PS1702093,NG'WAMANOTA PRIMARY SCHOOL
PS1702094,NG'WAMISHONI PRIMARY SCHOOL
PS1702095,NG'WANDOMA PRIMARY SCHOOL
PS1702096,NG'WANDU PRIMARY SCHOOL
PS1702097,NG'WANG'HALANGA PRIMARY SCHOOL
PS1702098,NG'WANG'HILI PRIMARY SCHOOL
PS1702120,NG'WANGOMBOLWA PRIMARY SCHOOL
PS1702099,NG'WANIMA PRIMARY SCHOOL
PS1702100,NG'WASHINONG'HELA PRIMARY SCHOOL
PS1702101,NG'WIGUMBI PRIMARY SCHOOL
PS1702102,NHOBOLA PRIMARY SCHOOL
PS1702103,NHYAWA PRIMARY SCHOOL
PS1702104,NYASAMBA PRIMARY SCHOOL
PS1702105,NYENZE PRIMARY SCHOOL
PS1702106,SANJO PRIMARY SCHOOL
PS1702107,SEKE PRIMARY SCHOOL
PS1702108,SESEKO PRIMARY SCHOOL
PS1702109,SHAGIHILU PRIMARY SCHOOL
PS1702110,SHIYA PRIMARY SCHOOL
PS1702111,SOMAGEDI PRIMARY SCHOOL
PS1702112,SONGWA PRIMARY SCHOOL
PS1702113,UCHUNGA PRIMARY SCHOOL
PS1702114,UKENYENGE PRIMARY SCHOOL
PS1702115,WELA PRIMARY SCHOOL
PS1702130,WINENEKEJA PRIMARY SCHOOL
PS1702116,WISHITELEJA PRIMARY SCHOOL
PS1703097,ALEXANDER PERFECT VIEW PRIMARY SCHOOL
PS1703001,BANDARI PRIMARY SCHOOL
PS1703002,BANHI PRIMARY SCHOOL
PS1703003,BUCHAMBAGA PRIMARY SCHOOL
PS1703004,BUGANZO PRIMARY SCHOOL
PS1703088,BUGARAMA ISLAMIC PRIMARY SCHOOL
PS1703005,BUGARAMA PRIMARY SCHOOL
PS1703006,BUKWANGU PRIMARY SCHOOL
PS1703007,BULIGE 'A' PRIMARY SCHOOL
PS1703008,BULIGE 'B' PRIMARY SCHOOL
PS1703009,BULUMA PRIMARY SCHOOL
PS1703113,BULYANHULU PRIMARY SCHOOL
PS1703010,BUMVA PRIMARY SCHOOL
PS1703011,BUSANGI PRIMARY SCHOOL
PS1703012,BUSINDI PRIMARY SCHOOL
PS1703013,BUSULWANGILI PRIMARY SCHOOL
PS1703014,BUSUNGO PRIMARY SCHOOL
PS1703015,BUTEGWA PRIMARY SCHOOL
PS1703016,BUTONDOLO PRIMARY SCHOOL
PS1703017,BUYAGU PRIMARY SCHOOL
PS1703018,BUYANGE PRIMARY SCHOOL
PS1703019,CHELA PRIMARY SCHOOL
PS1703020,DE SALES ISAKA PRIMARY SCHOOL
PS1703110,FULTONSHEEN PRIMARY SCHOOL
PS1703086,GOLDLAND PRIMARY SCHOOL
PS1703109,GOOD HOPE PRIMARY SCHOOL
PS1703021,GULLA PRIMARY SCHOOL
PS1703022,IBANZA PRIMARY SCHOOL
PS1703023,IGOMBE PRIMARY SCHOOL
PS1703024,IGWAMANONI BUG PRIMARY SCHOOL
PS1703025,ILELEMA PRIMARY SCHOOL
PS1703026,ISAKA PRIMARY SCHOOL
PS1703027,ITINDE PRIMARY SCHOOL
PS1703028,ITOGWANHOLO PRIMARY SCHOOL
PS1703029,IZUGA PRIMARY SCHOOL
PS1703030,IZUMBA PRIMARY SCHOOL
PS1703031,JANA PRIMARY SCHOOL
PS1703032,JOMU PRIMARY SCHOOL
PS1703095,KABALE PRIMARY SCHOOL
PS1703033,KABANDA PRIMARY SCHOOL
PS1703034,KABONDO PRIMARY SCHOOL
PS1703035,KADATI PRIMARY SCHOOL
PS1703036,KAKOLA 'A' PRIMARY SCHOOL
PS1703037,KAKOLA 'B' PRIMARY SCHOOL
PS1703038,KAKOLA 'C' PRIMARY SCHOOL
PS1703039,KAKULU PRIMARY SCHOOL
PS1703040,KALAGWA PRIMARY SCHOOL
PS1703041,KALOLE PRIMARY SCHOOL
PS1703042,KASHISHI PRIMARY SCHOOL
PS1703043,KILIMBU PRIMARY SCHOOL
PS1703044,LUNGUYA PRIMARY SCHOOL
PS1703091,LWABAKANGA PRIMARY SCHOOL
PS1703045,MADAHO PRIMARY SCHOOL
PS1703046,MAGONGWA PRIMARY SCHOOL
PS1703047,MALILITA PRIMARY SCHOOL
PS1703048,MALITO PRIMARY SCHOOL
PS1703049,MASABI PRIMARY SCHOOL
PS1703050,MATINJE PRIMARY SCHOOL
PS1703051,MBIZI PRIMARY SCHOOL
PS1703052,MEGA PRIMARY SCHOOL
PS1703053,MHAMA PRIMARY SCHOOL
PS1703054,MHANDU PRIMARY SCHOOL
PS1703055,MWAKATA PRIMARY SCHOOL
PS1703056,MWAKUHENGA PRIMARY SCHOOL
PS1703057,MWAKUZUKA PRIMARY SCHOOL
PS1703058,MWALUGULU PRIMARY SCHOOL
PS1703092,MWAMAKANGA PRIMARY SCHOOL
PS1703059,MWAMANDI PRIMARY SCHOOL
PS1703060,MWANASE PRIMARY SCHOOL
PS1703061,MWANINGI PRIMARY SCHOOL
PS1703062,MWANKIMA PRIMARY SCHOOL
PS1703099,MWANKUBA PRIMARY SCHOOL
PS1703063,MWANYAGULI PRIMARY SCHOOL
PS1703090,MWANZUGI PRIMARY SCHOOL
PS1703064,MWASHIGINI PRIMARY SCHOOL
PS1703065,MWASHIMBAYI PRIMARY SCHOOL
PS1703066,MWAZIMBA PRIMARY SCHOOL
PS1703093,NATA PRIMARY SCHOOL
PS1703067,NDALA PRIMARY SCHOOL
PS1703068,NDALILO PRIMARY SCHOOL
PS1703069,NGAYA PRIMARY SCHOOL
PS1703094,NHUMBI PRIMARY SCHOOL
PS1703070,NTOBO PRIMARY SCHOOL
PS1703071,NTUNDU PRIMARY SCHOOL
PS1703072,NUNDU PRIMARY SCHOOL
PS1703073,NYAKADONI PRIMARY SCHOOL
PS1703074,NYAMIDIDI PRIMARY SCHOOL
PS1703075,NYAMIGEGE PRIMARY SCHOOL
PS1703076,NYAMINJE PRIMARY SCHOOL
PS1703077,NYAMISHIGA PRIMARY SCHOOL
PS1703089,NYANGAKA PRIMARY SCHOOL
PS1703100,NYANGARATA PRIMARY SCHOOL
PS1703078,NYIKOBOKO PRIMARY SCHOOL
PS1703079,SEGESE 'B' PRIMARY SCHOOL
PS1703087,SEGESE NO. 1 PRIMARY SCHOOL
PS1703080,SEGESE PRIMARY SCHOOL
PS1703081,SHILELA PRIMARY SCHOOL
PS1703082,SHISHINULU PRIMARY SCHOOL
PS1703096,ST. JOSEPHINE BAKHITA PRIMARY SCHOOL
PS1703112,ST.CLEMENT PRIMARY SCHOOL
PS1703083,SUNGAMILE PRIMARY SCHOOL
PS1703084,WICHAMIKE PRIMARY SCHOOL
PS1703085,WISOLELE PRIMARY SCHOOL
PS1705001,BUBALE PRIMARY SCHOOL
PS1705002,BUDUHE PRIMARY SCHOOL
PS1705135,BUDUSHI PRIMARY SCHOOL
PS1705003,BUGISI PRIMARY SCHOOL
PS1705004,BUGOGO PRIMARY SCHOOL
PS1705136,BUKAMBA PRIMARY SCHOOL
PS1705005,BUKENE PRIMARY SCHOOL
PS1705006,BUKILIGULU PRIMARY SCHOOL
PS1705007,BUKUMBI PRIMARY SCHOOL
PS1705008,BULAMBILA PRIMARY SCHOOL
PS1705009,BUNONGA PRIMARY SCHOOL
PS1705010,BUSANDA PRIMARY SCHOOL
PS1705011,BUSHOMA PRIMARY SCHOOL
PS1705012,BUYUBI PRIMARY SCHOOL
PS1705013,DIDIA PRIMARY SCHOOL
PS1705014,GEMBE PRIMARY SCHOOL
PS1705015,HINDUKI PRIMARY SCHOOL
PS1705016,IBANZA PRIMARY SCHOOL
PS1705017,IBUBU PRIMARY SCHOOL
PS1705018,IDODOMA PRIMARY SCHOOL
PS1705019,IGANZA PRIMARY SCHOOL
PS1705020,IGEGU PRIMARY SCHOOL
PS1705021,IHALO PRIMARY SCHOOL
PS1705022,IHUGI PRIMARY SCHOOL
PS1705023,IKINGWAMANOTI PRIMARY SCHOOL
PS1705024,IKONDA PRIMARY SCHOOL
PS1705025,IKUNGULABUPINA PRIMARY SCHOOL
PS1705026,ILOBASHI PRIMARY SCHOOL
PS1705027,ILOLA PRIMARY SCHOOL
PS1705028,IMENYA PRIMARY SCHOOL
PS1705029,IMESELA PRIMARY SCHOOL
PS1705030,IPANGO PRIMARY SCHOOL
PS1705031,ISELA PRIMARY SCHOOL
PS1705032,ISELAMAGAZI PRIMARY SCHOOL
PS1705033,ISHINABULANDI PRIMARY SCHOOL
PS1705034,ISHOLOLO PRIMARY SCHOOL
PS1705035,ITUBANILO PRIMARY SCHOOL
PS1705137,IYOGELO PRIMARY SCHOOL
PS1705036,JIMONDOLI PRIMARY SCHOOL
PS1705037,KABALE PRIMARY SCHOOL
PS1705038,KADOTO PRIMARY SCHOOL
PS1705039,KANO PRIMARY SCHOOL
PS1705040,KASHISHI PRIMARY SCHOOL
PS1705041,KAZUNI PRIMARY SCHOOL
PS1705042,KIDANDA PRIMARY SCHOOL
PS1705043,KIGWANG'HONA PRIMARY SCHOOL
PS1705044,KIHONGWE PRIMARY SCHOOL
PS1705045,KILIMAWE PRIMARY SCHOOL
PS1705046,KIMANDAGULI PRIMARY SCHOOL
PS1705047,KITULI PRIMARY SCHOOL
PS1705048,KIZUNGU PRIMARY SCHOOL
PS1705049,LOHUMBO PRIMARY SCHOOL
PS1705050,LYABUKANDE PRIMARY SCHOOL
PS1705051,LYABUSALU 'A' PRIMARY SCHOOL
PS1705052,LYABUSALU 'B' PRIMARY SCHOOL
PS1705053,LYAGITI PRIMARY SCHOOL
PS1705054,LYAMIDATI PRIMARY SCHOOL
PS1705055,MAHEMBE PRIMARY SCHOOL
PS1705056,MANHEIGANA PRIMARY SCHOOL
PS1705138,MANONGA PRIMARY SCHOOL
PS1705057,MANYADA PRIMARY SCHOOL
PS1705058,MAPINGILI PRIMARY SCHOOL
PS1705059,MASEKELO PRIMARY SCHOOL
PS1705060,MASENGWA PRIMARY SCHOOL
PS1705061,MASKATI PRIMARY SCHOOL
PS1705062,MASUNULA PRIMARY SCHOOL
PS1705063,MAWEMILU PRIMARY SCHOOL
PS1705064,MENDO PRIMARY SCHOOL
PS1705065,MHANGU 'A' PRIMARY SCHOOL
PS1705066,MHANGU 'B' PRIMARY SCHOOL
PS1705132,MHANGU C PRIMARY SCHOOL
PS1705067,MISHEPO PRIMARY SCHOOL
PS1705068,MWABAGEHU PRIMARY SCHOOL
PS1705069,MWABENDA PRIMARY SCHOOL
PS1705134,MWABUKI PRIMARY SCHOOL
PS1705070,MWABUNDALA PRIMARY SCHOOL
PS1705071,MWAJIJI PRIMARY SCHOOL
PS1705072,MWAJILUGULA PRIMARY SCHOOL
PS1705073,MWAKATOLA PRIMARY SCHOOL
PS1705074,MWAKUHENGA PRIMARY SCHOOL
PS1705129,MWAMAKALA PRIMARY SCHOOL
PS1705075,MWAMAKARANGA PRIMARY SCHOOL
PS1705076,MWAMALULU PRIMARY SCHOOL
PS1705077,MWAMANYUDA PRIMARY SCHOOL
PS1705078,MWAMBASHA PRIMARY SCHOOL
PS1705079,MWANDUTU PRIMARY SCHOOL
PS1705080,MWANONO PRIMARY SCHOOL
PS1705081,MWASELE PRIMARY SCHOOL
PS1705082,MWASENGE PRIMARY SCHOOL
PS1705083,MWASHAGI PRIMARY SCHOOL
PS1705084,MWASINGU PRIMARY SCHOOL
PS1705085,NDUGUTI PRIMARY SCHOOL
PS1705086,NG'HAMA PRIMARY SCHOOL
PS1705087,NG'HOMANGO PRIMARY SCHOOL
PS1705097,NGOKOLO PRIMARY SCHOOL
PS1705140,NGONG'HO PRIMARY SCHOOL
PS1705088,NG'WAKITOLYO PRIMARY SCHOOL
PS1705089,NG'WALUKWA 'A' PRIMARY SCHOOL
PS1705090,NG'WALUKWA 'B' PRIMARY SCHOOL
PS1705091,NG'WAMADILANHA PRIMARY SCHOOL
PS1705092,NG'WAMKANGA PRIMARY SCHOOL
PS1705093,NG'WAMPANGABULE PRIMARY SCHOOL
PS1705094,NG'WANANGI PRIMARY SCHOOL
PS1705095,NG'WANG'OSHA PRIMARY SCHOOL
PS1705096,NG'WANHANGALA PRIMARY SCHOOL
PS1705098,NHENDEGESE PRIMARY SCHOOL
PS1705099,NHUMBILI PRIMARY SCHOOL
PS1705100,NSALALA PRIMARY SCHOOL
PS1705101,NSHISHINULU PRIMARY SCHOOL
PS1705102,NYALIGONGO PRIMARY SCHOOL
PS1705103,NYAMALOGO PRIMARY SCHOOL
PS1705104,NYANDOLWA PRIMARY SCHOOL
PS1705105,NYANG'OMBE PRIMARY SCHOOL
PS1705142,NYASUBI PRIMARY SCHOOL
PS1705106,NYIDA PRIMARY SCHOOL
PS1705107,NYIKA PRIMARY SCHOOL
PS1705108,NZAGALUBA PRIMARY SCHOOL
PS1705109,NZOZA PRIMARY SCHOOL
PS1705131,OLA PRIMARY SCHOOL
PS1705110,PANDAGICHIZA PRIMARY SCHOOL
PS1705111,PUNI PRIMARY SCHOOL
PS1705112,SALAWE PRIMARY SCHOOL
PS1705113,SAMUYE PRIMARY SCHOOL
PS1705114,SAYU PRIMARY SCHOOL
PS1705115,SHABULUBA PRIMARY SCHOOL
PS1705116,SHATIMBA PRIMARY SCHOOL
PS1705117,SHILABELA PRIMARY SCHOOL
PS1705118,SHINGIDA PRIMARY SCHOOL
PS1705133,SOLWA B PRIMARY SCHOOL
PS1705119,SOLWA PRIMARY SCHOOL
PS1705141,SONGAMBELE PRIMARY SCHOOL
PS1705130,ST. MARIA GORETTI PRIMARY SCHOOL
PS1705120,SUMBIGU PRIMARY SCHOOL
PS1705121,TINDE 'A' PRIMARY SCHOOL
PS1705122,TINDE 'B' PRIMARY SCHOOL
PS1705123,TINDENG'HULU PRIMARY SCHOOL
PS1705124,USULE PRIMARY SCHOOL
PS1705125,WELEZO PRIMARY SCHOOL
PS1705126,ZOBOGO PRIMARY SCHOOL
PS1705128,ZUNZULI 'B' PRIMARY SCHOOL
PS1705127,ZUNZULI PRIMARY SCHOOL
PS1704001,AZIMIO PRIMARY SCHOOL
PS1704002,BALINA PRIMARY SCHOOL
PS1704060,BECO PRIMARY SCHOOL
PS1704003,BUGAYAMBELELE PRIMARY SCHOOL
PS1704004,BUGIMBAGU PRIMARY SCHOOL
PS1704005,BUGOYI A PRIMARY SCHOOL
PS1704006,BUGOYI B PRIMARY SCHOOL
PS1704007,BUGWANDEGE PRIMARY SCHOOL
PS1704008,BUGWETO PRIMARY SCHOOL
PS1704009,BUHANGIJA PRIMARY SCHOOL
PS1704010,BUSHOLA PRIMARY SCHOOL
PS1704011,CHIBE PRIMARY SCHOOL
PS1704012,GALAMBA PRIMARY SCHOOL
PS1704061,HILBAT PRIMARY SCHOOL
PS1704065,HOCHWALT PRIMARY SCHOOL
PS1704013,HOPE PRIMARY SCHOOL
PS1704068,IBADAKULI 'B' PRIMARY SCHOOL
PS1704014,IBADAKULI PRIMARY SCHOOL
PS1704015,IBADHI PRIMARY SCHOOL
PS1704016,IBINZAMATA PRIMARY SCHOOL
PS1704017,IWELYANGULA PRIMARY SCHOOL
PS1704018,JOMU PRIMARY SCHOOL
PS1704019,KAMBARAGE PRIMARY SCHOOL
PS1704020,KITANGILI PRIMARY SCHOOL
PS1704021,KIZUMBI PRIMARY SCHOOL
PS1704022,KOLANDOTO PRIMARY SCHOOL
PS1704059,KOM PRIMARY SCHOOL
PS1704055,LITTLE TREASURES PRIMARY SCHOOL
PS1704023,LUBAGA PRIMARY SCHOOL
PS1704024,LYANDU PRIMARY SCHOOL
PS1704062,MACEDONIA LUTHERAN PRIMARY SCHOOL
PS1704063,MALLEN PRIMARY SCHOOL
PS1704025,MAPINDUZI A PRIMARY SCHOOL
PS1704026,MAPINDUZI B PRIMARY SCHOOL
PS1704028,MSUFINI PRIMARY SCHOOL
PS1704029,MWADUI PRIMARY SCHOOL
PS1704030,MWAGALA PRIMARY SCHOOL
PS1704031,MWALUGOYE PRIMARY SCHOOL
PS1704067,MWAMAGULYA PRIMARY SCHOOL
PS1704032,MWAMAGUNGULI  A PRIMARY SCHOOL
PS1704033,MWAMAGUNGULI  B PRIMARY SCHOOL
PS1704034,MWAMAPALALA PRIMARY SCHOOL
PS1704035,MWANTINI PRIMARY SCHOOL
PS1704036,MWASELE PRIMARY SCHOOL
PS1704037,MWENGE PRIMARY SCHOOL
PS1704039,NDALA  B  PRIMARY SCHOOL
PS1704038,NDALA A PRIMARY SCHOOL
PS1704040,NDEMBEZI PRIMARY SCHOOL
PS1704041,NEGEZI PRIMARY SCHOOL
PS1704042,NG'WIHANDO PRIMARY SCHOOL
PS1704043,NHELEGANI PRIMARY SCHOOL
PS1704044,OLD SHINYANGA PRIMARY SCHOOL
PS1704058,SAMUU PRIMARY SCHOOL
PS1704057,SHEER BLISS PRIMARY SCHOOL
PS1704064,SHINYANGA ADVENTIST PRIMARY SCHOOL
PS1704056,SHINYANGA MODERN PRIMARY SCHOOL
PS1704045,SHITTA PRIMARY SCHOOL
PS1704046,ST ANNE PRIMARY SCHOOL
PS1704047,TOWN PRIMARY SCHOOL
PS1704048,TWENDEPAMOJA PRIMARY SCHOOL
PS1704049,UHURU PRIMARY SCHOOL
PS1704050,UJAMAA PRIMARY SCHOOL
PS1704051,USHIRIKA PRIMARY SCHOOL
PS1704052,UZOGORE PRIMARY SCHOOL
PS1704053,VIWANDANI PRIMARY SCHOOL
PS1704054,WAME PRIMARY SCHOOL
PS1706001,BUBUNGU PRIMARY SCHOOL
PS1706002,BUGELA PRIMARY SCHOOL
PS1706003,BUGOMBA 'B' PRIMARY SCHOOL
PS1706004,BUGOMBA PRIMARY SCHOOL
PS1706101,BUGOSHI PRIMARY SCHOOL
PS1706005,BUKALE PRIMARY SCHOOL
PS1706006,BUKINDWASALI PRIMARY SCHOOL
PS1706007,BUKOMELA PRIMARY SCHOOL
PS1706008,BUKWIMBA PRIMARY SCHOOL
PS1706009,BULIMA PRIMARY SCHOOL
PS1706010,BUNANDA PRIMARY SCHOOL
PS1706011,BUNASANI PRIMARY SCHOOL
PS1706012,BUSENDA PRIMARY SCHOOL
PS1706013,BUSHIMANI PRIMARY SCHOOL
PS1706014,BUSULWANGUKU PRIMARY SCHOOL
PS1706015,BUTENDE PRIMARY SCHOOL
PS1706016,BUTIBU PRIMARY SCHOOL
PS1706017,BUZABI PRIMARY SCHOOL
PS1706018,CHAMBO PRIMARY SCHOOL
PS1706099,CHAMVA PRIMARY SCHOOL
PS1706019,CHONA PRIMARY SCHOOL
PS1706020,HONGWA PRIMARY SCHOOL
PS1706021,IBAMBALA PRIMARY SCHOOL
PS1706022,IBELANSUHA PRIMARY SCHOOL
PS1706023,IBOJA PRIMARY SCHOOL
PS1706024,IDAHINA PRIMARY SCHOOL
PS1706025,IDETEMYA PRIMARY SCHOOL
PS1706026,IFUNDE PRIMARY SCHOOL
PS1706027,IGALULA PRIMARY SCHOOL
PS1706028,IGUNDA PRIMARY SCHOOL
PS1706029,IGWAMANONI PRIMARY SCHOOL
PS1706030,IHAPULA PRIMARY SCHOOL
PS1706031,IKINA PRIMARY SCHOOL
PS1706032,ILEKEBU PRIMARY SCHOOL
PS1706033,ILEMVE PRIMARY SCHOOL
PS1706034,ILOMELO PRIMARY SCHOOL
PS1706035,ILWILO PRIMARY SCHOOL
PS1706036,IPONYANHOLO PRIMARY SCHOOL
PS1706037,IRAMBA PRIMARY SCHOOL
PS1706038,ISANGA PRIMARY SCHOOL
PS1706039,ISHILA PRIMARY SCHOOL
PS1706040,ITALIKE PRIMARY SCHOOL
PS1706041,ITEBELE PRIMARY SCHOOL
PS1706042,ITEGA PRIMARY SCHOOL
PS1706043,ITUMBILI PRIMARY SCHOOL
PS1706044,ITUMBO PRIMARY SCHOOL
PS1706045,IYOGELO PRIMARY SCHOOL
PS1706046,KABANGA PRIMARY SCHOOL
PS1706047,KAGERA PRIMARY SCHOOL
PS1706048,KALAMA PRIMARY SCHOOL
PS1706049,KALO PRIMARY SCHOOL
PS1706121,KAMYANGULI PRIMARY SCHOOL
PS1706050,KANGEME PRIMARY SCHOOL
PS1706051,KASOMELA PRIMARY SCHOOL
PS1706104,KAWEKAMO PRIMARY SCHOOL
PS1706052,KAWEKUNELELA PRIMARY SCHOOL
PS1706053,KAYENZE PRIMARY SCHOOL
PS1706054,KIDANHA PRIMARY SCHOOL
PS1706055,KINAMAPULA PRIMARY SCHOOL
PS1706056,KINAMING'HWA PRIMARY SCHOOL
PS1706057,KIPANGU PRIMARY SCHOOL
PS1706058,KISUKE PRIMARY SCHOOL
PS1706059,KITONGO PRIMARY SCHOOL
PS1706060,LUHAGA PRIMARY SCHOOL
PS1706061,LUSHELO PRIMARY SCHOOL
PS1706062,LUSONZO PRIMARY SCHOOL
PS1706063,MANUNGU PRIMARY SCHOOL
PS1706064,MAPAMBA PRIMARY SCHOOL
PS1706065,MBUTA PRIMARY SCHOOL
PS1706066,MHUGE PRIMARY SCHOOL
PS1706103,MIKWA PRIMARY SCHOOL
PS1706067,MITONGA PRIMARY SCHOOL
PS1706109,MKOMBOZI PRIMARY SCHOOL
PS1706068,MKWANGULWA PRIMARY SCHOOL
PS1706105,MLIZA PRIMARY SCHOOL
PS1706069,MPUNZE PRIMARY SCHOOL
PS1706070,MSEKI PRIMARY SCHOOL
PS1706071,MULUNGU PRIMARY SCHOOL
PS1706072,MWABOMBA PRIMARY SCHOOL
PS1706073,MWADUI PRIMARY SCHOOL
PS1706074,MWAMANYILI PRIMARY SCHOOL
PS1706108,NABE PRIMARY SCHOOL
PS1706075,NAKAZYOBA PRIMARY SCHOOL
PS1706107,NGILIMBA PRIMARY SCHOOL
PS1706076,NGOKOLO PRIMARY SCHOOL
PS1706077,NHIMBO PRIMARY SCHOOL
PS1706078,NONWE PRIMARY SCHOOL
PS1706079,NSALABA PRIMARY SCHOOL
PS1706080,NSHIMBA PRIMARY SCHOOL
PS1706081,NSUNGA PRIMARY SCHOOL
PS1706082,NUSSA PRIMARY SCHOOL
PS1706083,NYABUSALU PRIMARY SCHOOL
PS1706084,NYAKASHATALA PRIMARY SCHOOL
PS1706085,NYALWELWE PRIMARY SCHOOL
PS1706102,NYAMBESHI PRIMARY SCHOOL
PS1706086,NYAMILANGANO PRIMARY SCHOOL
PS1706087,NYAMKONDO PRIMARY SCHOOL
PS1706088,NYAMTENGELA PRIMARY SCHOOL
PS1706089,NYANKENDE PRIMARY SCHOOL
PS1706090,NYAWISHI PRIMARY SCHOOL
PS1706091,SABASABINI PRIMARY SCHOOL
PS1706100,SALAWE PRIMARY SCHOOL
PS1706092,SELYA PRIMARY SCHOOL
PS1706114,SENAI PRIMARY SCHOOL
PS1706122,SHILABELA PRIMARY SCHOOL
PS1706093,SINWANKERE PRIMARY SCHOOL
PS1706094,SONGAMBELE PRIMARY SCHOOL
PS1706106,STELLA MATUTINA-KAHAMA PRIMARY SCHOOL
PS1706095,UBAGWE PRIMARY SCHOOL
PS1706096,UKUNE PRIMARY SCHOOL
PS1706097,ULOWA PRIMARY SCHOOL
PS1706110,USHETU MODERN PRIMARY SCHOOL
PS1706098,USHETU PRIMARY SCHOOL
PS1805001,AGHIDA PRIMARY SCHOOL
PS1805113,BUNKU PRIMARY SCHOOL
PS1805002,CHODA PRIMARY SCHOOL
PS1805003,DAMANKIA PRIMARY SCHOOL
PS1805103,DARAJANI PRIMARY SCHOOL
PS1805004,DUNG'UNYI PRIMARY SCHOOL
PS1805104,GERMANI PRIMARY SCHOOL
PS1805005,IFYAMAHUMBI PRIMARY SCHOOL
PS1805006,IGHOMBWE PRIMARY SCHOOL
PS1805007,IGHUKA PRIMARY SCHOOL
PS1805008,IGLANSONI PRIMARY SCHOOL
PS1805009,IHANJA PRIMARY SCHOOL
PS1805010,IKUNGI PRIMARY SCHOOL
PS1805107,ILOLO PRIMARY SCHOOL
PS1805125,ILOWOKO PRIMARY SCHOOL
PS1805011,INANG'ANA PRIMARY SCHOOL
PS1805118,ISHINGISHA PRIMARY SCHOOL
PS1805012,ISSUNA PRIMARY SCHOOL
PS1805101,ITALALA PRIMARY SCHOOL
PS1805133,ITURU PRIMARY SCHOOL
PS1805013,IYUMBU PRIMARY SCHOOL
PS1805115,KAUGERI PRIMARY SCHOOL
PS1805108,KIKHOMANGO PRIMARY SCHOOL
PS1805014,KIKIO PRIMARY SCHOOL
PS1805015,KIMBWI PRIMARY SCHOOL
PS1805016,KINKU PRIMARY SCHOOL
PS1805017,KINTANDAA PRIMARY SCHOOL
PS1805018,KINYAMPEMBEE PRIMARY SCHOOL
PS1805019,KINYAMWANDYO PRIMARY SCHOOL
PS1805096,KINYARIMI PRIMARY SCHOOL
PS1805020,KIPUMBUIKO PRIMARY SCHOOL
PS1805021,KIPUNDA PRIMARY SCHOOL
PS1805022,KISILUDA PRIMARY SCHOOL
PS1805023,KITUNTU PRIMARY SCHOOL
PS1805119,KIZUGU PRIMARY SCHOOL
PS1805024,LAINICHUNGU PRIMARY SCHOOL
PS1805025,LIGHWA PRIMARY SCHOOL
PS1805128,MAGWEGHANA PRIMARY SCHOOL
PS1805026,MAHAMBE PRIMARY SCHOOL
PS1805027,MAJENGO PRIMARY SCHOOL
PS1805028,MAKHONDA PRIMARY SCHOOL
PS1805029,MAKHONGO PRIMARY SCHOOL
PS1805030,MAKIUNGU PRIMARY SCHOOL
PS1805031,MAKOTEA PRIMARY SCHOOL
PS1805123,MAKUNGU PRIMARY SCHOOL
PS1805032,MAMPANDO PRIMARY SCHOOL
PS1805109,MANDIMU PRIMARY SCHOOL
PS1805033,MANG'ONYI PRIMARY SCHOOL
PS1805034,MANJARU PRIMARY SCHOOL
PS1805097,MANKUMBI PRIMARY SCHOOL
PS1805035,MAPAMBANO PRIMARY SCHOOL
PS1805036,MASWEYA PRIMARY SCHOOL
PS1805037,MATARE PRIMARY SCHOOL
PS1805038,MATONGO PRIMARY SCHOOL
PS1805039,MATYUKU PRIMARY SCHOOL
PS1805122,MAU PRIMARY SCHOOL
PS1805040,MAYAHA PRIMARY SCHOOL
PS1805041,MAYUTA PRIMARY SCHOOL
PS1805042,MBOGHO PRIMARY SCHOOL
PS1805121,MBUGHANTIGHA PRIMARY SCHOOL
PS1805120,MBWANJIKI PRIMARY SCHOOL
PS1805105,MDUGHUYU PRIMARY SCHOOL
PS1805043,MGUNGIRA PRIMARY SCHOOL
PS1805044,MINYIGHI PRIMARY SCHOOL
PS1805045,MINYINGA PRIMARY SCHOOL
PS1805046,MINYUGHE PRIMARY SCHOOL
PS1805047,MISUGHAA PRIMARY SCHOOL
PS1805048,MISULE PRIMARY SCHOOL
PS1805049,MKENENE PRIMARY SCHOOL
PS1805050,MKIWA PRIMARY SCHOOL
PS1805051,MLANDALA PRIMARY SCHOOL
PS1805098,MLUMBI PRIMARY SCHOOL
PS1805052,MNANE PRIMARY SCHOOL
PS1805053,MNANG'ANA PRIMARY SCHOOL
PS1805054,MNYANGE PRIMARY SCHOOL
PS1805055,MPETU PRIMARY SCHOOL
PS1805056,MPUGIZI PRIMARY SCHOOL
PS1805057,MSOSA PRIMARY SCHOOL
PS1805058,MSULE PRIMARY SCHOOL
PS1805059,MSUNGUA PRIMARY SCHOOL
PS1805106,MT. URSULA PRIMARY SCHOOL
PS1805132,MTATURU PRIMARY SCHOOL
PS1805060,MTAVIRA PRIMARY SCHOOL
PS1805102,MTEVA PRIMARY SCHOOL
PS1805061,MTUNDURU PRIMARY SCHOOL
PS1805062,MUGHUMBU PRIMARY SCHOOL
PS1805063,MUHINTIRI PRIMARY SCHOOL
PS1805099,MULAGWE PRIMARY SCHOOL
PS1805064,MUNGAA PRIMARY SCHOOL
PS1805065,MUNKINYA PRIMARY SCHOOL
PS1805126,MUNYU PRIMARY SCHOOL
PS1805066,MUSAMBU PRIMARY SCHOOL
PS1805067,MUSIMI PRIMARY SCHOOL
PS1805068,MUYANJI PRIMARY SCHOOL
PS1805117,MWARE PRIMARY SCHOOL
PS1805069,MWARU PRIMARY SCHOOL
PS1805070,MWASUTIANGA PRIMARY SCHOOL
PS1805071,MWAU PRIMARY SCHOOL
PS1805072,MWISI PRIMARY SCHOOL
PS1805100,NALI PRIMARY SCHOOL
PS1805073,NDURU PRIMARY SCHOOL
PS1805110,NEW VISION SINGIDA PRIMARY SCHOOL
PS1805074,NG'ONGOSORO PRIMARY SCHOOL
PS1805075,NKHOIREE PRIMARY SCHOOL
PS1805076,NKUNDI PRIMARY SCHOOL
PS1805077,NKUNINKANA PRIMARY SCHOOL
PS1805078,NKURUSI PRIMARY SCHOOL
PS1805079,NTEWA PRIMARY SCHOOL
PS1805080,NTUNTU PRIMARY SCHOOL
PS1805124,NYAMBI PRIMARY SCHOOL
PS1805081,PUMA PRIMARY SCHOOL
PS1805130,SAFINATUN-NAJAA PRIMARY SCHOOL
PS1805082,SAKAA PRIMARY SCHOOL
PS1805083,SAMAKA PRIMARY SCHOOL
PS1805112,SAMAMBA PRIMARY SCHOOL
PS1805084,SAMBARU PRIMARY SCHOOL
PS1805114,SIMBIKWA PRIMARY SCHOOL
PS1805085,SIUYU PRIMARY SCHOOL
PS1805116,TARU MLIMANI PRIMARY SCHOOL
PS1805086,TARU PRIMARY SCHOOL
PS1805111,TERESA D'LIMA PRIMARY SCHOOL
PS1805087,UFANA PRIMARY SCHOOL
PS1805088,UJAIRE PRIMARY SCHOOL
PS1805089,ULYAMPITI PRIMARY SCHOOL
PS1805090,UNYAGHUMPI PRIMARY SCHOOL
PS1805091,UNYAHATI PRIMARY SCHOOL
PS1805092,UNYANGWE PRIMARY SCHOOL
PS1805093,UNYANKHANYA PRIMARY SCHOOL
PS1805094,UTAHO PRIMARY SCHOOL
PS1805095,WIBIA PRIMARY SCHOOL
PS1801001,DOROMONI PRIMARY SCHOOL
PS1801002,GALANGALA PRIMARY SCHOOL
PS1801108,GLORIA DEI PRIMARY SCHOOL
PS1801003,HAILA PRIMARY SCHOOL
PS1801004,IGUMO PRIMARY SCHOOL
PS1801093,IKARANGA PRIMARY SCHOOL
PS1801113,IKYETO PRIMARY SCHOOL
PS1801105,ISENENKWA PRIMARY SCHOOL
PS1801112,ISHANGA PRIMARY SCHOOL
PS1801098,ISHUILA PRIMARY SCHOOL
PS1801005,ISSUI PRIMARY SCHOOL
PS1801006,KASELYA PRIMARY SCHOOL
PS1801007,KIBIGIRI PRIMARY SCHOOL
PS1801008,KIBULULU PRIMARY SCHOOL
PS1801092,KICHANGANI PRIMARY SCHOOL
PS1801009,KIDARU PRIMARY SCHOOL
PS1801010,KIGULUNSUNGI PRIMARY SCHOOL
PS1801011,KIKONGE PRIMARY SCHOOL
PS1801012,KIMPUNDA PRIMARY SCHOOL
PS1801103,KINAKUMI PRIMARY SCHOOL
PS1801013,KINALILYA PRIMARY SCHOOL
PS1801014,KINAMBEU PRIMARY SCHOOL
PS1801015,KINAMPANDA PRIMARY SCHOOL
PS1801016,KINKUNGU PRIMARY SCHOOL
PS1801017,KIOMBOI-BOMANI PRIMARY SCHOOL
PS1801018,KIOMBOI-HOSPITAL PRIMARY SCHOOL
PS1801091,KIPUMA PRIMARY SCHOOL
PS1801019,KISANA PRIMARY SCHOOL
PS1801020,KISHARITA PRIMARY SCHOOL
PS1801100,KISIMBA PRIMARY SCHOOL
PS1801021,KISIRIRI PRIMARY SCHOOL
PS1801022,KISONGA PRIMARY SCHOOL
PS1801023,KITUKUTU PRIMARY SCHOOL
PS1801024,KIZEGA PRIMARY SCHOOL
PS1801025,KIZONZO PRIMARY SCHOOL
PS1801026,KYALOSANGI PRIMARY SCHOOL
PS1801027,KYENGEGE PRIMARY SCHOOL
PS1801028,LULUMBA PRIMARY SCHOOL
PS1801029,LUONO PRIMARY SCHOOL
PS1801030,LUZILUKULU PRIMARY SCHOOL
PS1801031,MAHOLA PRIMARY SCHOOL
PS1801032,MAKUNDA PRIMARY SCHOOL
PS1801104,MAKUNGU PRIMARY SCHOOL
PS1801107,MALUGA KONA PRIMARY SCHOOL
PS1801033,MALUGA PRIMARY SCHOOL
PS1801034,MAMPANTA PRIMARY SCHOOL
PS1801035,MANG'OLE PRIMARY SCHOOL
PS1801036,MAPINDUZI PRIMARY SCHOOL
PS1801037,MASAGI PRIMARY SCHOOL
PS1801038,MASIMBA PRIMARY SCHOOL
PS1801039,MAYANZANI PRIMARY SCHOOL
PS1801040,MBELEKESE PRIMARY SCHOOL
PS1801041,MELI PRIMARY SCHOOL
PS1801042,MGELA PRIMARY SCHOOL
PS1801043,MGONGO PRIMARY SCHOOL
PS1801044,MIGILANGO PRIMARY SCHOOL
PS1801099,MILAMBO PRIMARY SCHOOL
PS1801045,MISIGIRI PRIMARY SCHOOL
PS1801046,MISUNA PRIMARY SCHOOL
PS1801047,MLANDALA PRIMARY SCHOOL
PS1801048,MOTOMOTO PRIMARY SCHOOL
PS1801049,MSAI PRIMARY SCHOOL
PS1801050,MSANSAO PRIMARY SCHOOL
PS1801051,MSEKO PRIMARY SCHOOL
PS1801052,MTEKENTE PRIMARY SCHOOL
PS1801053,MTOA PRIMARY SCHOOL
PS1801054,MUGUNDU PRIMARY SCHOOL
PS1801055,MUGUNGIA PRIMARY SCHOOL
PS1801056,MUKULU PRIMARY SCHOOL
PS1801057,MUNKONZE PRIMARY SCHOOL
PS1801095,MUUNGANO PRIMARY SCHOOL
PS1801094,MWAMAPULI PRIMARY SCHOOL
PS1801058,MWANDUIGEMBE PRIMARY SCHOOL
PS1801059,NDAGO PRIMARY SCHOOL
PS1801060,NDULUNGU PRIMARY SCHOOL
PS1801061,NDURUMO PRIMARY SCHOOL
PS1801062,NG'ANGULI PRIMARY SCHOOL
PS1801063,NGUVUMALI PRIMARY SCHOOL
PS1801064,NKINGI PRIMARY SCHOOL
PS1801065,NKYALA PRIMARY SCHOOL
PS1801097,NOTRE DAME PRIMARY SCHOOL
PS1801066,NSELEMBWE PRIMARY SCHOOL
PS1801067,NSONGA PRIMARY SCHOOL
PS1801068,NTWIKE PRIMARY SCHOOL
PS1801069,RURUMA PRIMARY SCHOOL
PS1801070,SALALA PRIMARY SCHOOL
PS1801071,SEKENKE PRIMARY SCHOOL
PS1801072,SHATI PRIMARY SCHOOL
PS1801073,SHELUI PRIMARY SCHOOL
PS1801074,SIMBALUNGWALA PRIMARY SCHOOL
PS1801075,SONGAMBELE PRIMARY SCHOOL
PS1801096,ST DESDERIAS PRIMARY SCHOOL
PS1801076,TINTIGULU PRIMARY SCHOOL
PS1801077,TULYA PRIMARY SCHOOL
PS1801078,TUTU PRIMARY SCHOOL
PS1801079,TYEGELO PRIMARY SCHOOL
PS1801080,TYEME PRIMARY SCHOOL
PS1801109,TYUTA PRIMARY SCHOOL
PS1801081,UJUNGU PRIMARY SCHOOL
PS1801082,ULEMO PRIMARY SCHOOL
PS1801106,ULYANG'OMBE PRIMARY SCHOOL
PS1801083,URUGHU PRIMARY SCHOOL
PS1801084,USHORA-UTEMINI PRIMARY SCHOOL
PS1801085,USURE PRIMARY SCHOOL
PS1801086,UWANZA PRIMARY SCHOOL
PS1801087,WALLA PRIMARY SCHOOL
PS1801088,WEMBERE PRIMARY SCHOOL
PS1801089,YALAGANO PRIMARY SCHOOL
PS1807001,AGHONDI PRIMARY SCHOOL
PS1807002,BANGAYEGA PRIMARY SCHOOL
PS1807003,DAMWELU PRIMARY SCHOOL
PS1807004,DOROTO PRIMARY SCHOOL
PS1807005,FURAHA PRIMARY SCHOOL
PS1807006,GURUNGU PRIMARY SCHOOL
PS1807075,IBONOA PRE  AND PRIMARY SCHOOL
PS1807048,IBUMBIDA PRIMARY SCHOOL
PS1807007,IDODYANDOLE PRIMARY SCHOOL
PS1807071,IFUMBUKA PRIMARY SCHOOL
PS1807008,IPALALYU PRIMARY SCHOOL
PS1807009,IPANDE PRIMARY SCHOOL
PS1807049,IPANGAMASASI PRIMARY SCHOOL
PS1807060,IPUNGULI PRIMARY SCHOOL
PS1807056,ISINGIWE PRIMARY SCHOOL
PS1807067,ITAGA PRIMARY SCHOOL
PS1807010,ITAGATA PRIMARY SCHOOL
PS1807011,ITIGI PRIMARY SCHOOL
PS1807012,ITIGI RELI PRIMARY SCHOOL
PS1807044,ITUMBA PRIMARY SCHOOL
PS1807051,IWELEWELE PRIMARY SCHOOL
PS1807013,JEJE PRIMARY SCHOOL
PS1807062,KAHOMWE PRIMARY SCHOOL
PS1807015,KAMENYANGA PRIMARY SCHOOL
PS1807016,KASHANGU PRIMARY SCHOOL
PS1807054,KAYUI PRIMARY SCHOOL
PS1807017,KAZIKAZI PRIMARY SCHOOL
PS1807059,KAZIKAZI STESHENI PRIMARY SCHOOL
PS1807047,KIHANJU PRIMARY SCHOOL
PS1807018,KINTANULA PRIMARY SCHOOL
PS1807058,KIPERA PRIMARY SCHOOL
PS1807050,KISESA PRIMARY SCHOOL
PS1807019,KITARAKA PRIMARY SCHOOL
PS1807020,KITOPENI PRIMARY SCHOOL
PS1807068,KUDEMA PRIMARY SCHOOL
PS1807043,LULANGA PRIMARY SCHOOL
PS1807021,MABONDENI PRIMARY SCHOOL
PS1807022,MAENDELEO PRIMARY SCHOOL
PS1807023,MAHINYA PRIMARY SCHOOL
PS1807024,MAKALE PRIMARY SCHOOL
PS1807070,MASIMBA PRIMARY SCHOOL
PS1807073,MATAGATA PRIMARY SCHOOL
PS1807025,MBUGANI PRIMARY SCHOOL
PS1807072,MGAMBOO PRIMARY SCHOOL
PS1807026,MGANDU PRIMARY SCHOOL
PS1807063,MIKESE PRIMARY SCHOOL
PS1807045,MITUNDU B PRIMARY SCHOOL
PS1807027,MITUNDU PRIMARY SCHOOL
PS1807028,MJI MPYA PRIMARY SCHOOL
PS1807029,MKAJENGA PRIMARY SCHOOL
PS1807076,MLANDIZI PRIMARY SCHOOL
PS1807030,MLONGOJII PRIMARY SCHOOL
PS1807031,MLOWA PRIMARY SCHOOL
PS1807069,MNAZI MMOJA PRIMARY SCHOOL
PS1807032,MUHANGA PRIMARY SCHOOL
PS1807061,MWAKITANDA PRIMARY SCHOOL
PS1807033,MWAMAGEMBE PRIMARY SCHOOL
PS1807055,MWAMATIGA PRIMARY SCHOOL
PS1807064,NGILIMALOLE PRIMARY SCHOOL
PS1807053,NG'ONGOSOLO PRIMARY SCHOOL
PS1807034,NJIRII PRIMARY SCHOOL
PS1807066,NKAWA PRIMARY SCHOOL
PS1807035,PENTAGON PRIMARY SCHOOL
PS1807036,RUNGWA PRIMARY SCHOOL
PS1807037,SANJARANDA PRIMARY SCHOOL
PS1807039,ST. AUGUSTINE PRIMARY SCHOOL
PS1807042,ST. FRANCIS XAVIER PRIMARY SCHOOL
PS1807038,ST. VINCENT PRIMARY SCHOOL
PS1807040,TULIENI PRIMARY SCHOOL
PS1807074,UKOMBOZI PRIMARY SCHOOL
PS1807041,USESWANONI PRIMARY SCHOOL
PS1802001,CHIBUMAGWA PRIMARY SCHOOL
PS1802002,CHICHEHO PRIMARY SCHOOL
PS1802003,CHIDAMSULU PRIMARY SCHOOL
PS1802092,CHIDUDU PRIMARY SCHOOL
PS1802004,CHIKOLA PRIMARY SCHOOL
PS1802005,CHIKOMBO PRIMARY SCHOOL
PS1802006,CHIKUYU PRIMARY SCHOOL
PS1802007,CHILIGATI PRIMARY SCHOOL
PS1802094,CHIMWANZU PRIMARY SCHOOL
PS1802008,CHISINGISA PRIMARY SCHOOL
PS1802009,DABIA PRIMARY SCHOOL
PS1802010,HEKA PRIMARY SCHOOL
PS1802011,HIKA PRIMARY SCHOOL
PS1802012,IGWAMADETE PRIMARY SCHOOL
PS1802013,IKASI PRIMARY SCHOOL
PS1802014,ILALOO PRIMARY SCHOOL
PS1802074,IMAAM RABII ISLAMIC PRIMARY SCHOOL
PS1802015,IMALAMPAKA PRIMARY SCHOOL
PS1802016,IPANDUKA PRIMARY SCHOOL
PS1802017,IPULULU PRIMARY SCHOOL
PS1802018,ISSEKE PRIMARY SCHOOL
PS1802019,KAPITI PRIMARY SCHOOL
PS1802020,KASANII PRIMARY SCHOOL
PS1802021,KILIMATINDE PRIMARY SCHOOL
PS1802022,KINANGALI PRIMARY SCHOOL
PS1802023,KINTINKU PRIMARY SCHOOL
PS1802024,KINYIKA PRIMARY SCHOOL
PS1802025,KITALALO PRIMARY SCHOOL
PS1802026,LIGHTNESS PRIMARY SCHOOL
PS1802027,LONDONI PRIMARY SCHOOL
PS1802028,LUSILILE PRIMARY SCHOOL
PS1802098,MAFURUNGU PRIMARY SCHOOL
PS1802029,MAGASAI PRIMARY SCHOOL
PS1802030,MAHAKA PRIMARY SCHOOL
PS1802031,MAJENGO PRIMARY SCHOOL
PS1802032,MAJIRI PRIMARY SCHOOL
PS1802033,MAKANDA PRIMARY SCHOOL
PS1802034,MAKASUKU PRIMARY SCHOOL
PS1802036,MAKURU B PRIMARY SCHOOL
PS1802035,MAKURU PRIMARY SCHOOL
PS1802037,MAKUTUPORA PRIMARY SCHOOL
PS1802099,MALIKA PRIMARY SCHOOL
PS1802038,MANGOLI PRIMARY SCHOOL
PS1802076,MANKEMBOO PRIMARY SCHOOL
PS1802039,MANYONI PRIMARY SCHOOL
PS1802040,MASIGATI PRIMARY SCHOOL
PS1802041,MAWENI PRIMARY SCHOOL
PS1802077,MAZUCHII PRIMARY SCHOOL
PS1802042,MBWASA PRIMARY SCHOOL
PS1802100,MBWEKOO PRIMARY SCHOOL
PS1802043,MDUNUNDU PRIMARY SCHOOL
PS1802044,MITOO PRIMARY SCHOOL
PS1802045,MKWESE PRIMARY SCHOOL
PS1802046,MPANDAGANI PRIMARY SCHOOL
PS1802047,MPAPA PRIMARY SCHOOL
PS1802048,MPOLA PRIMARY SCHOOL
PS1802049,MUHALALA PRIMARY SCHOOL
PS1802050,MVUMI PRIMARY SCHOOL
PS1802075,MWANDILA PRIMARY SCHOOL
PS1802051,MWANZI PRIMARY SCHOOL
PS1802052,MWEMBENI PRIMARY SCHOOL
PS1802053,MWIBOO PRIMARY SCHOOL
PS1802054,MWITIKILA PRIMARY SCHOOL
PS1802055,NGAITI PRIMARY SCHOOL
PS1802102,NKAMBALALA PRIMARY SCHOOL
PS1802056,NKONKO PRIMARY SCHOOL
PS1802057,NTOPE PRIMARY SCHOOL
PS1802058,NTUMBI PRIMARY SCHOOL
PS1802078,NYARANGA PRIMARY SCHOOL
PS1802071,PADRE DINO PRIMARY SCHOOL
PS1802103,PAMPAGU PRIMARY SCHOOL
PS1802059,SANZA PRIMARY SCHOOL
PS1802060,SARANDA PRIMARY SCHOOL
PS1802061,SASAJILA PRIMARY SCHOOL
PS1802062,SASILO PRIMARY SCHOOL
PS1802063,SAYUNI PRIMARY SCHOOL
PS1802064,SIMBANGURU PRIMARY SCHOOL
PS1802065,SOLYA PRIMARY SCHOOL
PS1802073,ST.JOHN'S PRIMARY SCHOOL
PS1802066,SUKAMAHELA PRIMARY SCHOOL
PS1802067,TAMBUKARELI PRIMARY SCHOOL
PS1802070,TARGET PRIMARY SCHOOL
PS1802068,UDIMAA PRIMARY SCHOOL
PS1802069,WINAMILA PRIMARY SCHOOL
PS1806001,ASANJA PRIMARY SCHOOL
PS1806002,CHEMCHEM PRIMARY SCHOOL
PS1806003,DARAJANI PRIMARY SCHOOL
PS1806004,DOMINIC PRIMARY SCHOOL
PS1806005,ENDASIKU PRIMARY SCHOOL
PS1806006,GUMANGA PRIMARY SCHOOL
PS1806080,HILAMOTO PRIMARY SCHOOL
PS1806007,IAMBI PRIMARY SCHOOL
PS1806008,IBAGA PRIMARY SCHOOL
PS1806009,IGENGU PRIMARY SCHOOL
PS1806010,IGONIA PRIMARY SCHOOL
PS1806011,IGUGUNO PRIMARY SCHOOL
PS1806012,IKOLO PRIMARY SCHOOL
PS1806013,IKUNGU PRIMARY SCHOOL
PS1806086,ILANGIDA PRIMARY SCHOOL
PS1806014,ILONGO PRIMARY SCHOOL
PS1806015,ILUNDA PRIMARY SCHOOL
PS1806016,IPULI PRIMARY SCHOOL
PS1806089,IRAMA PRIMARY SCHOOL
PS1806017,ISANZU PRIMARY SCHOOL
PS1806018,ISENE PRIMARY SCHOOL
PS1806019,ISHENGA PRIMARY SCHOOL
PS1806020,ISHINSI PRIMARY SCHOOL
PS1806087,ITIANUNDI PRIMARY SCHOOL
PS1806021,KIBOLOLO PRIMARY SCHOOL
PS1806022,KIDARAFA PRIMARY SCHOOL
PS1806023,KIDIGIDA PRIMARY SCHOOL
PS1806024,KIKHONDA PRIMARY SCHOOL
PS1806025,KILIMANI PRIMARY SCHOOL
PS1806026,KILYUNGU PRIMARY SCHOOL
PS1806027,KINAMPUNDU PRIMARY SCHOOL
PS1806028,KINANDILI PRIMARY SCHOOL
PS1806029,KINANKAMBA PRIMARY SCHOOL
PS1806030,KINYAMBULI PRIMARY SCHOOL
PS1806031,KINYANGIRI PRIMARY SCHOOL
PS1806032,KITUMBILI PRIMARY SCHOOL
PS1806033,LUGONGO PRIMARY SCHOOL
PS1806034,LUKOMO PRIMARY SCHOOL
PS1806035,LYELEMBO PRIMARY SCHOOL
PS1806036,MAELU PRIMARY SCHOOL
PS1806037,MAKULO PRIMARY SCHOOL
PS1806038,MALAJA PRIMARY SCHOOL
PS1806039,MARERA PRIMARY SCHOOL
PS1806040,MATERE PRIMARY SCHOOL
PS1806041,MAZANGILI PRIMARY SCHOOL
PS1806078,MAZILIGA PRIMARY SCHOOL
PS1806042,MBIGIGI PRIMARY SCHOOL
PS1806043,MDILIKA PRIMARY SCHOOL
PS1806044,MGIMBA PRIMARY SCHOOL
PS1806083,MGOLOMBYO PRIMARY SCHOOL
PS1806045,MIDIBWI PRIMARY SCHOOL
PS1806046,MIGANGA PRIMARY SCHOOL
PS1806091,MIGUNGA PRIMARY SCHOOL
PS1806047,MILADE PRIMARY SCHOOL
PS1806048,MITALA PRIMARY SCHOOL
PS1806049,MKALAMA PRIMARY SCHOOL
PS1806050,MKIKO PRIMARY SCHOOL
PS1806051,MKUNGURU PRIMARY SCHOOL
PS1806052,MNG'ANDA PRIMARY SCHOOL
PS1806088,MNKOLA PRIMARY SCHOOL
PS1806053,MNOLO PRIMARY SCHOOL
PS1806054,MNTAMBA PRIMARY SCHOOL
PS1806055,MNUNG'UNA PRIMARY SCHOOL
PS1806056,MPAKO PRIMARY SCHOOL
PS1806057,MSINGI PRIMARY SCHOOL
PS1806058,MSISAI PRIMARY SCHOOL
PS1806059,MSIU PRIMARY SCHOOL
PS1806060,MUNGULI PRIMARY SCHOOL
PS1806061,MWANDU PRIMARY SCHOOL
PS1806062,MWANGA PRIMARY SCHOOL
PS1806063,MWANGEZA PRIMARY SCHOOL
PS1806064,MWANIGWE PRIMARY SCHOOL
PS1806079,MZENGI PRIMARY SCHOOL
PS1806065,NDALLA PRIMARY SCHOOL
PS1806066,NDUGUTI PRIMARY SCHOOL
PS1806082,NDUGUTI PRIMARY SCHOOL
PS1806084,NDURUMO PRIMARY SCHOOL
PS1806067,NKALAKALA PRIMARY SCHOOL
PS1806068,NKENKE PRIMARY SCHOOL
PS1806096,NKINDIKO PRIMARY SCHOOL
PS1806069,NKUNGI PRIMARY SCHOOL
PS1806070,NYAHAA PRIMARY SCHOOL
PS1806071,NYERI PRIMARY SCHOOL
PS1806072,SENENE PRIMARY SCHOOL
PS1806073,SINGA PRIMARY SCHOOL
PS1806074,SOPHIA PRIMARY SCHOOL
PS1806081,ST MARIE EUGENIE PRIMARY SCHOOL
PS1806085,TANGANYIKA PRIMARY SCHOOL
PS1806075,TATAZI PRIMARY SCHOOL
PS1806076,TUMULI PRIMARY SCHOOL
PS1806077,YULANSONI PRIMARY SCHOOL
PS1803001,AL-FAROUQ PRIMARY SCHOOL
PS1803087,AZIMIO PRIMARY SCHOOL
PS1803002,DIAGWA PRIMARY SCHOOL
PS1803081,ENDESH PRIMARY SCHOOL
PS1803088,GAIRU PRIMARY SCHOOL
PS1803096,GENEZARETH PRIMARY SCHOOL
PS1803003,GHALUNYANGU PRIMARY SCHOOL
PS1803004,GHATA PRIMARY SCHOOL
PS1803005,IDANG'ADU PRIMARY SCHOOL
PS1803006,IFOMBOU PRIMARY SCHOOL
PS1803007,IGAURI PRIMARY SCHOOL
PS1803008,IKHANODA PRIMARY SCHOOL
PS1803009,IKIWU PRIMARY SCHOOL
PS1803082,IKUMESE  PRIMARY SCHOOL
PS1803010,ILONGERO PRIMARY SCHOOL
PS1803011,ITAJA PRIMARY SCHOOL
PS1803012,ITAMKA PRIMARY SCHOOL
PS1803013,JANGWA PRIMARY SCHOOL
PS1803092,KAFANABO PRIMARY SCHOOL
PS1803014,KAMBARAGE PRIMARY SCHOOL
PS1803015,KIDAGHAU PRIMARY SCHOOL
PS1803091,KIHUNADI PRIMARY SCHOOL
PS1803016,KIJOTA PRIMARY SCHOOL
PS1803017,KINYAGIGI PRIMARY SCHOOL
PS1803089,KINYAMWAMBO PRIMARY SCHOOL
PS1803018,KINYAMWENDA PRIMARY SCHOOL
PS1803019,KINYETO PRIMARY SCHOOL
PS1803020,KISISI PRIMARY SCHOOL
PS1803101,KISUTU PRIMARY SCHOOL
PS1803021,LAGHANIDA PRIMARY SCHOOL
PS1803022,LAMBA PRIMARY SCHOOL
PS1803085,MADAMIGHA  PRIMARY SCHOOL
PS1803023,MAKHANDI PRIMARY SCHOOL
PS1803024,MAKURO PRIMARY SCHOOL
PS1803025,MALOLO PRIMARY SCHOOL
PS1803026,MANGIDA PRIMARY SCHOOL
PS1803027,MAPINDUZI PRIMARY SCHOOL
PS1803028,MATUMBO PRIMARY SCHOOL
PS1803029,MDILU PRIMARY SCHOOL
PS1803030,MERYA PRIMARY SCHOOL
PS1803031,MFUMBU PRIMARY SCHOOL
PS1803032,MGORI PRIMARY SCHOOL
PS1803033,MIGUGU PRIMARY SCHOOL
PS1803094,MIKUYU PRIMARY SCHOOL
PS1803034,MINYENYE PRIMARY SCHOOL
PS1803035,MIPILO PRIMARY SCHOOL
PS1803036,MISINKO PRIMARY SCHOOL
PS1803093,MISSUNA PRIMARY SCHOOL
PS1803037,MITULA PRIMARY SCHOOL
PS1803038,MJURA PRIMARY SCHOOL
PS1803039,MKENGE PRIMARY SCHOOL
PS1803040,MKIMBII PRIMARY SCHOOL
PS1803041,MNUNG'UNA PRIMARY SCHOOL
PS1803042,MPAMBAA PRIMARY SCHOOL
PS1803043,MPIPITI PRIMARY SCHOOL
PS1803044,MRAMA PRIMARY SCHOOL
PS1803045,MSANGE PRIMARY SCHOOL
PS1803046,MSIKII PRIMARY SCHOOL
PS1803047,MSIMIHI PRIMARY SCHOOL
PS1803048,MSISI PRIMARY SCHOOL
PS1803049,MTINKO PRIMARY SCHOOL
PS1803050,MUDIDA PRIMARY SCHOOL
PS1803086,MUGHAMO  PRIMARY SCHOOL
PS1803051,MUGHUNGA PRIMARY SCHOOL
PS1803052,MUHUVI PRIMARY SCHOOL
PS1803053,MUKULU PRIMARY SCHOOL
PS1803054,MULUMPU PRIMARY SCHOOL
PS1803098,MUMBII PRIMARY SCHOOL
PS1803055,MUNKHOLA PRIMARY SCHOOL
PS1803095,MUNKWAE PRIMARY SCHOOL
PS1803103,MURYA PRIMARY SCHOOL
PS1803056,MUUNGANO PRIMARY SCHOOL
PS1803057,MVAE PRIMARY SCHOOL
PS1803058,MWACHAMBIA PRIMARY SCHOOL
PS1803059,MWAHANGO PRIMARY SCHOOL
PS1803060,MWAKABIJI PRIMARY SCHOOL
PS1803083,MWAKICHECHE PRIMARY SCHOOL
PS1803061,MWAKITI PRIMARY SCHOOL
PS1803084,MWALALA  PRIMARY SCHOOL
PS1803062,MWAMBA PRIMARY SCHOOL
PS1803100,MWAMENYA PRIMARY SCHOOL
PS1803063,MWANGAE PRIMARY SCHOOL
PS1803064,MWASAUYA PRIMARY SCHOOL
PS1803065,MWIGHANJI PRIMARY SCHOOL
PS1803066,NDUAMUGHANGA PRIMARY SCHOOL
PS1803067,NDUGHWIRA PRIMARY SCHOOL
PS1803069,NGAMU PRIMARY SCHOOL
PS1803097,NGARAMTONI PRIMARY SCHOOL
PS1803070,NGIMU PRIMARY SCHOOL
PS1803068,NG'ONGOAMPOKU PRIMARY SCHOOL
PS1803071,NKWAE PRIMARY SCHOOL
PS1803072,NTONDO PRIMARY SCHOOL
PS1803073,NTUNDUU PRIMARY SCHOOL
PS1803074,POHAMA PRIMARY SCHOOL
PS1803075,SAGARA PRIMARY SCHOOL
PS1803076,SEFUNGA PRIMARY SCHOOL
PS1803077,SEKOUTOURE PRIMARY SCHOOL
PS1803078,SEMFURU PRIMARY SCHOOL
PS1803090,SOKOINE PRIMARY SCHOOL
PS1803079,SONGA PRIMARY SCHOOL
PS1803099,SONGAMBELE PRIMARY SCHOOL
PS1803080,UGHANDI PRIMARY SCHOOL
PS1804037,ABETI PRIMARY SCHOOL
PS1804053,AL-FURQAAN PRIMARY SCHOOL
PS1804055,AL-WAFAA ISLAMIC PRIMARY SCHOOL
PS1804056,ARAFAH ISLAMIC SEMINARY PRIMARY SCHOOL
PS1804014,BOMANI PRIMARY SCHOOL
PS1804075,DR. SAMIA SULUHU HASSAN PRIMARY SCHOOL
PS1804038,IKENGA PRIMARY SCHOOL
PS1804074,IMBELE PRIMARY SCHOOL
PS1804013,IPEMBE PRIMARY SCHOOL
PS1804031,IPUNGI PRIMARY SCHOOL
PS1804027,ISOMIA PRIMARY SCHOOL
PS1804022,ITITI PRIMARY SCHOOL
PS1804046,JANUKA PRIMARY SCHOOL
PS1804058,JUDEA PRIMARY SCHOOL
PS1804016,KIBAONI PRIMARY SCHOOL
PS1804041,KIHADE PRIMARY SCHOOL
PS1804051,KIMAI PRIMARY SCHOOL
PS1804050,KIMPUNGUA PRIMARY SCHOOL
PS1804009,KINDAI PRIMARY SCHOOL
PS1804012,KISAKI PRIMARY SCHOOL
PS1804021,KISASIDA PRIMARY SCHOOL
PS1804006,KITITIMO PRIMARY SCHOOL
PS1804034,LAKE PRIMARY SCHOOL
PS1804036,MAASAI PRIMARY SCHOOL
PS1804049,MAEMAK PRIMARY SCHOOL
PS1804035,MAHEMBE PRIMARY SCHOOL
PS1804042,MAKUNGU PRIMARY SCHOOL
PS1804054,MALAIKA WA MATUMAINI PRIMARY SCHOOL
PS1804011,MANGA PRIMARY SCHOOL
PS1804039,MANGUAMITOGHO PRIMARY SCHOOL
PS1804070,MANGUAMPYUGHU PRIMARY SCHOOL
PS1804001,MANGUANJUKI PRIMARY SCHOOL
PS1804032,MINGA PRIMARY SCHOOL
PS1804043,MISUNA PRIMARY SCHOOL
PS1804061,MNUNG'UNA PRIMARY SCHOOL
PS1804020,MTAMAA PRIMARY SCHOOL
PS1804023,MTIPA PRIMARY SCHOOL
PS1804025,MTISI PRIMARY SCHOOL
PS1804010,MUGHANGA PRIMARY SCHOOL
PS1804067,MUGHENYI PRIMARY SCHOOL
PS1804024,MUNGUMAJI PRIMARY SCHOOL
PS1804040,MWAJA PRIMARY SCHOOL
PS1804015,MWANKOKO PRIMARY SCHOOL
PS1804069,MWEMBEMOJA PRIMARY SCHOOL
PS1804044,NG'AIDA PRIMARY SCHOOL
PS1804059,NURU ISLAMIC PRIMARY SCHOOL
PS1804029,NYERERE PRIMARY SCHOOL
PS1804052,NYUNJWI PRIMARY SCHOOL
PS1804026,SABASABA PRIMARY SCHOOL
PS1804030,SINGIDANI PRIMARY SCHOOL
PS1804033,SOMOKU PRIMARY SCHOOL
PS1804028,SUMAYE PRIMARY SCHOOL
PS1804068,SUNDU PRIMARY SCHOOL
PS1804045,TUMAINI VIZIWI PRIMARY SCHOOL
PS1804018,UGHAUGHA PRIMARY SCHOOL
PS1804003,UHAMAKA PRIMARY SCHOOL
PS1804008,UKOMBOZI PRIMARY SCHOOL
PS1804017,UNYAKUMI PRIMARY SCHOOL
PS1804002,UNYAMBWA PRIMARY SCHOOL
PS1804005,UNYAMIKUMBI PRIMARY SCHOOL
PS1804057,UNYANKHAE PRIMARY SCHOOL
PS1804007,UNYANKINDI PRIMARY SCHOOL
PS1804004,UNYIANGA PRIMARY SCHOOL
PS1804048,UNYINGA PRIMARY SCHOOL
PS1804047,UPENDO PRIMARY SCHOOL
PS1804019,UTEMINI PRIMARY SCHOOL
PS1901134,ACACIA LAND PRIMARY SCHOOL
PS1901112,AZIMIO PRIMARY SCHOOL
PS1901002,BUCHENJEGELE PRIMARY SCHOOL
PS1901001,BUGAYAMBELELE PRIMARY SCHOOL
PS1901117,BUGINGIJA PRIMARY SCHOOL
PS1901003,BUHEKELA PRIMARY SCHOOL
PS1901004,BUKAMA PRIMARY SCHOOL
PS1901005,BUKOKO PRIMARY SCHOOL
PS1901006,BULANGAMILWA PRIMARY SCHOOL
PS1901007,BULENYA PRIMARY SCHOOL
PS1901008,BULUMBELA PRIMARY SCHOOL
PS1901009,BULUNDE PRIMARY SCHOOL
PS1901010,BULYANG'OMBE PRIMARY SCHOOL
PS1901011,BUSOMEKE PRIMARY SCHOOL
PS1901126,BUYUMBA PRIMARY SCHOOL
PS1901100,CHAGANA PRIMARY SCHOOL
PS1901118,CHALAMO PRIMARY SCHOOL
PS1901107,CHAMALENDI PRIMARY SCHOOL
PS1901099,CHAPELA PRIMARY SCHOOL
PS1901111,CHARLES KABEHO PRIMARY SCHOOL
PS1901013,CHIBISO PRIMARY SCHOOL
PS1901014,CHIPUKIZI PRIMARY SCHOOL
PS1901015,CHOMA PRIMARY SCHOOL
PS1901141,FREDRICK VAN VLIJMEN PRIMARY SCHOOL
PS1901135,GANYAWA PRIMARY SCHOOL
PS1901125,HANIHANI PRIMARY SCHOOL
PS1901016,HINDISHI PRIMARY SCHOOL
PS1901017,IBOLE PRIMARY SCHOOL
PS1901018,IBOLOGERO PRIMARY SCHOOL
PS1901019,IBUTAMISUZI PRIMARY SCHOOL
PS1901020,IGOGO PRIMARY SCHOOL
PS1901129,IGOMBANILO PRIMARY SCHOOL
PS1901145,IGONDELA PRIMARY SCHOOL
PS1901021,IGOWEKO PRIMARY SCHOOL
PS1901140,IGUMILA PRIMARY SCHOOL
PS1901022,IGUMO PRIMARY SCHOOL
PS1901023,IGUNGA PRIMARY SCHOOL
PS1901024,IGURUBI PRIMARY SCHOOL
PS1901025,IKONDA PRIMARY SCHOOL
PS1901128,IKULAMAWE PRIMARY SCHOOL
PS1901026,IKUNGUIPINA PRIMARY SCHOOL
PS1901027,IMALANGUZU PRIMARY SCHOOL
PS1901028,IMALILO PRIMARY SCHOOL
PS1901113,IMENYA PRIMARY SCHOOL
PS1901029,IPEMBE PRIMARY SCHOOL
PS1901030,IPUMBULYA PRIMARY SCHOOL
PS1901101,ISANGA PRIMARY SCHOOL
PS1901102,ISENEGEJA PRIMARY SCHOOL
PS1901031,ISUGILO PRIMARY SCHOOL
PS1901032,ITALE PRIMARY SCHOOL
PS1901124,ITIBULA PRIMARY SCHOOL
PS1901136,ITULASHILANGA PRIMARY SCHOOL
PS1901033,ITUMBA PRIMARY SCHOOL
PS1901034,ITUNDURU PRIMARY SCHOOL
PS1901035,IYOGELO PRIMARY SCHOOL
PS1901146,IZIMBILI PRIMARY SCHOOL
PS1901132,JISESA PRIMARY SCHOOL
PS1901109,JITEGEMEE PRIMARY SCHOOL
PS1901036,JOGOHYA PRIMARY SCHOOL
PS1901037,KAGONGWA PRIMARY SCHOOL
PS1901038,KALANGALE PRIMARY SCHOOL
PS1901039,KALEMELA PRIMARY SCHOOL
PS1901040,KAUMBU PRIMARY SCHOOL
PS1901041,KIDALU PRIMARY SCHOOL
PS1901148,KILOLELI PRIMARY SCHOOL
PS1901042,KINING'INILA PRIMARY SCHOOL
PS1901043,KINUNGU PRIMARY SCHOOL
PS1901144,KISHELELE PRIMARY SCHOOL
PS1901044,KITANGILI PRIMARY SCHOOL
PS1901114,KITYELO PRIMARY SCHOOL
PS1901045,MAJENGO PRIMARY SCHOOL
PS1901046,MAKOMERO PRIMARY SCHOOL
PS1901047,MALAGANO PRIMARY SCHOOL
PS1901123,MALIBASI PRIMARY SCHOOL
PS1901048,MANGUNGU PRIMARY SCHOOL
PS1901049,MATINJE PRIMARY SCHOOL
PS1901116,MAWENI PRIMARY SCHOOL
PS1901050,MGAZI PRIMARY SCHOOL
PS1901051,MGONDAMVELA PRIMARY SCHOOL
PS1901052,MGONGORO PRIMARY SCHOOL
PS1901103,MGUNGA PRIMARY SCHOOL
PS1901012,MHAMAMMOJA PRIMARY SCHOOL
PS1901119,MIGELELE PRIMARY SCHOOL
PS1901053,MIGONGWA PRIMARY SCHOOL
PS1901131,MIHAMA PRIMARY SCHOOL
PS1901120,MIRUMBI PRIMARY SCHOOL
PS1901054,MIZANZA PRIMARY SCHOOL
PS1901055,MONDO PRIMARY SCHOOL
PS1901056,MOYOFUKE PRIMARY SCHOOL
PS1901057,MPOGOLO PRIMARY SCHOOL
PS1901058,MTUNGULU PRIMARY SCHOOL
PS1901059,MWABAKIMA PRIMARY SCHOOL
PS1901060,MWABARATURU PRIMARY SCHOOL
PS1901061,MWABUBELE PRIMARY SCHOOL
PS1901062,MWAGALA PRIMARY SCHOOL
PS1901063,MWAJILUNGA PRIMARY SCHOOL
PS1901115,MWAJINJAMA PRIMARY SCHOOL
PS1901064,MWAKABUTA PRIMARY SCHOOL
PS1901133,MWAKALULUMILA PRIMARY SCHOOL
PS1901137,MWAKIPANGA PRIMARY SCHOOL
PS1901065,MWALALA PRIMARY SCHOOL
PS1901104,MWAMAGOBO PRIMARY SCHOOL
PS1901066,MWAMAKONA PRIMARY SCHOOL
PS1901067,MWAMAPULI PRIMARY SCHOOL
PS1901068,MWAMASHIGA PRIMARY SCHOOL
PS1901069,MWAMASHIMBA PRIMARY SCHOOL
PS1901070,MWAMILU PRIMARY SCHOOL
PS1901071,MWAMLOLI PRIMARY SCHOOL
PS1901072,MWANSHOMA PRIMARY SCHOOL
PS1901073,MWANYAGULA PRIMARY SCHOOL
PS1901074,MWANZUGI PRIMARY SCHOOL
PS1901075,MWASHIKU PRIMARY SCHOOL
PS1901076,MWASUNG'HO PRIMARY SCHOOL
PS1901077,MWAWILU PRIMARY SCHOOL
PS1901149,MWAYUNGE PRIMARY SCHOOL
PS1901078,MWAZIZI PRIMARY SCHOOL
PS1901121,MWAZUMBI PRIMARY SCHOOL
PS1901106,MWENGE PRIMARY SCHOOL
PS1901108,MWINA PRIMARY SCHOOL
PS1901079,NANGA PRIMARY SCHOOL
PS1901080,NCHELI PRIMARY SCHOOL
PS1901081,NDEMBEZI PRIMARY SCHOOL
PS1901082,NGULU PRIMARY SCHOOL
PS1901083,NGURITI PRIMARY SCHOOL
PS1901084,NGUVUMOJA PRIMARY SCHOOL
PS1901110,NJIAPANDA PRIMARY SCHOOL
PS1901085,NKINGA PRIMARY SCHOOL
PS1901130,NKINGA PRIMARY SCHOOL
PS1901086,NTIGU PRIMARY SCHOOL
PS1901087,NTOBO PRIMARY SCHOOL
PS1901088,NYANDEKWA PRIMARY SCHOOL
PS1901089,SAKAMALIWA PRIMARY SCHOOL
PS1901127,SEBELO PRIMARY SCHOOL
PS1901147,SELEGEI PRIMARY SCHOOL
PS1901090,SIMBO PRIMARY SCHOOL
PS1901138,ST JOSEPH OF CLUNY PRIMARY SCHOOL
PS1901122,ST LEO THE GREAT PRIMARY SCHOOL
PS1901091,SUNGWIZI PRIMARY SCHOOL
PS1901092,TAMBALALE PRIMARY SCHOOL
PS1901093,UGAKA PRIMARY SCHOOL
PS1901094,ULAYA PRIMARY SCHOOL
PS1901105,USHIRIKA PRIMARY SCHOOL
PS1901095,USSONGO PRIMARY SCHOOL
PS1901096,USWAYA PRIMARY SCHOOL
PS1901097,UTUJA PRIMARY SCHOOL
PS1901098,ZIBA PRIMARY SCHOOL
PS1907001,BULELA PRIMARY SCHOOL
PS1907002,BUSONDI PRIMARY SCHOOL
PS1907125,BUSUBI PRIMARY SCHOOL
PS1907003,CHANGAMOTO PRIMARY SCHOOL
PS1907004,CHEMKENI PRIMARY SCHOOL
PS1907138,DKT. SAMIA PRIMARY SCHOOL
PS1907109,FAHARI PRIMARY SCHOOL
PS1907135,FURAHA PRIMARY SCHOOL
PS1907005,IBAMBO PRIMARY SCHOOL
PS1907127,IBUMBA PRIMARY SCHOOL
PS1907006,ICHEMBA PRIMARY SCHOOL
PS1907007,IGAGALA PRIMARY SCHOOL
PS1907008,IGOMBE PRIMARY SCHOOL
PS1907009,IGWISI PRIMARY SCHOOL
PS1907010,IKONONGO PRIMARY SCHOOL
PS1907100,IKUNKWA PRIMARY SCHOOL
PS1907011,ILEGE PRIMARY SCHOOL
PS1907012,ILUGU PRIMARY SCHOOL
PS1907013,IMALAMIHAYO PRIMARY SCHOOL
PS1907014,IMALAMPAKA PRIMARY SCHOOL
PS1907015,IMALAUPINA PRIMARY SCHOOL
PS1907016,IMARA PRIMARY SCHOOL
PS1907017,IPEJA PRIMARY SCHOOL
PS1907018,ISANJANDUGU PRIMARY SCHOOL
PS1907114,ISENGA PRIMARY SCHOOL
PS1907118,IYOGELO PRIMARY SCHOOL
PS1907019,IYOMBO PRIMARY SCHOOL
PS1907116,JUHUDI PRIMARY SCHOOL
PS1907020,KABANGA PRIMARY SCHOOL
PS1907106,KADUTU PRIMARY SCHOOL
PS1907021,KAGERA PRIMARY SCHOOL
PS1907105,KAGUNGA PRIMARY SCHOOL
PS1907110,KAKOBHE PRIMARY SCHOOL
PS1907140,KALEMELA  PRIMARY SCHOOL
PS1907022,KALIUA PRIMARY SCHOOL
PS1907128,KALOLE PRIMARY SCHOOL
PS1907023,KAMSEKWA PRIMARY SCHOOL
PS1907133,KANGE PRIMARY SCHOOL
PS1907024,KANGEME PRIMARY SCHOOL
PS1907025,KANINDO PRIMARY SCHOOL
PS1907026,KANOGE PRIMARY SCHOOL
PS1907117,KAPANDWASHIMBA PRIMARY SCHOOL
PS1907101,KASENGA PRIMARY SCHOOL
PS1907027,KASHISHI PRIMARY SCHOOL
PS1907028,KASUNGU PRIMARY SCHOOL
PS1907029,KASWA PRIMARY SCHOOL
PS1907030,KATALA PRIMARY SCHOOL
PS1907134,KATUNGULU PRIMARY SCHOOL
PS1907031,KATUTUBILA PRIMARY SCHOOL
PS1907032,KAZANAUPATE PRIMARY SCHOOL
PS1907033,KAZAROHO PRIMARY SCHOOL
PS1907034,KEZA PRIMARY SCHOOL
PS1907035,KILIMAWE PRIMARY SCHOOL
PS1907036,KING'WANGOKO PRIMARY SCHOOL
PS1907037,KIPENDAMOYO PRIMARY SCHOOL
PS1907102,KITALENI PRIMARY SCHOOL
PS1907038,KOMBE PRIMARY SCHOOL
PS1907039,LIMBULA PRIMARY SCHOOL
PS1907040,LUGANJO PRIMARY SCHOOL
PS1907041,LUMBE PRIMARY SCHOOL
PS1907042,LUYEMBE PRIMARY SCHOOL
PS1907043,MABOHA PRIMARY SCHOOL
PS1907139,MAGELE PRIMARY SCHOOL
PS1907122,MAGOMENI PRIMARY SCHOOL
PS1907044,MAJENGO PRIMARY SCHOOL
PS1907045,MAKINGI PRIMARY SCHOOL
PS1907046,MAKONGE PRIMARY SCHOOL
PS1907047,MAKUBI PRIMARY SCHOOL
PS1907103,MALANGA PRIMARY SCHOOL
PS1907048,MAPIGANO PRIMARY SCHOOL
PS1907049,MBETA PRIMARY SCHOOL
PS1907050,MILAMBO PRIMARY SCHOOL
PS1907051,MKILIGI PRIMARY SCHOOL
PS1907052,MKINDO PRIMARY SCHOOL
PS1907053,MKUYUNI PRIMARY SCHOOL
PS1907120,MLIMANI PRIMARY SCHOOL
PS1907054,MNANGE PRIMARY SCHOOL
PS1907055,MPANDAMLOWOKA PRIMARY SCHOOL
PS1907096,MPILIPILI PRIMARY SCHOOL
PS1907124,MPONGOLO PRIMARY SCHOOL
PS1907056,MPWAGA PRIMARY SCHOOL
PS1907057,MTAPENDA PRIMARY SCHOOL
PS1907097,MTIMBI PRIMARY SCHOOL
PS1907130,MUUNGANO PRIMARY SCHOOL
PS1907108,MWAHALAJA PRIMARY SCHOOL
PS1907058,MWAMASHIMBA PRIMARY SCHOOL
PS1907059,MWANGAZA PRIMARY SCHOOL
PS1907060,MWONGOZO PRIMARY SCHOOL
PS1907061,NG'WANDE PRIMARY SCHOOL
PS1907107,NHANGA PRIMARY SCHOOL
PS1907062,NSIMBA PRIMARY SCHOOL
PS1907063,NSIMBO PRIMARY SCHOOL
PS1907064,NSUNGWA PRIMARY SCHOOL
PS1907098,NTYEMO PRIMARY SCHOOL
PS1907065,NYASA PRIMARY SCHOOL
PS1907066,NYERERE PRIMARY SCHOOL
PS1907113,PETER'S ROYAL PRIMARY SCHOOL
PS1907067,POZAMOYO PRIMARY SCHOOL
PS1907068,SASU PRIMARY SCHOOL
PS1907069,SELELI PRIMARY SCHOOL
PS1907070,SHELLA PRIMARY SCHOOL
PS1907129,SIYANZA PRIMARY SCHOOL
PS1907104,SONGAMBELE PRIMARY SCHOOL
PS1907071,SUSUTILA PRIMARY SCHOOL
PS1907072,TABA PRIMARY SCHOOL
PS1907119,TARAGWE PRIMARY SCHOOL
PS1907073,TUMAINI PRIMARY SCHOOL
PS1907074,TUOMBEMUNGU PRIMARY SCHOOL
PS1907075,UFUKUTWA PRIMARY SCHOOL
PS1907076,UGANSA PRIMARY SCHOOL
PS1907077,UGUNGA PRIMARY SCHOOL
PS1907078,UHINDI PRIMARY SCHOOL
PS1907079,UKUMBIKAKOKO PRIMARY SCHOOL
PS1907080,UKUMBISIGANGA PRIMARY SCHOOL
PS1907081,ULANGA PRIMARY SCHOOL
PS1907082,ULINDWANONI PRIMARY SCHOOL
PS1907121,UMOJA PRIMARY SCHOOL
PS1907112,UPELE PRIMARY SCHOOL
PS1907099,UPENDO PRIMARY SCHOOL
PS1907083,USANGI PRIMARY SCHOOL
PS1907084,USHOKOLA PRIMARY SCHOOL
PS1907085,USIGALA PRIMARY SCHOOL
PS1907086,USIMBA PRIMARY SCHOOL
PS1907087,USINDI PRIMARY SCHOOL
PS1907088,USINGA PRIMARY SCHOOL
PS1907089,USINGE PRIMARY SCHOOL
PS1907090,USONGA PRIMARY SCHOOL
PS1907091,UTANTAMKE PRIMARY SCHOOL
PS1907092,UYOWA PRIMARY SCHOOL
PS1907093,WACHAWASEME PRIMARY SCHOOL
PS1907111,WIMATE PRIMARY SCHOOL
PS1907094,ZUGIMLOLE PRIMARY SCHOOL
PS1902001,BUDUSHI PRIMARY SCHOOL
PS1902002,BUHONDO PRIMARY SCHOOL
PS1902124,BUHULYU PRIMARY SCHOOL
PS1902003,BUJULU PRIMARY SCHOOL
PS1902004,BUKENE PRIMARY SCHOOL
PS1902005,BULAMBUKA PRIMARY SCHOOL
PS1902126,BULENDE PRIMARY SCHOOL
PS1902006,BULUNDE PRIMARY SCHOOL
PS1902007,BUSONDO PRIMARY SCHOOL
PS1902008,CHABUTWA PRIMARY SCHOOL
PS1902011,CHAMING'HWA PRIMARY SCHOOL
PS1902009,CHAMIPULU PRIMARY SCHOOL
PS1902010,CHAMWABO PRIMARY SCHOOL
PS1902163,CHIFU KABIKABO PRIMARY SCHOOL
PS1902128,GULYAMBI PRIMARY SCHOOL
PS1902145,IBELAFINGA PRIMARY SCHOOL
PS1902012,IBOJA     PRIMARY SCHOOL
PS1902013,IBUSHI   PRIMARY SCHOOL
PS1902014,IDITIMA PRIMARY SCHOOL
PS1902015,IDUBULA PRIMARY SCHOOL
PS1902016,IFUMBA PRIMARY SCHOOL
PS1902110,IGALULA PRIMARY SCHOOL
PS1902017,IGUSULE PRIMARY SCHOOL
PS1902018,IKINDWA PRIMARY SCHOOL
PS1902019,ILAGAJA PRIMARY SCHOOL
PS1902020,ILALO PRIMARY SCHOOL
PS1902021,ILELAMHINA PRIMARY SCHOOL
PS1902140,ILOLE PRIMARY SCHOOL
PS1902120,ILOMELO PRIMARY SCHOOL
PS1902127,ILUNGU PRIMARY SCHOOL
PS1902022,INAGANA PRIMARY SCHOOL
PS1902173,IPEJA PRIMARY SCHOOL
PS1902023,IPUMBULI PRIMARY SCHOOL
PS1902025,ISAGENHE PRIMARY SCHOOL
PS1902024,ISALALO   PRIMARY SCHOOL
PS1902122,ISANGA PRIMARY SCHOOL
PS1902026,ISANZU   PRIMARY SCHOOL
PS1902027,ISESE PRIMARY SCHOOL
PS1902028,ISHIKI PRIMARY SCHOOL
PS1902141,ISHINDE PRIMARY SCHOOL
PS1902132,ISILYAZA PRIMARY SCHOOL
PS1902029,ISIMBA PRIMARY SCHOOL
PS1902030,ISUNHA  PRIMARY SCHOOL
PS1902031,ITANANA PRIMARY SCHOOL
PS1902113,ITIMA PRIMARY SCHOOL
PS1902032,ITOBO PRIMARY SCHOOL
PS1902136,ITUMBILI PRIMARY SCHOOL
PS1902033,IYOMBO    PRIMARY SCHOOL
PS1902034,IZINGA       PRIMARY SCHOOL
PS1902035,KABALE      PRIMARY SCHOOL
PS1902036,KABANGA PRIMARY SCHOOL
PS1902037,KAGANDO PRIMARY SCHOOL
PS1902038,KAGONGWA PRIMARY SCHOOL
PS1902169,KAHAMA PRIMARY SCHOOL
PS1902040,KAKULUNGU PRIMARY SCHOOL
PS1902041,KALOLENI PRIMARY SCHOOL
PS1902042,KAMPALA PRIMARY SCHOOL
PS1902043,KANOLO PRIMARY SCHOOL
PS1902044,KASANGA PRIMARY SCHOOL
PS1902148,KASELA PRIMARY SCHOOL
PS1902137,KASOMELA PRIMARY SCHOOL
PS1902157,KATANGWA PRIMARY SCHOOL
PS1902045,KAYOMBO SCHOOL PRIMARY SCHOOL
PS1902046,KIDETE PRIMARY SCHOOL
PS1902047,KIGANDU PRIMARY SCHOOL
PS1902048,KIKONOKA PRIMARY SCHOOL
PS1902049,KILINO PRIMARY SCHOOL
PS1902050,KIPILIMUKA PRIMARY SCHOOL
PS1902051,KIPUGALA PRIMARY SCHOOL
PS1902052,KIPUNGULU PRIMARY SCHOOL
PS1902053,KISHILI PRIMARY SCHOOL
PS1902162,KISINZA PRIMARY SCHOOL
PS1902039,K'NHALANGA PRIMARY SCHOOL
PS1902156,KWANZALE  PRIMARY SCHOOL
PS1902054,LAKUYI PRIMARY SCHOOL
PS1902055,LUBUBU PRIMARY SCHOOL
PS1902151,LUGULULWANZUNGU PRIMARY SCHOOL
PS1902123,LUHUMBO PRIMARY SCHOOL
PS1902056,LUSU PRIMARY SCHOOL
PS1902165,LUZUKO PRIMARY SCHOOL
PS1902057,LYAMALAGWA PRIMARY SCHOOL
PS1902058,MABISILO PRIMARY SCHOOL
PS1902059,MAGENGATI PRIMARY SCHOOL
PS1902112,MAGUKULA PRIMARY SCHOOL
PS1902060,MAHENE PRIMARY SCHOOL
PS1902121,MAHENE RELINI PRIMARY SCHOOL
PS1902061,MALILITA PRIMARY SCHOOL
PS1902062,MALOLO PRIMARY SCHOOL
PS1902150,MAMBALI PRIMARY SCHOOL
PS1902063,MANGASHINI PRIMARY SCHOOL
PS1902064,MBAGWA PRIMARY SCHOOL
PS1902065,MBOOGA PRIMARY SCHOOL
PS1902066,MBUTU PRIMARY SCHOOL
PS1902067,MHEMBE PRIMARY SCHOOL
PS1902133,MIHAMA PRIMARY SCHOOL
PS1902068,MILAMBO-ITOBO PRIMARY SCHOOL
PS1902069,MIZIBAZIBA PRIMARY SCHOOL
PS1902071,MOGWA PRIMARY SCHOOL
PS1902143,MWABANGU PRIMARY SCHOOL
PS1902070,MWAGUGULI PRIMARY SCHOOL
PS1902114,MWAKABASA PRIMARY SCHOOL
PS1902072,MWAKASHANHALA PRIMARY SCHOOL
PS1902073,MWAMALA  PRIMARY SCHOOL
PS1902144,MWAMALULU PRIMARY SCHOOL
PS1902074,MWAMBAHA PRIMARY SCHOOL
PS1902155,MWAMIKOLA  PRIMARY SCHOOL
PS1902161,MWANDU PRIMARY SCHOOL
PS1902075,MWANGOYE PRIMARY SCHOOL
PS1902076,MWANHALA PRIMARY SCHOOL
PS1902147,MWANHEMBO PRIMARY SCHOOL
PS1902130,MWANTUNDU PRIMARY SCHOOL
PS1902146,MWANZUNYA PRIMARY SCHOOL
PS1902077,MWANZWILO  PRIMARY SCHOOL
PS1902078,MWASALA PRIMARY SCHOOL
PS1902135,MWASAMBO PRIMARY SCHOOL
PS1902079,MWASIMBA PRIMARY SCHOOL
PS1902117,MWENGE PRIMARY SCHOOL
PS1902138,MWINO PRIMARY SCHOOL
PS1902080,NATA PRIMARY SCHOOL
PS1902111,NAWA PRIMARY SCHOOL
PS1902174,NDALA PRIMARY SCHOOL
PS1902081,NDEKELI PRIMARY SCHOOL
PS1902125,NDELEMA PRIMARY SCHOOL
PS1902082,NGUKUMO PRIMARY SCHOOL
PS1902083,NHABALA PRIMARY SCHOOL
PS1902134,NHAMAGUMO PRIMARY SCHOOL
PS1902115,NHELE PRIMARY SCHOOL
PS1902084,NHUMBILI PRIMARY SCHOOL
PS1902085,NKINDU PRIMARY SCHOOL
PS1902086,NKINGA PRIMARY SCHOOL
PS1902087,NKINIZIWA PRIMARY SCHOOL
PS1902118,NKUGE PRIMARY SCHOOL
PS1902116,NSUMBA PRIMARY SCHOOL
PS1902088,SEMEMBELA PRIMARY SCHOOL
PS1902089,SENGE PRIMARY SCHOOL
PS1902142,SFS PRIMARY SCHOOL
PS1902090,SHIGAMBA PRIMARY SCHOOL
PS1902091,SHILA PRIMARY SCHOOL
PS1902092,SIGILI PRIMARY SCHOOL
PS1902093,SUMBU PRIMARY SCHOOL
PS1902094,TUMBI PRIMARY SCHOOL
PS1902095,UBINGA PRIMARY SCHOOL
PS1902096,UDUTU PRIMARY SCHOOL
PS1902097,UGEMBE I PRIMARY SCHOOL
PS1902098,UGEMBE II PRIMARY SCHOOL
PS1902139,UGULUMA PRIMARY SCHOOL
PS1902119,UHEMELI PRIMARY SCHOOL
PS1902149,UKOMBYO PRIMARY SCHOOL
PS1902099,UNAMBEWA PRIMARY SCHOOL
PS1902129,UPAMBO PRIMARY SCHOOL
PS1902100,UPINA PRIMARY SCHOOL
PS1902101,UPUNGU PRIMARY SCHOOL
PS1902131,UPYILA PRIMARY SCHOOL
PS1902102,USAGALI PRIMARY SCHOOL
PS1902103,USALALA PRIMARY SCHOOL
PS1902104,USONGWANHALA PRIMARY SCHOOL
PS1902105,UTWIGU PRIMARY SCHOOL
PS1902106,WELA I PRIMARY SCHOOL
PS1902107,WELA II PRIMARY SCHOOL
PS1902108,WITA PRIMARY SCHOOL
PS1902152,ZAYON PRIMARY SCHOOL
PS1902109,ZUGIMLOLE PRIMARY SCHOOL
PS1908001,BUGEGELEMA PRIMARY SCHOOL
PS1908002,BUTANDULA PRIMARY SCHOOL
PS1908036,CROSS POWER PRIMARY SCHOOL
PS1908003,GLORY PRIMARY SCHOOL
PS1908004,IDALA PRIMARY SCHOOL
PS1908005,IDUDUMO PRIMARY SCHOOL
PS1908006,IDUGUTA  PRIMARY SCHOOL
PS1908007,IJANIJA PRIMARY SCHOOL
PS1908008,IKULU PRIMARY SCHOOL
PS1908009,IMELI PRIMARY SCHOOL
PS1908010,IPILILI PRIMARY SCHOOL
PS1908011,ISTIQAAMA PRIMARY SCHOOL
PS1908012,ITILO PRIMARY SCHOOL
PS1908013,IYUKI PRIMARY SCHOOL
PS1908014,KITANGILI PRIMARY SCHOOL
PS1908015,KITENGWE PRIMARY SCHOOL
PS1908016,KITONGO PRIMARY SCHOOL
PS1908017,MAENDELEO PRIMARY SCHOOL
PS1908018,MAKOMELO PRIMARY SCHOOL
PS1908034,MAPOROMOKO PRIMARY SCHOOL
PS1908019,MBOGWE PRIMARY SCHOOL
PS1908020,MIGUWA PRIMARY SCHOOL
PS1908021,MWANYAGULA PRIMARY SCHOOL
PS1908022,MWANZOLI PRIMARY SCHOOL
PS1908023,NHOBOLA PRIMARY SCHOOL
PS1908024,NYASA I PRIMARY SCHOOL
PS1908025,NYASA II PRIMARY SCHOOL
PS1908027,NZEGA NDOGO PRIMARY SCHOOL
PS1908026,NZEGA PRIMARY SCHOOL
PS1908035,SHALENG'WA PRIMARY SCHOOL
PS1908028,SILIMUKA PRIMARY SCHOOL
PS1908029,ST.BERNADETHA PRIMARY SCHOOL
PS1908030,TAZENGWA PRIMARY SCHOOL
PS1908031,UCHAMA PRIMARY SCHOOL
PS1908032,UNDOMO PRIMARY SCHOOL
PS1908033,USHIRIKA PRIMARY SCHOOL
PS1908043,UWANJA WA NDEGE PRIMARY SCHOOL
PS1906061,BARAZANI PRIMARY SCHOOL
PS1906001,CHABUTWA PRIMARY SCHOOL
PS1906097,CHANG'OMBE PRIMARY SCHOOL
PS1906088,GWEN PRIMARY SCHOOL
PS1906044,IBAYA PRIMARY SCHOOL
PS1906062,IBUMBA PRIMARY SCHOOL
PS1906110,IDIMBWA PRIMARY SCHOOL
PS1906055,IGALULA PRIMARY SCHOOL
PS1906002,IGIGWA PRIMARY SCHOOL
PS1906056,ILULU PRIMARY SCHOOL
PS1906063,INALA PRIMARY SCHOOL
PS1906090,IPEMBE PRIMARY SCHOOL
PS1906003,IPOLE PRIMARY SCHOOL
PS1906047,ISANJANDUGU PRIMARY SCHOOL
PS1906084,ISONGWA PRIMARY SCHOOL
PS1906052,ISUNDA PRIMARY SCHOOL
PS1906080,ISWENKAMA PRIMARY SCHOOL
PS1906064,ITANDAMILOMO PRIMARY SCHOOL
PS1906004,IYOMBAKUZOVA PRIMARY SCHOOL
PS1906082,JAMHURI PRIMARY SCHOOL
PS1906005,KABANGA PRIMARY SCHOOL
PS1906089,KADONDOLI PRIMARY SCHOOL
PS1906109,KALANGALI PRIMARY SCHOOL
PS1906006,KAMATA-NAMBA-3 PRIMARY SCHOOL
PS1906007,KAMATA-NAMBA-5 PRIMARY SCHOOL
PS1906053,KANSANA PRIMARY SCHOOL
PS1906008,KANYAMSENGA PRIMARY SCHOOL
PS1906009,KAPUMPA PRIMARY SCHOOL
PS1906010,KASANDALALA PRIMARY SCHOOL
PS1906011,KASISI-'A' PRIMARY SCHOOL
PS1906057,KIDETE PRIMARY SCHOOL
PS1906012,KIKUNGU PRIMARY SCHOOL
PS1906013,KILOLELI PRIMARY SCHOOL
PS1906014,KILUMBI PRIMARY SCHOOL
PS1906083,KININGA PRIMARY SCHOOL
PS1906045,KIPANGA MLIMANI PRIMARY SCHOOL
PS1906015,KIPANGA PRIMARY SCHOOL
PS1906016,KIPILI PRIMARY SCHOOL
PS1906017,KISANGA PRIMARY SCHOOL
PS1906065,KITUNDA MISSION PRIMARY SCHOOL
PS1906043,KIYOMBO PRIMARY SCHOOL
PS1906046,KONDI PRIMARY SCHOOL
PS1906066,LEMBELI PRIMARY SCHOOL
PS1906049,LUFWISI PRIMARY SCHOOL
PS1906018,LUKULA PRIMARY SCHOOL
PS1906059,MAGUNGA PRIMARY SCHOOL
PS1906060,MAJENGO PRIMARY SCHOOL
PS1906019,MAJOJORO PRIMARY SCHOOL
PS1906067,MAKIBO PRIMARY SCHOOL
PS1906102,MANG'WINA PRIMARY SCHOOL
PS1906068,MANYATWE PRIMARY SCHOOL
PS1906105,MAPALA PRIMARY SCHOOL
PS1906020,MATALE PRIMARY SCHOOL
PS1906021,MBIRANI PRIMARY SCHOOL
PS1906058,MBOGONDEMA PRIMARY SCHOOL
PS1906042,MIBONO MPYA PRIMARY SCHOOL
PS1906069,MIGUMBU PRIMARY SCHOOL
PS1906070,MIHAMAKUMI PRIMARY SCHOOL
PS1906022,MITOWO PRIMARY SCHOOL
PS1906086,MIUNGUTI PRIMARY SCHOOL
PS1906098,MKITULI PRIMARY SCHOOL
PS1906023,MKOLA PRIMARY SCHOOL
PS1906024,MKOLYE PRIMARY SCHOOL
PS1906104,MLIMANI PRIMARY SCHOOL
PS1906025,MLOGOLO PRIMARY SCHOOL
PS1906026,MOLE-B-FARM PRIMARY SCHOOL
PS1906027,MOLE-KILOLENI PRIMARY SCHOOL
PS1906028,MOLE-MLIMANI PRIMARY SCHOOL
PS1906111,MPANDEPANDE PRIMARY SCHOOL
PS1906029,MPOMBWE PRIMARY SCHOOL
PS1906106,MSISI PRIMARY SCHOOL
PS1906030,MSUVA PRIMARY SCHOOL
PS1906087,MTENDENI PRIMARY SCHOOL
PS1906071,MUUNGANO PRIMARY SCHOOL
PS1906093,MWAKAPANDE PRIMARY SCHOOL
PS1906100,MWAKASEMBO PRIMARY SCHOOL
PS1906072,MWAKASOLA PRIMARY SCHOOL
PS1906073,MWAMALUGU PRIMARY SCHOOL
PS1906050,MWAMAYUNGA PRIMARY SCHOOL
PS1906074,MWAMULU PRIMARY SCHOOL
PS1906075,MWANAMKATA PRIMARY SCHOOL
PS1906076,MWANAMKOLA PRIMARY SCHOOL
PS1906031,MWITIKIO PRIMARY SCHOOL
PS1906081,NGOYWA PRIMARY SCHOOL
PS1906054,NSYEPA PRIMARY SCHOOL
PS1906077,NYAHUA PRIMARY SCHOOL
PS1906078,NYAHUA STATION PRIMARY SCHOOL
PS1906095,SIKONGE ELIMU MAALUM PRIMARY SCHOOL
PS1906099,SIKONGE ISLAMIC PRIMARY SCHOOL
PS1906032,SIKONGE PRIMARY SCHOOL
PS1906079,SOGEA 'B' PRIMARY SCHOOL
PS1906033,SONGAMBELE PRIMARY SCHOOL
PS1906091,TULIENI PRIMARY SCHOOL
PS1906039,TUMBILI PRIMARY SCHOOL
PS1906034,TUTUO PRIMARY SCHOOL
PS1906035,UDONGO PRIMARY SCHOOL
PS1906048,UKONDAMOYO PRIMARY SCHOOL
PS1906096,ULILWANSIMBA PRIMARY SCHOOL
PS1906036,URAFIKI PRIMARY SCHOOL
PS1906037,USESULA PRIMARY SCHOOL
PS1906094,USHIRIKA PRIMARY SCHOOL
PS1906041,USUNGA PRIMARY SCHOOL
PS1906101,USWAGA PRIMARY SCHOOL
PS1906040,UTAWAMBOGO PRIMARY SCHOOL
PS1906038,UTIMULE PRIMARY SCHOOL
PS1906051,UTYATYA PRIMARY SCHOOL
PS1906107,UYEGA PRIMARY SCHOOL
PS1906092,WANKOLONGO PRIMARY SCHOOL
PS1903064,A H MWINYI PRIMARY SCHOOL
PS1903083,ALBA LIGHT PRIMARY SCHOOL
PS1903060,BLOCKFARM PRIMARY SCHOOL
PS1903001,BOMBAMZINGA PRIMARY SCHOOL
PS1903002,CHEMCHEM PRIMARY SCHOOL
PS1903003,CHEYO-'A' PRIMARY SCHOOL
PS1903004,CHEYO-'B' PRIMARY SCHOOL
PS1903094,ETERNAL PRIMARY SCHOOL
PS1903026,FURAHA PRIMARY SCHOOL
PS1903005,GONGONI PRIMARY SCHOOL
PS1903079,GREEN LANE PRIMARY SCHOOL
PS1903068,IBASA PRIMARY SCHOOL
PS1903027,IFUCHA PRIMARY SCHOOL
PS1903028,IGAMBILO PRIMARY SCHOOL
PS1903058,IGOMBE 'B' PRIMARY SCHOOL
PS1903033,IGOMBE-'A' PRIMARY SCHOOL
PS1903070,IGOSHA PRIMARY SCHOOL
PS1903029,IKOMWA PRIMARY SCHOOL
PS1903030,IMALAMIHAYO PRIMARY SCHOOL
PS1903031,INALA PRIMARY SCHOOL
PS1903084,IPULI HOLY FAMILY MISSION PRIMARY SCHOOL
PS1903006,IPULI PRIMARY SCHOOL
PS1903008,ISIKE PRIMARY SCHOOL
PS1903076,ISTIQAAMA PRIMARY SCHOOL
PS1903034,ISUKAMAHELA PRIMARY SCHOOL
PS1903035,ITAGA PRIMARY SCHOOL
PS1903080,ITEMA PRIMARY SCHOOL
PS1903009,ITETEMIA PRIMARY SCHOOL
PS1903036,ITONJANDA PRIMARY SCHOOL
PS1903037,ITULU PRIMARY SCHOOL
PS1903038,IYOMBO PRIMARY SCHOOL
PS1903077,IZENGA PRIMARY SCHOOL
PS1903032,IZIMBILI PRIMARY SCHOOL
PS1903066,JAMHURI PRIMARY SCHOOL
PS1903039,KABILA PRIMARY SCHOOL
PS1903040,KAKOLA PRIMARY SCHOOL
PS1903042,KALUMWA PRIMARY SCHOOL
PS1903041,KALUNDE PRIMARY SCHOOL
PS1903010,KANYENYE PRIMARY SCHOOL
PS1903075,KAPUNZE PRIMARY SCHOOL
PS1903043,KAZIMA PRIMARY SCHOOL
PS1903097,KIDATU PRIMARY SCHOOL
PS1903011,KILOLENI PRIMARY SCHOOL
PS1903044,KIPALAPALA PRIMARY SCHOOL
PS1903045,KIPERA PRIMARY SCHOOL
PS1903012,KITETE PRIMARY SCHOOL
PS1903013,KIYUNGI PRIMARY SCHOOL
PS1903069,KIZIGO PRIMARY SCHOOL
PS1903046,KWIHARA PRIMARY SCHOOL
PS1903014,MABATINI PRIMARY SCHOOL
PS1903015,MAGEREZA PRIMARY SCHOOL
PS1903047,MAGOWEKO PRIMARY SCHOOL
PS1903061,MAJENGO PRIMARY SCHOOL
PS1903063,MANOLEO PRIMARY SCHOOL
PS1903048,MASAGALA PRIMARY SCHOOL
PS1903071,MASIMBA PRIMARY SCHOOL
PS1903016,MASUBI PRIMARY SCHOOL
PS1903017,MAWITI PRIMARY SCHOOL
PS1903096,MBUGANI PRIMARY SCHOOL
PS1903018,MIHAYO PRIMARY SCHOOL
PS1903049,MILAMBO-BARRACKS PRIMARY SCHOOL
PS1903050,MISHA PRIMARY SCHOOL
PS1903065,MIYEMBA PRIMARY SCHOOL
PS1903019,MKOANI PRIMARY SCHOOL
PS1903078,MPEPO PRIMARY SCHOOL
PS1903051,MSANGI-'A' PRIMARY SCHOOL
PS1903052,MTAKUJA PRIMARY SCHOOL
PS1903020,MTENDENI PRIMARY SCHOOL
PS1903062,MWANZO PRIMARY SCHOOL
PS1903021,MWENGE PRIMARY SCHOOL
PS1903053,NDEVELWA PRIMARY SCHOOL
PS1903081,NEW ERA PRIMARY SCHOOL
PS1903054,NTALIKWA PRIMARY SCHOOL
PS1903022,RUFITA PRIMARY SCHOOL
PS1903082,SHAURI JEMA PRIMARY SCHOOL
PS1903074,ST FRANCIS DE SALES MISSION PRIMARY SCHOOL
PS1903025,TABORA-VIZIWI PRIMARY SCHOOL
PS1903092,TARBIA PRIMARY SCHOOL
PS1903072,THEMI HILL PRIMARY SCHOOL
PS1903023,TOWN-SCHOOL PRIMARY SCHOOL
PS1903055,TUMBI PRIMARY SCHOOL
PS1903024,UHURU PRIMARY SCHOOL
PS1903056,ULAMBA PRIMARY SCHOOL
PS1903073,UMANDA PRIMARY SCHOOL
PS1903088,USULE PRIMARY SCHOOL
PS1903057,UYUI PRIMARY SCHOOL
PS1903086,WELLINGTON PRIMARY SCHOOL
PS1903067,WESTLAND PRIMARY SCHOOL
PS1905001,AMANI PRIMARY SCHOOL
PS1905002,AZIMIO PRIMARY SCHOOL
PS1905003,CHEKELENI PRIMARY SCHOOL
PS1905004,IFUTA PRIMARY SCHOOL
PS1905005,IGEMBENSABO PRIMARY SCHOOL
PS1905006,IGUNGULI PRIMARY SCHOOL
PS1905007,IMALAMAKOYE PRIMARY SCHOOL
PS1905008,ISONGWA PRIMARY SCHOOL
PS1905009,ITEBULANDA PRIMARY SCHOOL
PS1905010,ITEGAMATWI PRIMARY SCHOOL
PS1905011,ITUNDU PRIMARY SCHOOL
PS1905012,IZENGABATOGILWE PRIMARY SCHOOL
PS1905013,IZIMBILI PRIMARY SCHOOL
PS1905014,JIONEE MWENYEWE PRIMARY SCHOOL
PS1905015,JUHUDI PRIMARY SCHOOL
PS1905016,KALEMBELA PRIMARY SCHOOL
PS1905017,KALEMELA PRIMARY SCHOOL
PS1905018,KAMALENDI PRIMARY SCHOOL
PS1905019,KAMBARAGE PRIMARY SCHOOL
PS1905042,KANGEME PRIMARY SCHOOL
PS1905020,KAPILULA PRIMARY SCHOOL
PS1905021,KASELA PRIMARY SCHOOL
PS1905022,KASISI PRIMARY SCHOOL
PS1905023,KATULI PRIMARY SCHOOL
PS1905024,KATUNGURU PRIMARY SCHOOL
PS1905025,KILOLENI PRIMARY SCHOOL
PS1905026,KINHWA PRIMARY SCHOOL
PS1905027,KITETE PRIMARY SCHOOL
PS1905081,LINTENGE  PRIMARY SCHOOL
PS1905028,LUNYETA PRIMARY SCHOOL
PS1905029,MABATINI PRIMARY SCHOOL
PS1905030,MABUNDULU PRIMARY SCHOOL
PS1905031,MAENDELEO PRIMARY SCHOOL
PS1905032,MAGEREZA PRIMARY SCHOOL
PS1905033,MAKONKWA PRIMARY SCHOOL
PS1905080,MAPAMBANO PRIMARY SCHOOL
PS1905034,MAPINDUZI PRIMARY SCHOOL
PS1905035,MISANGI PRIMARY SCHOOL
PS1905036,MITIMIREFU PRIMARY SCHOOL
PS1905079,MKOLA PRIMARY SCHOOL
PS1905038,MLANGALE PRIMARY SCHOOL
PS1905039,MLIMANI PRIMARY SCHOOL
PS1905040,MOTOMOTO PRIMARY SCHOOL
PS1905041,MPIGWA PRIMARY SCHOOL
PS1905083,MSENGESI PRIMARY SCHOOL
PS1905037,MSHIKAMANO PRIMARY SCHOOL
PS1905055,MSUMBIJI PRIMARY SCHOOL
PS1905043,MTAKUJA PRIMARY SCHOOL
PS1905082,MTUKULA PRIMARY SCHOOL
PS1905045,MUUNGANO PRIMARY SCHOOL
PS1905046,MWENGE PRIMARY SCHOOL
PS1905047,NDOROBO PRIMARY SCHOOL
PS1905075,NHOLONGO PRIMARY SCHOOL
PS1905049,NKOKOTO PRIMARY SCHOOL
PS1905050,NSENDA PRIMARY SCHOOL
PS1905051,NSOGOLO PRIMARY SCHOOL
PS1905090,SAMIA PRIMARY SCHOOL
PS1905085,SANTA MARIA PRIMARY SCHOOL
PS1905052,SIPUNGU PRIMARY SCHOOL
PS1905053,SONGAMBELE PRIMARY SCHOOL
PS1905077,ST. PETERS PRIMARY SCHOOL
PS1905054,TULI PRIMARY SCHOOL
PS1905078,TULIENI PRIMARY SCHOOL
PS1905084,TUPENDANE PRIMARY SCHOOL
PS1905056,UGALLA PRIMARY SCHOOL
PS1905057,UGAMBA PRIMARY SCHOOL
PS1905058,UGWIGWA PRIMARY SCHOOL
PS1905059,UHURU PRIMARY SCHOOL
PS1905060,UKOMBOZI PRIMARY SCHOOL
PS1905061,UKONDAMOYO PRIMARY SCHOOL
PS1905062,ULASA PRIMARY SCHOOL
PS1905063,UMOJA PRIMARY SCHOOL
PS1905074,UNZALI PRIMARY SCHOOL
PS1905064,URAMBO PRIMARY SCHOOL
PS1905065,USHIRIKA PRIMARY SCHOOL
PS1905066,USISYA PRIMARY SCHOOL
PS1905067,USONGELANI PRIMARY SCHOOL
PS1905068,USSOKE PRIMARY SCHOOL
PS1905069,UTEBHE PRIMARY SCHOOL
PS1905070,UYOGO PRIMARY SCHOOL
PS1905071,VUMILIA PRIMARY SCHOOL
PS1905072,WEMA PRIMARY SCHOOL
PS1905073,YELAYELA PRIMARY SCHOOL
PS1904216,ALEX NJIAPANDA PRIMARY SCHOOL
PS1904134,AZIMIO PRIMARY SCHOOL
PS1904135,BUKALA PRIMARY SCHOOL
PS1904143,BUKILI PRIMARY SCHOOL
PS1904175,BULIMA PRIMARY SCHOOL
PS1904179,CHALI PRIMARY SCHOOL
PS1904002,CHESSA PRIMARY SCHOOL
PS1904225,GENGESITA PRIMARY SCHOOL
PS1904144,GILIMBA PRIMARY SCHOOL
PS1904003,GOWEKO PRIMARY SCHOOL
PS1904145,HIARIYAMOYO PRIMARY SCHOOL
PS1904004,IBELAMILUNDI PRIMARY SCHOOL
PS1904005,IBIRI PRIMARY SCHOOL
PS1904007,IBUSHI PRIMARY SCHOOL
PS1904146,IDEKA PRIMARY SCHOOL
PS1904199,IDEKAMISO PRIMARY SCHOOL
PS1904006,IGALULA PRIMARY SCHOOL
PS1904008,IGOKO PRIMARY SCHOOL
PS1904031,IGUDI PRIMARY SCHOOL
PS1904010,IKONGOLO PRIMARY SCHOOL
PS1904185,IKONOLA PRIMARY SCHOOL
PS1904011,ILALWANSIMBA  PRIMARY SCHOOL
PS1904012,IMALAKASEKO PRIMARY SCHOOL
PS1904013,IMALAMPAKA PRIMARY SCHOOL
PS1904014,IMALAUDUKI PRIMARY SCHOOL
PS1904015,INONELWA PRIMARY SCHOOL
PS1904017,IPULULU PRIMARY SCHOOL
PS1904180,IPWANI PRIMARY SCHOOL
PS1904182,ISENEFU PRIMARY SCHOOL
PS1904192,ISENEGEZYA PRIMARY SCHOOL
PS1904018,ISENGA PRIMARY SCHOOL
PS1904212,ISHIHIMULWA B PRIMARY SCHOOL
PS1904019,ISHIHIMULWA PRIMARY SCHOOL
PS1904020,ISIKIZYA PRIMARY SCHOOL
PS1904022,ISILA PRIMARY SCHOOL
PS1904021,ISIMU PRIMARY SCHOOL
PS1904223,ISULI PRIMARY SCHOOL
PS1904202,ITAGA PRIMARY SCHOOL
PS1904025,ITINKA PRIMARY SCHOOL
PS1904028,ITOBELA PRIMARY SCHOOL
PS1904147,ITUNDA UKULU PRIMARY SCHOOL
PS1904148,IZUGAWIMA PRIMARY SCHOOL
PS1904203,KABISILE PRIMARY SCHOOL
PS1904016,KADAMA PRIMARY SCHOOL
PS1904133,KAGOBOLE PRIMARY SCHOOL
PS1904195,KAKULUNGU PRIMARY SCHOOL
PS1904035,KAKUNI PRIMARY SCHOOL
PS1904149,KALANGALE PRIMARY SCHOOL
PS1904150,KALEMELA PRIMARY SCHOOL
PS1904033,KALOFYA PRIMARY SCHOOL
PS1904034,KALOLA PRIMARY SCHOOL
PS1904037,KAMAMA PRIMARY SCHOOL
PS1904029,KANALA PRIMARY SCHOOL
PS1904041,KANYENYE PRIMARY SCHOOL
PS1904043,KARANGASI PRIMARY SCHOOL
PS1904045,KASENGA PRIMARY SCHOOL
PS1904171,KASISI 'A' PRIMARY SCHOOL
PS1904047,KASISI 'B' PRIMARY SCHOOL
PS1904161,KATAMBALA PRIMARY SCHOOL
PS1904187,KATUNDA PRIMARY SCHOOL
PS1904048,KAWEKAPINA PRIMARY SCHOOL
PS1904051,KIGWA'A' PRIMARY SCHOOL
PS1904052,KIGWA'B' PRIMARY SCHOOL
PS1904137,KIGWANHONA PRIMARY SCHOOL
PS1904056,KILUNGU PRIMARY SCHOOL
PS1904159,KIMUNGI PRIMARY SCHOOL
PS1904057,KINAMAGI PRIMARY SCHOOL
PS1904063,KIWEMBE PRIMARY SCHOOL
PS1904127,KIZENGI PRIMARY SCHOOL
PS1904200,LEGEZAMWENDO PRIMARY SCHOOL
PS1904065,LOLANGULU PRIMARY SCHOOL
PS1904215,LOYA BONDENI PRIMARY SCHOOL
PS1904128,LOYA PRIMARY SCHOOL
PS1904067,LUNGUYA PRIMARY SCHOOL
PS1904068,LUTENDE PRIMARY SCHOOL
PS1904069,LUTONA PRIMARY SCHOOL
PS1904070,MABAMA PRIMARY SCHOOL
PS1904151,MADAHA PRIMARY SCHOOL
PS1904071,MAGIRI PRIMARY SCHOOL
PS1904221,MAGULYATI PRIMARY SCHOOL
PS1904073,MAJENGO PRIMARY SCHOOL
PS1904138,MAKAZI PRIMARY SCHOOL
PS1904193,MAKOMBA PRIMARY SCHOOL
PS1904219,MAKUNGU PRIMARY SCHOOL
PS1904208,MALEMA PRIMARY SCHOOL
PS1904075,MALONGWE PRIMARY SCHOOL
PS1904176,MASWANYA PRIMARY SCHOOL
PS1904210,MATALE PRIMARY SCHOOL
PS1904214,MATUGA PRIMARY SCHOOL
PS1904078,MAYOMBO PRIMARY SCHOOL
PS1904152,MBEYA PRIMARY SCHOOL
PS1904080,MBITI PRIMARY SCHOOL
PS1904209,MBOLA C PRIMARY SCHOOL
PS1904081,MBOLA PRIMARY SCHOOL
PS1904189,MBULUMBULU PRIMARY SCHOOL
PS1904174,MBUYUNI PRIMARY SCHOOL
PS1904191,MCBS MISSION PRIMARY SCHOOL
PS1904169,MFUTO PRIMARY SCHOOL
PS1904194,MHALULE PRIMARY SCHOOL
PS1904153,MHOGWE PRIMARY SCHOOL
PS1904099,MHULIDEDE PRIMARY SCHOOL
PS1904164,MIGONGWA PRIMARY SCHOOL
PS1904129,MIGUNGUMALO PRIMARY SCHOOL
PS1904136,MILUMBA PRIMARY SCHOOL
PS1904211,MISOLE B PRIMARY SCHOOL
PS1904085,MISOLE PRIMARY SCHOOL
PS1904140,MISWAKI PRIMARY SCHOOL
PS1904142,MIYENZE PRIMARY SCHOOL
PS1904205,MMALE PRIMARY SCHOOL
PS1904009,MNADANI PRIMARY SCHOOL
PS1904184,MPUMBULI PRIMARY SCHOOL
PS1904023,MSASANI PRIMARY SCHOOL
PS1904177,MSEKELA PRIMARY SCHOOL
PS1904165,MSILIEMBE 'B' PRIMARY SCHOOL
PS1904095,MSILIEMBE PRIMARY SCHOOL
PS1904096,MSIMBA PRIMARY SCHOOL
PS1904162,MTAKUJA PRIMARY SCHOOL
PS1904207,MTIMBOLA PRIMARY SCHOOL
PS1904204,MUNYU PRIMARY SCHOOL
PS1904197,MWADAUDI PRIMARY SCHOOL
PS1904154,MWAKADALA PRIMARY SCHOOL
PS1904139,MWAKASHINDYE PRIMARY SCHOOL
PS1904170,MWAMABONDO PRIMARY SCHOOL
PS1904190,MWAMAKOYESENGI PRIMARY SCHOOL
PS1904224,MWAMASHIGA PRIMARY SCHOOL
PS1904178,MWAMDALAIGWE PRIMARY SCHOOL
PS1904201,MWAMLELA PRIMARY SCHOOL
PS1904172,NDOBHA PRIMARY SCHOOL
PS1904102,NDONO PRIMARY SCHOOL
PS1904155,NKONGWA PRIMARY SCHOOL
PS1904130,NKULUSI PRIMARY SCHOOL
PS1904103,NKUTUISENGA PRIMARY SCHOOL
PS1904198,NSAHULO PRIMARY SCHOOL
PS1904104,NSOLOLO PRIMARY SCHOOL
PS1904156,NTALASHA PRIMARY SCHOOL
PS1904217,NTINDILI PRIMARY SCHOOL
PS1904183,NTULU PRIMARY SCHOOL
PS1904186,NURU KUU PRIMARY SCHOOL
PS1904106,NYANGAHE PRIMARY SCHOOL
PS1904026,NYAUWANGA PRIMARY SCHOOL
PS1904141,NZIGALA PRIMARY SCHOOL
PS1904107,NZUBUKA PRIMARY SCHOOL
PS1904001,PULLA PRIMARY SCHOOL
PS1904157,SALLA PRIMARY SCHOOL
PS1904158,SAWEWE PRIMARY SCHOOL
PS1904108,SHITAGE PRIMARY SCHOOL
PS1904222,SIMBO YA SHIGULU PRIMARY SCHOOL
PS1904163,SIMBODAMALU PRIMARY SCHOOL
PS1904188,SONGAMBELE PRIMARY SCHOOL
PS1904218,ST. RAPHAEL PRIMARY SCHOOL
PS1904173,TULIENI PRIMARY SCHOOL
PS1904112,TURA PRIMARY SCHOOL
PS1904115,UFULUMA PRIMARY SCHOOL
PS1904116,UGOWOLA PRIMARY SCHOOL
PS1904117,ULIMAKAFU PRIMARY SCHOOL
PS1904196,UMANDA PRIMARY SCHOOL
PS1904181,UMOJA PRIMARY SCHOOL
PS1904119,UPUGE PRIMARY SCHOOL
PS1904121,USAGARI PRIMARY SCHOOL
PS1904206,UTEMINI PRIMARY SCHOOL
PS1904125,UTURAIDEKA PRIMARY SCHOOL
PS1904168,VUMILIA PRIMARY SCHOOL
PS2011001,BAGA PRIMARY SCHOOL
PS2011002,BAGHAI PRIMARY SCHOOL
PS2011090,BAMBALETA PRIMARY SCHOOL
PS2011003,BANGALA PRIMARY SCHOOL
PS2011004,BARA PRIMARY SCHOOL
PS2011005,BAZO PRIMARY SCHOOL
PS2011006,BUMBULI PRIMARY SCHOOL
PS2011007,EMAO PRIMARY SCHOOL
PS2011098,FRONTEVER PRIMARY SCHOOL
PS2011008,FUMBAI PRIMARY SCHOOL
PS2011009,FUNTA PRIMARY SCHOOL
PS2011010,GALAMBO PRIMARY SCHOOL
PS2011011,GANGACHA PRIMARY SCHOOL
PS2011012,HAMBALAI PRIMARY SCHOOL
PS2011093,KIDOLOGHWAI PRIMARY SCHOOL
PS2011013,KIDUNDAI PRIMARY SCHOOL
PS2011014,KIGULUNDE 'M' PRIMARY SCHOOL
PS2011015,KIHITU PRIMARY SCHOOL
PS2011016,KILUWAI PRIMARY SCHOOL
PS2011017,KISINGA PRIMARY SCHOOL
PS2011018,KISIWANI PRIMARY SCHOOL
PS2011096,KITAMBI PRIMARY SCHOOL
PS2011091,KITO PRIMARY SCHOOL
PS2011019,KITUNDA PRIMARY SCHOOL
PS2011020,KIVILICHA PRIMARY SCHOOL
PS2011094,KIVILU PRIMARY SCHOOL
PS2011021,KIVUMO PRIMARY SCHOOL
PS2011022,KWABOSA PRIMARY SCHOOL
PS2011023,KWADOE PRIMARY SCHOOL
PS2011024,KWALEI PRIMARY SCHOOL
PS2011025,KWAMHE PRIMARY SCHOOL
PS2011026,KWAMONGO PRIMARY SCHOOL
PS2011027,KWAMPUNDA PRIMARY SCHOOL
PS2011028,KWAMZUZA PRIMARY SCHOOL
PS2011029,KWANGURUWE PRIMARY SCHOOL
PS2011030,KWANGW'ENDA PRIMARY SCHOOL
PS2011095,KWEBAMBA PRIMARY SCHOOL
PS2011031,KWEDIWA PRIMARY SCHOOL
PS2011032,KWEHANGALA PRIMARY SCHOOL
PS2011033,KWEKITUI PRIMARY SCHOOL
PS2011034,KWEMAKONKO PRIMARY SCHOOL
PS2011035,KWEMASHAI 'T' PRIMARY SCHOOL
PS2011097,KWEMBALAZI PRIMARY SCHOOL
PS2011036,KWEMIHAFA PRIMARY SCHOOL
PS2011037,KWEMILUNGU PRIMARY SCHOOL
PS2011038,KWEMISAMBIA PRIMARY SCHOOL
PS2011039,KWEMKOLE PRIMARY SCHOOL
PS2011040,KWEMKOMOLE PRIMARY SCHOOL
PS2011041,KWEMPULULE PRIMARY SCHOOL
PS2011042,KWEMVUMO PRIMARY SCHOOL
PS2011043,KWENDOGHOI PRIMARY SCHOOL
PS2011044,KWENGEZA PRIMARY SCHOOL
PS2011045,KWESINE PRIMARY SCHOOL
PS2011046,KWEULASI PRIMARY SCHOOL
PS2011047,MADUDA PRIMARY SCHOOL
PS2011048,MAGILA PRIMARY SCHOOL
PS2011049,MAHANGE PRIMARY SCHOOL
PS2011050,MAHEZANGULU PRIMARY SCHOOL
PS2011051,MALALO PRIMARY SCHOOL
PS2011052,MALOMBOI PRIMARY SCHOOL
PS2011053,MAMBA PRIMARY SCHOOL
PS2011054,MASHINE PRIMARY SCHOOL
PS2011055,MAVUMBI PRIMARY SCHOOL
PS2011056,MAYO PRIMARY SCHOOL
PS2011057,MBUZII PRIMARY SCHOOL
PS2011058,MGWASHI PRIMARY SCHOOL
PS2011059,MHANKO PRIMARY SCHOOL
PS2011060,MILINGANO PRIMARY SCHOOL
PS2011092,MITANDAI PRIMARY SCHOOL
PS2011061,MKAALIE PRIMARY SCHOOL
PS2011062,MONGWE PRIMARY SCHOOL
PS2011100,MPALAI PRIMARY SCHOOL
PS2011063,MPALALU PRIMARY SCHOOL
PS2011064,MPONDE PRIMARY SCHOOL
PS2011065,MSALAKA PRIMARY SCHOOL
PS2011066,MSAMAKA PRIMARY SCHOOL
PS2011067,MSHIHWI PRIMARY SCHOOL
PS2011068,MSONGOLO PRIMARY SCHOOL
PS2011069,MTUNDA PRIMARY SCHOOL
PS2011070,MZIASAA PRIMARY SCHOOL
PS2011071,NDEKAI PRIMARY SCHOOL
PS2011072,NGUGHUI PRIMARY SCHOOL
PS2011073,NKONGOI PRIMARY SCHOOL
PS2011074,NTUMUI PRIMARY SCHOOL
PS2011075,SAGARA PRIMARY SCHOOL
PS2011076,SHASHUI PRIMARY SCHOOL
PS2011077,SHEMBEKEZA PRIMARY SCHOOL
PS2011099,SONI FALLS PRIMARY SCHOOL
PS2011078,SONI PRIMARY SCHOOL
PS2011079,TANDA PRIMARY SCHOOL
PS2011080,TEKWA PRIMARY SCHOOL
PS2011081,TULIANI PRIMARY SCHOOL
PS2011082,UKOLONGWE PRIMARY SCHOOL
PS2011083,VUGA PRIMARY SCHOOL
PS2011084,VULII PRIMARY SCHOOL
PS2011085,VULUNI PRIMARY SCHOOL
PS2011086,WANGA PRIMARY SCHOOL
PS2011087,YAMBA PRIMARY SCHOOL
PS2011088,ZEBA PRIMARY SCHOOL
PS2011089,ZILA PRIMARY SCHOOL
PS2001127,AHADI PRIMARY SCHOOL
PS2001001,AMANI PRIMARY SCHOOL
PS2001002,BONGI PRIMARY SCHOOL
PS2001003,BUMBA PRIMARY SCHOOL
PS2001004,BWAWANI PRIMARY SCHOOL
PS2001137,CHAKA LA TEMBO PRIMARY SCHOOL
PS2001005,CHANG'OMBE PRIMARY SCHOOL
PS2001006,CHANIKA KOFI PRIMARY SCHOOL
PS2001007,CHOGO PRIMARY SCHOOL
PS2001008,GENDAGENDA PRIMARY SCHOOL
PS2001009,GOLANI PRIMARY SCHOOL
PS2001010,GOLE PRIMARY SCHOOL
PS2001011,GUMBONNEKA PRIMARY SCHOOL
PS2001012,HOZA PRIMARY SCHOOL
PS2001013,IMANI PRIMARY SCHOOL
PS2001118,ISAFINA ACADEMY PRIMARY SCHOOL
PS2001119,JUHUDI PRIMARY SCHOOL
PS2001014,KABUKU MJINI PRIMARY SCHOOL
PS2001015,KABUKU NDANI PRIMARY SCHOOL
PS2001016,KABUKU NJE PRIMARY SCHOOL
PS2001017,KANG'ATA PRIMARY SCHOOL
PS2001018,KIBAYA PRIMARY SCHOOL
PS2001019,KIBINDU PRIMARY SCHOOL
PS2001020,KICHWANG'OMBE PRIMARY SCHOOL
PS2001021,KIGODA PRIMARY SCHOOL
PS2001022,KILIMAMZINGA PRIMARY SCHOOL
PS2001023,KITUMBI PRIMARY SCHOOL
PS2001024,KOBILI PRIMARY SCHOOL
PS2001025,KOMDUDU PRIMARY SCHOOL
PS2001026,KOMFUNGO PRIMARY SCHOOL
PS2001027,KOMKOMBA PRIMARY SCHOOL
PS2001028,KOMKONGA PRIMARY SCHOOL
PS2001029,KOMSALA PRIMARY SCHOOL
PS2001030,KOMSANGA PRIMARY SCHOOL
PS2001031,KWABALANGA PRIMARY SCHOOL
PS2001032,KWABOJO PRIMARY SCHOOL
PS2001033,KWACHAGA PRIMARY SCHOOL
PS2001034,KWACHIGWE PRIMARY SCHOOL
PS2001035,KWAKILIGA PRIMARY SCHOOL
PS2001037,KWAMAGOMBE PRIMARY SCHOOL
PS2001038,KWAMATUKU PRIMARY SCHOOL
PS2001124,KWAMBALU PRIMARY SCHOOL
PS2001039,KWAMDAMI PRIMARY SCHOOL
PS2001040,KWAMGALA PRIMARY SCHOOL
PS2001041,KWAMGWE PRIMARY SCHOOL
PS2001042,KWAMKONO PRIMARY SCHOOL
PS2001043,KWAMKORO PRIMARY SCHOOL
PS2001044,KWAMKUNGA PRIMARY SCHOOL
PS2001045,KWAMNELE PRIMARY SCHOOL
PS2001046,KWAMSANGAZI PRIMARY SCHOOL
PS2001125,KWAMSENGA PRIMARY SCHOOL
PS2001047,KWAMSISI PRIMARY SCHOOL
PS2001048,KWAMSUNDI PRIMARY SCHOOL
PS2001036,KWAMWACHALIMA PRIMARY SCHOOL
PS2001049,KWAMWANAMANGALE PRIMARY SCHOOL
PS2001050,KWAMWAZALA PRIMARY SCHOOL
PS2001051,KWAMWENDA PRIMARY SCHOOL
PS2001052,KWANDUGWA PRIMARY SCHOOL
PS2001053,KWANGAHU PRIMARY SCHOOL
PS2001054,KWANKONJE PRIMARY SCHOOL
PS2001055,KWANYANJE PRIMARY SCHOOL
PS2001056,KWAPALA PRIMARY SCHOOL
PS2001057,KWARAGURU PRIMARY SCHOOL
PS2001058,KWASUNGA PRIMARY SCHOOL
PS2001059,KWEDIBAGO PRIMARY SCHOOL
PS2001060,KWEDIBANGALA PRIMARY SCHOOL
PS2001061,KWEDIGUGU PRIMARY SCHOOL
PS2001120,KWEDIGUNDA PRIMARY SCHOOL
PS2001062,KWEDIHUO PRIMARY SCHOOL
PS2001063,KWEDIHWAHWALA PRIMARY SCHOOL
PS2001064,KWEDIKABU PRIMARY SCHOOL
PS2001065,KWEDIKWAZU  PRIMARY SCHOOL
PS2001066,KWEDIKWAZU MASHARIKI PRIMARY SCHOOL
PS2001067,KWEDILOKO PRIMARY SCHOOL
PS2001068,KWEDITILIBE PRIMARY SCHOOL
PS2001069,KWEDIZINGA PRIMARY SCHOOL
PS2001070,KWEINGOMA PRIMARY SCHOOL
PS2001071,KWEISASU PRIMARY SCHOOL
PS2001132,KWEMIGUNGA PRIMARY SCHOOL
PS2001072,KWENKWALE PRIMARY SCHOOL
PS2001073,LUGURUNI PRIMARY SCHOOL
PS2001074,LUIYE PRIMARY SCHOOL
PS2001075,LUKOLONGWE PRIMARY SCHOOL
PS2001076,MADEBE PRIMARY SCHOOL
PS2001077,MAGAMBA PRIMARY SCHOOL
PS2001078,MAILIKUMI PRIMARY SCHOOL
PS2001079,MAINGA PRIMARY SCHOOL
PS2001080,MAJANIMAPANA PRIMARY SCHOOL
PS2001081,MANDERA PRIMARY SCHOOL
PS2001082,MANGA PRIMARY SCHOOL
PS2001083,MASATU PRIMARY SCHOOL
PS2001084,MAZINGARA PRIMARY SCHOOL
PS2001085,MBAGWI PRIMARY SCHOOL
PS2001086,MBWENI PRIMARY SCHOOL
PS2001087,MGAMBO PRIMARY SCHOOL
PS2001088,MHALANGO PRIMARY SCHOOL
PS2001090,MICHUNGWANI MASHARIKI PRIMARY SCHOOL
PS2001089,MICHUNGWANI PRIMARY SCHOOL
PS2001091,MKALAMO PRIMARY SCHOOL
PS2001092,MKATA PRIMARY SCHOOL
PS2001093,MKOMBA PRIMARY SCHOOL
PS2001094,MKUMBURU PRIMARY SCHOOL
PS2001095,MNYUZI PRIMARY SCHOOL
PS2001096,MPALAGWE PRIMARY SCHOOL
PS2001097,MSIKA PRIMARY SCHOOL
PS2001098,MSILWA PRIMARY SCHOOL
PS2001099,MSOCHA PRIMARY SCHOOL
PS2001100,MSOMELA PRIMARY SCHOOL
PS2001101,MUMBWI PRIMARY SCHOOL
PS2001102,MUUNGANO PRIMARY SCHOOL
PS2001103,MZERI PRIMARY SCHOOL
PS2001104,MZULE PRIMARY SCHOOL
PS2001105,MZUNDU PRIMARY SCHOOL
PS2001106,NKALE PRIMARY SCHOOL
PS2001107,NKUMBA PRIMARY SCHOOL
PS2001108,NYASA PRIMARY SCHOOL
PS2001128,OSOTWA PRIMARY SCHOOL
PS2001109,POZO PRIMARY SCHOOL
PS2001122,SAMIA SULUHU HASSAN PRIMARY SCHOOL
PS2001110,SEZA KOFI PRIMARY SCHOOL
PS2001111,SINDENI PRIMARY SCHOOL
PS2001112,SUWA PRIMARY SCHOOL
PS2001113,TAULA PRIMARY SCHOOL
PS2001114,TEWE PRIMARY SCHOOL
PS2001123,TIM HARRINGTON PRIMARY SCHOOL
PS2001115,TULIANI PRIMARY SCHOOL
PS2001116,UGWENO PRIMARY SCHOOL
PS2001117,ZAVUZA PRIMARY SCHOOL
PS2012001,ANTAKAE PRIMARY SCHOOL
PS2012002,AZIMIO PRIMARY SCHOOL
PS2012003,BANGU PRIMARY SCHOOL
PS2012004,BIRIKANI PRIMARY SCHOOL
PS2012005,CHANIKA PRIMARY SCHOOL
PS2012006,EASTERN ARC PRIMARY SCHOOL
PS2012039,HANDENI PRIMARY SCHOOL
PS2012007,JITEGEMEE PRIMARY SCHOOL
PS2012008,KIDELEKO PRIMARY SCHOOL
PS2012009,KILIMILANG'OMBE PRIMARY SCHOOL
PS2012010,KISERIANI PRIMARY SCHOOL
PS2012011,KONJE PRIMARY SCHOOL
PS2012012,KWABAYA PRIMARY SCHOOL
PS2012013,KWAKIVESA PRIMARY SCHOOL
PS2012014,KWALUWALA PRIMARY SCHOOL
PS2012015,KWAMAGOME PRIMARY SCHOOL
PS2012016,KWAMASAKA PRIMARY SCHOOL
PS2012036,KWAMNEKE PRIMARY SCHOOL
PS2012017,KWAMNGODI PRIMARY SCHOOL
PS2012018,KWAMNGUMI PRIMARY SCHOOL
PS2012019,KWEDIYAMBA PRIMARY SCHOOL
PS2012020,KWEDIZANDO PRIMARY SCHOOL
PS2012045,KWEDIZIWA PRIMARY SCHOOL
PS2012021,KWEINJUGO PRIMARY SCHOOL
PS2012022,LUMBIZI PRIMARY SCHOOL
PS2012023,MALEZI PRIMARY SCHOOL
PS2012042,MANKINDA PRIMARY SCHOOL
PS2012024,MAPINDUZI PRIMARY SCHOOL
PS2012025,MASALAKA PRIMARY SCHOOL
PS2012046,MDOE PRIMARY SCHOOL
PS2012026,MISIMA PRIMARY SCHOOL
PS2012027,MKONJE PRIMARY SCHOOL
PS2012028,MLIMANI PRIMARY SCHOOL
PS2012043,MNAZI MMOJA PRIMARY SCHOOL
PS2012037,MPAKANI PRIMARY SCHOOL
PS2012029,MSASA PRIMARY SCHOOL
PS2012030,MSHIKAMANO PRIMARY SCHOOL
PS2012031,NGUGWINI PRIMARY SCHOOL
PS2012044,PARAKUYO PRIMARY SCHOOL
PS2012032,PONGWE PRIMARY SCHOOL
PS2012033,SEUTA PRIMARY SCHOOL
PS2012035,TUMAINI JEMA PRIMARY SCHOOL
PS2012034,VIBAONI PRIMARY SCHOOL
PS2008101,AHADI PRIMARY SCHOOL
PS2008108,ANTONIO ROSMIN PRIMARY SCHOOL
PS2008001,BALANG'A PRIMARY SCHOOL
PS2008067,BANDARI PRIMARY SCHOOL
PS2008114,BARAKA PRIMARY SCHOOL
PS2008002,BOKWA PRIMARY SCHOOL
PS2008075,BOMA PRIMARY SCHOOL
PS2008003,CHAMTUI PRIMARY SCHOOL
PS2008118,CHANUNGU PRIMARY SCHOOL
PS2008123,DOLOSENTA PRIMARY SCHOOL
PS2008062,ELERAI PRIMARY SCHOOL
PS2008004,GITU PRIMARY SCHOOL
PS2008005,GOMBERO PRIMARY SCHOOL
PS2008116,HEROES PRIMARY SCHOOL
PS2008085,JUNGU PRIMARY SCHOOL
PS2008006,KIBIRASHI PRIMARY SCHOOL
PS2008136,KIGUNGA PRIMARY SCHOOL
PS2008068,KIGWAMA PRIMARY SCHOOL
PS2008007,KIKUNDE PRIMARY SCHOOL
PS2008109,KIKWAZU PRIMARY SCHOOL
PS2008008,KILEGURU PRIMARY SCHOOL
PS2008009,KILINDI PRIMARY SCHOOL
PS2008010,KILWA PRIMARY SCHOOL
PS2008094,KIMAMBA PRIMARY SCHOOL
PS2008011,KIMBE PRIMARY SCHOOL
PS2008069,KIMEMBE PRIMARY SCHOOL
PS2008076,KINGO PRIMARY SCHOOL
PS2008070,KISANGASA PRIMARY SCHOOL
PS2008012,KITINGI PRIMARY SCHOOL
PS2008013,KOLANG'A PRIMARY SCHOOL
PS2008132,KOMSILO PRIMARY SCHOOL
PS2008063,KWADUDU PRIMARY SCHOOL
PS2008014,KWADUNDWA PRIMARY SCHOOL
PS2008077,KWAFUMBILI PRIMARY SCHOOL
PS2008015,KWAKIWELE PRIMARY SCHOOL
PS2008016,KWALUGURU PRIMARY SCHOOL
PS2008017,KWAMALIGWA PRIMARY SCHOOL
PS2008089,KWAMAZUMA PRIMARY SCHOOL
PS2008018,KWAMBA PRIMARY SCHOOL
PS2008071,KWAMFYOMI PRIMARY SCHOOL
PS2008084,KWAMNGWAJI PRIMARY SCHOOL
PS2008019,KWAMWANDE PRIMARY SCHOOL
PS2008096,KWANDILWA PRIMARY SCHOOL
PS2008078,KWANKANDE PRIMARY SCHOOL
PS2008102,KWEDIBOKO PRIMARY SCHOOL
PS2008020,KWEDIBOMA PRIMARY SCHOOL
PS2008110,KWEDIGOLE PRIMARY SCHOOL
PS2008086,KWEDIJELO PRIMARY SCHOOL
PS2008021,KWEDISWATI PRIMARY SCHOOL
PS2008024,KWEISAPO PRIMARY SCHOOL
PS2008022,KWEKINKWEMBE PRIMARY SCHOOL
PS2008023,KWEKIVU PRIMARY SCHOOL
PS2008124,LAIPERA PRIMARY SCHOOL
PS2008103,LEKITINGE PRIMARY SCHOOL
PS2008104,LOMWE PRIMARY SCHOOL
PS2008122,LUANGA PRIMARY SCHOOL
PS2008025,LUDEWA PRIMARY SCHOOL
PS2008026,LUKOLE PRIMARY SCHOOL
PS2008027,LULAGO PRIMARY SCHOOL
PS2008111,LUMOTIO PRIMARY SCHOOL
PS2008028,LUSANE PRIMARY SCHOOL
PS2008095,LUSIMBI PRIMARY SCHOOL
PS2008029,LWANDE PRIMARY SCHOOL
PS2008030,MABALANGA PRIMARY SCHOOL
PS2008079,MABOMBWE PRIMARY SCHOOL
PS2008031,MAFISA PRIMARY SCHOOL
PS2008032,MAFULETA PRIMARY SCHOOL
PS2008034,MAFULILA PRIMARY SCHOOL
PS2008036,MAJENGO PRIMARY SCHOOL
PS2008033,MAKASINI PRIMARY SCHOOL
PS2008035,MAKELELE PRIMARY SCHOOL
PS2008092,MAKINGO PRIMARY SCHOOL
PS2008074,MALALI PRIMARY SCHOOL
PS2008090,MANYINGA PRIMARY SCHOOL
PS2008080,MAPANGA PRIMARY SCHOOL
PS2008037,MASAGALU PRIMARY SCHOOL
PS2008125,MASAGUSA PRIMARY SCHOOL
PS2008100,MASILEI PRIMARY SCHOOL
PS2008121,MATANGAGONJA PRIMARY SCHOOL
PS2008120,MATINDI PRIMARY SCHOOL
PS2008087,MAZASA PRIMARY SCHOOL
PS2008038,MBOGO PRIMARY SCHOOL
PS2008072,MBOGOI PRIMARY SCHOOL
PS2008135,MBUYUNI PRIMARY SCHOOL
PS2008131,MDUGUYU PRIMARY SCHOOL
PS2008097,MGAMBO PRIMARY SCHOOL
PS2008039,MGERA PRIMARY SCHOOL
PS2008126,MGOMBEZI PRIMARY SCHOOL
PS2008083,MGORA PRIMARY SCHOOL
PS2008040,MHEZA PRIMARY SCHOOL
PS2008041,MISUFINI PRIMARY SCHOOL
PS2008042,MJI MPYA PRIMARY SCHOOL
PS2008043,MKINDI PRIMARY SCHOOL
PS2008064,MNAZI PRIMARY SCHOOL
PS2008088,MNEMBULE PRIMARY SCHOOL
PS2008044,MNKONDE PRIMARY SCHOOL
PS2008105,MNYINGWA PRIMARY SCHOOL
PS2008061,MPALAHALA PRIMARY SCHOOL
PS2008045,MSENTE PRIMARY SCHOOL
PS2008091,MSIMBAZI PRIMARY SCHOOL
PS2008046,MSWAKI PRIMARY SCHOOL
PS2008065,MTAKUJA PRIMARY SCHOOL
PS2008128,MTEGO PRIMARY SCHOOL
PS2008107,MTONGA PRIMARY SCHOOL
PS2008047,MUUNGANO PRIMARY SCHOOL
PS2008048,MVUNGWE PRIMARY SCHOOL
PS2008066,MZINGA PRIMARY SCHOOL
PS2008112,NDWATI PRIMARY SCHOOL
PS2008049,NEGERO PRIMARY SCHOOL
PS2008133,NGARONI PRIMARY SCHOOL
PS2008093,NGEZE PRIMARY SCHOOL
PS2008050,NGOBORE PRIMARY SCHOOL
PS2008051,NKAMA PRIMARY SCHOOL
PS2008052,NKOA PRIMARY SCHOOL
PS2008053,PAGWI PRIMARY SCHOOL
PS2008073,SAGASA PRIMARY SCHOOL
PS2008130,SAJA PRIMARY SCHOOL
PS2008054,SAMBU PRIMARY SCHOOL
PS2008127,SAMIA PRIMARY SCHOOL
PS2008055,SANGENI PRIMARY SCHOOL
PS2008056,SAUNYI PRIMARY SCHOOL
PS2008098,SELEWA PRIMARY SCHOOL
PS2008115,SONGE ISLAMIC PRIMARY SCHOOL
PS2008057,SONGE PRIMARY SCHOOL
PS2008058,TAMOTA PRIMARY SCHOOL
PS2008106,TILWE PRIMARY SCHOOL
PS2008059,TUNGULI PRIMARY SCHOOL
PS2008099,UWANJA NDEGE PRIMARY SCHOOL
PS2008081,VILINDWA  PRIMARY SCHOOL
PS2008082,VUNILA  PRIMARY  SCHOOL PRIMARY SCHOOL
PS2008060,VYADIGWA PRIMARY SCHOOL
PS2002140,BAMUNUA PRIMARY SCHOOL
PS2002001,BOMBOMAJIMOTO PRIMARY SCHOOL
PS2002002,BUIKO PRIMARY SCHOOL
PS2002003,BUNGU PRIMARY SCHOOL
PS2002004,BUNGUMSIGA PRIMARY SCHOOL
PS2002005,CHANGALIKWA PRIMARY SCHOOL
PS2002006,CHEKELEI PRIMARY SCHOOL
PS2002007,CHEPETE PRIMARY SCHOOL
PS2002008,DINDIRA PRIMARY SCHOOL
PS2002009,FOROFORO PRIMARY SCHOOL
PS2002010,FUMBO PRIMARY SCHOOL
PS2002011,FUNE PRIMARY SCHOOL
PS2002012,GEMAI PRIMARY SCHOOL
PS2002013,GEREZA PRIMARY SCHOOL
PS2002014,GOHA PRIMARY SCHOOL
PS2002015,GOMBA PRIMARY SCHOOL
PS2002016,GOMBERO PRIMARY SCHOOL
PS2002017,HALE PRIMARY SCHOOL
PS2002018,HUNDU PRIMARY SCHOOL
PS2002019,JITENGENI PRIMARY SCHOOL
PS2002020,KALALANI PRIMARY SCHOOL
PS2002021,KASIGA PRIMARY SCHOOL
PS2002022,KERENGE MLEMWA PRIMARY SCHOOL
PS2002023,KERENGE PRIMARY SCHOOL
PS2002024,KIBAONI KULASI PRIMARY SCHOOL
PS2002025,KICHANGANI PRIMARY SCHOOL
PS2002026,KIETI PRIMARY SCHOOL
PS2002027,KIGWASE PRIMARY SCHOOL
PS2002028,KIJANGO PRIMARY SCHOOL
PS2002029,KIJUNGUMOTO PRIMARY SCHOOL
PS2002030,KILANGANGUA PRIMARY SCHOOL
PS2002031,KIMBO PRIMARY SCHOOL
PS2002032,KITIVO PRIMARY SCHOOL
PS2002033,KIZARA PRIMARY SCHOOL
PS2002034,KWAGUNDA PRIMARY SCHOOL
PS2002035,KWAKIBOMI PRIMARY SCHOOL
PS2002036,KWALUKONGE PRIMARY SCHOOL
PS2002037,KWALUMA PRIMARY SCHOOL
PS2002038,KWAMZINDAWA PRIMARY SCHOOL
PS2002039,KWASHEMSHI PRIMARY SCHOOL
PS2002040,KWASUNGA PRIMARY SCHOOL
PS2002041,KWATA PRIMARY SCHOOL
PS2002042,KWEDEGE PRIMARY SCHOOL
PS2002043,KWEISEWA PRIMARY SCHOOL
PS2002044,KWEMANOLO PRIMARY SCHOOL
PS2002045,KWEMAZANDU PRIMARY SCHOOL
PS2002046,KWEMDIMU PRIMARY SCHOOL
PS2002047,KWEMEMO PRIMARY SCHOOL
PS2002048,KWEMSHAI PRIMARY SCHOOL
PS2002049,KWENKEYU PRIMARY SCHOOL
PS2002050,KWETONGE PRIMARY SCHOOL
PS2002142,LAMU PRIMARY SCHOOL
PS2002051,LEWA PRIMARY SCHOOL
PS2002052,LUSANGA PRIMARY SCHOOL
PS2002053,LUTINDI PRIMARY SCHOOL
PS2002054,LWENGERA ESTATE PRIMARY SCHOOL
PS2002055,MABOGO PRIMARY SCHOOL
PS2002056,MADALA PRIMARY SCHOOL
PS2002057,MAFULETA PRIMARY SCHOOL
PS2002058,MAGILA PRIMARY SCHOOL
PS2002059,MAGOMA KIWANDANI PRIMARY SCHOOL
PS2002060,MAGUNDI PRIMARY SCHOOL
PS2002143,MAGUNGA MTEMI PRIMARY SCHOOL
PS2002061,MAJENGO PRIMARY SCHOOL
PS2002062,MAKABURINI PRIMARY SCHOOL
PS2002134,MAKAYO PRIMARY SCHOOL
PS2002063,MAKINYUMBI PRIMARY SCHOOL
PS2002064,MAKINYUMBI STATION PRIMARY SCHOOL
PS2002065,MAKOLE PRIMARY SCHOOL
PS2002066,MAKORORA PRIMARY SCHOOL
PS2002067,MAKUMBA PRIMARY SCHOOL
PS2002068,MAKUYUNI PRIMARY SCHOOL
PS2002135,MAKWELI PRIMARY SCHOOL
PS2002069,MALI PRIMARY SCHOOL
PS2002070,MANDERA PRIMARY SCHOOL
PS2002071,MANGA MIKOCHENI PRIMARY SCHOOL
PS2002072,MANGA MTINDIRO PRIMARY SCHOOL
PS2002139,MANJAMA PRIMARY SCHOOL
PS2002073,MANKA PRIMARY SCHOOL
PS2002074,MASANGE PRIMARY SCHOOL
PS2002075,MASHEWA PRIMARY SCHOOL
PS2002076,MASHINDEI PRIMARY SCHOOL
PS2002141,MASIMBANI PRIMARY SCHOOL
PS2002077,MAZINDE BAGAMOYO PRIMARY SCHOOL
PS2002078,MAZINDE ESTATE PRIMARY SCHOOL
PS2002079,MAZINDE MSHANGAI PRIMARY SCHOOL
PS2002080,MAZINDE NGUA PRIMARY SCHOOL
PS2002081,MBAGHAI PRIMARY SCHOOL
PS2002082,MBOGHOI PRIMARY SCHOOL
PS2002083,MBOGOIYOLA PRIMARY SCHOOL
PS2002084,MBUYUNI PRIMARY SCHOOL
PS2002085,MGILA PRIMARY SCHOOL
PS2002086,MGOBE PRIMARY SCHOOL
PS2002087,MGWASHI PRIMARY SCHOOL
PS2002088,MHEZA PRIMARY SCHOOL
PS2002089,MIEMBENI PRIMARY SCHOOL
PS2002090,MISAJINI PRIMARY SCHOOL
PS2002091,MKALAMO PRIMARY SCHOOL
PS2002136,MKAMENI PRIMARY SCHOOL
PS2002092,MKOMAZI PRIMARY SCHOOL
PS2002093,MKUMBARA PRIMARY SCHOOL
PS2002094,MLALO PRIMARY SCHOOL
PS2002095,MNG'AZA PRIMARY SCHOOL
PS2002096,MNYUZI PRIMARY SCHOOL
PS2002097,MOMBO PRIMARY SCHOOL
PS2002098,MPALAI PRIMARY SCHOOL
PS2002099,MPALE PRIMARY SCHOOL
PS2002100,MPASILASI PRIMARY SCHOOL
PS2002101,MPIRANI PRIMARY SCHOOL
PS2002102,MRUAZI PRIMARY SCHOOL
PS2002103,MSASA PRIMARY SCHOOL
PS2002137,MSEKO PRIMARY SCHOOL
PS2002104,MSWAHA PRIMARY SCHOOL
PS2002105,MTONI BOMBO PRIMARY SCHOOL
PS2002106,MWELYA PRIMARY SCHOOL
PS2002107,MWENGA PRIMARY SCHOOL
PS2002108,MWISHO WA SHAMBA PRIMARY SCHOOL
PS2002109,MZIYA PRIMARY SCHOOL
PS2002110,NANYOGIE PRIMARY SCHOOL
PS2002111,NEW AMBANGULU PRIMARY SCHOOL
PS2002138,NGAZI PRIMARY SCHOOL
PS2002112,NGOMENI PRIMARY SCHOOL
PS2002113,NGULU PRIMARY SCHOOL
PS2002114,NKALEKWA PRIMARY SCHOOL
PS2002115,NTALAWANDA PRIMARY SCHOOL
PS2002116,OLD AMBANGULU PRIMARY SCHOOL
PS2002117,PAMBEI PRIMARY SCHOOL
PS2002118,SEKIOGA PRIMARY SCHOOL
PS2002119,SHARAKA PRIMARY SCHOOL
PS2002120,SINAI PRIMARY SCHOOL
PS2002121,TABORA PRIMARY SCHOOL
PS2002122,TAMOTA PRIMARY SCHOOL
PS2002123,TEWE PRIMARY SCHOOL
PS2002124,TORONTO PRIMARY SCHOOL
PS2002125,UBIRI PRIMARY SCHOOL
PS2002126,UMOJA PRIMARY SCHOOL
PS2002127,UNYANYEMBE PRIMARY SCHOOL
PS2002128,VINGO PRIMARY SCHOOL
PS2002129,VUGIRI PRIMARY SCHOOL
PS2002130,VUJE PRIMARY SCHOOL
PS2002131,VULUNI PRIMARY SCHOOL
PS2002132,WELEI PRIMARY SCHOOL
PS2002133,ZEGE PRIMARY SCHOOL
PS2009001,ANTAKAYE PRIMARY SCHOOL
PS2009002,BAGAMOYO PRIMARY SCHOOL
PS2009003,BOMA PRIMARY SCHOOL
PS2009030,GOOD FOUNDATION PRIMARY SCHOOL
PS2009004,HILLS VIEW PRIMARY SCHOOL
PS2009005,KILIMANI PRIMARY SCHOOL
PS2009006,KILOLE PRIMARY SCHOOL
PS2009007,KITOPENI PRIMARY SCHOOL
PS2009008,KWAKOMBO PRIMARY SCHOOL
PS2009009,KWAMDULU PRIMARY SCHOOL
PS2009031,KWAMKOLE PRIMARY SCHOOL
PS2009010,KWAMNDOLWA PRIMARY SCHOOL
PS2009011,KWAMNGUMI PRIMARY SCHOOL
PS2009012,KWAMSISI PRIMARY SCHOOL
PS2009013,KWASEMANGUBE PRIMARY SCHOOL
PS2009038,KWAZOMOLO PRIMARY SCHOOL
PS2009014,KWEMASIMBA PRIMARY SCHOOL
PS2009032,LILAC PRIMARY SCHOOL
PS2009015,LWENGERA DARAJANI PRIMARY SCHOOL
PS2009016,MAGUNGA PRIMARY SCHOOL
PS2009017,MAHENGE PRIMARY SCHOOL
PS2009029,MAJENGO PRIMARY SCHOOL
PS2009018,MANUNDU PRIMARY SCHOOL
PS2009019,MATONDORO PRIMARY SCHOOL
PS2009020,MBEZA MAZOEZI PRIMARY SCHOOL
PS2009021,MGAMBO PRIMARY SCHOOL
PS2009022,MGOMBEZI PRIMARY SCHOOL
PS2009023,MSAMBIAZI PRIMARY SCHOOL
PS2009033,MTONGA PRIMARY SCHOOL
PS2009024,MUZDALIFAH PRIMARY SCHOOL
PS2009025,NEW KOROGWE PRIMARY SCHOOL
PS2009026,OLD KOROGWE PRIMARY SCHOOL
PS2009027,SILABU PRIMARY SCHOOL
PS2009034,WINNERS ENG MED PRIMARY SCHOOL
PS2009028,ZUNG'NAT PRIMARY SCHOOL
PS2003001,BOMBO PRIMARY SCHOOL
PS2003002,BOSHA PRIMARY SCHOOL
PS2003003,CHAMBOGHO PRIMARY SCHOOL
PS2003004,CHAUMBA PRIMARY SCHOOL
PS2003005,CHUMBAGENI PRIMARY SCHOOL
PS2003006,DINDIRA PRIMARY SCHOOL
PS2003008,DULE JUU PRIMARY SCHOOL
PS2003007,DULE PRIMARY SCHOOL
PS2003009,FUFUI PRIMARY SCHOOL
PS2003010,FUIZAI PRIMARY SCHOOL
PS2003011,FUTII PRIMARY SCHOOL
PS2003013,GARE 'B' PRIMARY SCHOOL
PS2003012,GARE PRIMARY SCHOOL
PS2003014,GOLOGOLO PRIMARY SCHOOL
PS2003015,HAMBALAWEI PRIMARY SCHOOL
PS2003016,HAMBOYO PRIMARY SCHOOL
PS2003017,HANDEI PRIMARY SCHOOL
PS2003170,HANDEI U  PRIMARY SCHOOL
PS2003018,HEMKEYU PRIMARY SCHOOL
PS2003019,HEMTOYE PRIMARY SCHOOL
PS2003020,HONDELO PRIMARY SCHOOL
PS2003021,IKOI PRIMARY SCHOOL
PS2003022,IRENTE PRIMARY SCHOOL
PS2003182,JUWWALU ISLAMIC PRIMARY SCHOOL
PS2003180,KAGAMBE PRIMARY SCHOOL
PS2003023,KALUMELE PRIMARY SCHOOL
PS2003165,KALUSESE PRIMARY SCHOOL
PS2003024,KALUSIRU PRIMARY SCHOOL
PS2003025,KAMNAVU PRIMARY SCHOOL
PS2003166,KIBOMBOI PRIMARY SCHOOL
PS2003026,KIFULIO PRIMARY SCHOOL
PS2003027,KIGULUNDE 'N' PRIMARY SCHOOL
PS2003028,KIKUMBI PRIMARY SCHOOL
PS2003167,KILANGWI PRIMARY SCHOOL
PS2003029,KILOLE PRIMARY SCHOOL
PS2003030,KINGUGHWI PRIMARY SCHOOL
PS2003031,KINKO PRIMARY SCHOOL
PS2003032,KIRANGA PRIMARY SCHOOL
PS2003033,KIRETI PRIMARY SCHOOL
PS2003034,KISANGARA PRIMARY SCHOOL
PS2003035,KISHANGAZI PRIMARY SCHOOL
PS2003176,KISHIMAI  PRIMARY SCHOOL
PS2003036,KITOPENI PRIMARY SCHOOL
PS2003037,KIVINGO PRIMARY SCHOOL
PS2003038,KIWANJA PRIMARY SCHOOL
PS2003039,KIZARA PRIMARY SCHOOL
PS2003040,KONGEI PRIMARY SCHOOL
PS2003041,KWABOLI PRIMARY SCHOOL
PS2003042,KWAI PRIMARY SCHOOL
PS2003043,KWEBALASA PRIMARY SCHOOL
PS2003044,KWEBOMA PRIMARY SCHOOL
PS2003045,KWEDAU PRIMARY SCHOOL
PS2003046,KWEDEGHE PRIMARY SCHOOL
PS2003047,KWEFIVI PRIMARY SCHOOL
PS2003048,KWEKANDA PRIMARY SCHOOL
PS2003049,KWEKANGA PRIMARY SCHOOL
PS2003050,KWEKANGAGA PRIMARY SCHOOL
PS2003051,KWEKIFINYU PRIMARY SCHOOL
PS2003052,KWEMAKAME PRIMARY SCHOOL
PS2003053,KWEMANOLO PRIMARY SCHOOL
PS2003054,KWEMARAMBA PRIMARY SCHOOL
PS2003055,KWEMASHAI 'U' PRIMARY SCHOOL
PS2003056,KWEMBAGO PRIMARY SCHOOL
PS2003057,KWEMSHAZI PRIMARY SCHOOL
PS2003058,KWEMSHWA PRIMARY SCHOOL
PS2003059,KWEMTINDI PRIMARY SCHOOL
PS2003060,KWESHINDO PRIMARY SCHOOL
PS2003061,KWESIMU PRIMARY SCHOOL
PS2003168,KWETONGO PRIMARY SCHOOL
PS2003062,KWEZIGHA PRIMARY SCHOOL
PS2003063,KWEZINGA PRIMARY SCHOOL
PS2003163,LANG'ATANDOIYE PRIMARY SCHOOL
PS2003064,LANGONI PRIMARY SCHOOL
PS2003164,LEWA PRIMARY SCHOOL
PS2003065,LOKOME PRIMARY SCHOOL
PS2003066,LUKOZI PRIMARY SCHOOL
PS2003067,LUNGUZA PRIMARY SCHOOL
PS2003068,LUSHOTO PRIMARY SCHOOL
PS2003069,LWANDAI PRIMARY SCHOOL
PS2003070,MABUGHAI PRIMARY SCHOOL
PS2003071,MADALA PRIMARY SCHOOL
PS2003159,MAITO PRIMARY SCHOOL
PS2003072,MAJULAI PRIMARY SCHOOL
PS2003073,MAKANKA PRIMARY SCHOOL
PS2003074,MAKANYA PRIMARY SCHOOL
PS2003075,MAKOLE PRIMARY SCHOOL
PS2003076,MAKOSE PRIMARY SCHOOL
PS2003077,MALIBWI PRIMARY SCHOOL
PS2003079,MALINDI 'B' PRIMARY SCHOOL
PS2003169,MALINDI HILLS PRIMARY SCHOOL
PS2003080,MALINDI JUU PRIMARY SCHOOL
PS2003078,MALINDI PRIMARY SCHOOL
PS2003082,MAMBO 'B' PRIMARY SCHOOL
PS2003081,MAMBO PRIMARY SCHOOL
PS2003083,MANGIKA PRIMARY SCHOOL
PS2003084,MASANGE PRIMARY SCHOOL
PS2003085,MASEREKA PRIMARY SCHOOL
PS2003086,MATEGHO PRIMARY SCHOOL
PS2003087,MAVULUI PRIMARY SCHOOL
PS2003088,MAVUMO PRIMARY SCHOOL
PS2003089,MAZASHAI PRIMARY SCHOOL
PS2003090,MAZINDE PRIMARY SCHOOL
PS2003091,MAZUMBAI PRIMARY SCHOOL
PS2003092,MBARAMO PRIMARY SCHOOL
PS2003093,MBARU PRIMARY SCHOOL
PS2003094,MBELEI PRIMARY SCHOOL
PS2003095,MBOGHOI PRIMARY SCHOOL
PS2003097,MBULA 'B' PRIMARY SCHOOL
PS2003096,MBULA PRIMARY SCHOOL
PS2003098,MBWEI PRIMARY SCHOOL
PS2003178,MGHAMBO  PRIMARY SCHOOL
PS2003099,MHELO PRIMARY SCHOOL
PS2003100,MHEZI PRIMARY SCHOOL
PS2003160,MHINDULO PRIMARY SCHOOL
PS2003101,MIEGEO PRIMARY SCHOOL
PS2003102,MILUNGUI PRIMARY SCHOOL
PS2003103,MIZAI PRIMARY SCHOOL
PS2003104,MKULUMUZI PRIMARY SCHOOL
PS2003106,MKUNDI MBARU PRIMARY SCHOOL
PS2003105,MKUNDI PRIMARY SCHOOL
PS2003108,MKUNKI 'B' PRIMARY SCHOOL
PS2003107,MKUNKI PRIMARY SCHOOL
PS2003109,MKUZI PRIMARY SCHOOL
PS2003110,MLALO PRIMARY SCHOOL
PS2003111,MLESA PRIMARY SCHOOL
PS2003112,MLIFU PRIMARY SCHOOL
PS2003113,MLOLA PRIMARY SCHOOL
PS2003114,MNAZI PRIMARY SCHOOL
PS2003115,MNG'ARO PRIMARY SCHOOL
PS2003116,MNYANDEGE PRIMARY SCHOOL
PS2003117,MOA PRIMARY SCHOOL
PS2003118,MPANGA PRIMARY SCHOOL
PS2003119,MPUNGI PRIMARY SCHOOL
PS2003120,MSHANGAI PRIMARY SCHOOL
PS2003121,MSHIZII PRIMARY SCHOOL
PS2003122,MTAE PRIMARY SCHOOL
PS2003123,MTII PRIMARY SCHOOL
PS2003124,MTINDILI PRIMARY SCHOOL
PS2003125,MUADH BIN JABAL PRIMARY SCHOOL
PS2003126,MWANGOI PRIMARY SCHOOL
PS2003172,MWENDALA  PRIMARY SCHOOL
PS2003127,MZIMKUU PRIMARY SCHOOL
PS2003128,MZIRAGEMBEI PRIMARY SCHOOL
PS2003129,MZIZIMA PRIMARY SCHOOL
PS2003130,NDABWA PRIMARY SCHOOL
PS2003131,NDEME PRIMARY SCHOOL
PS2003132,NGAZI PRIMARY SCHOOL
PS2003133,NGULWI PRIMARY SCHOOL
PS2003134,NGWELO PRIMARY SCHOOL
PS2003135,NKALOI PRIMARY SCHOOL
PS2003136,NKELEI PRIMARY SCHOOL
PS2003137,NKOMBO PRIMARY SCHOOL
PS2003161,NKUKAI PRIMARY SCHOOL
PS2003138,NKUNDEI PRIMARY SCHOOL
PS2003139,NTAMBWE PRIMARY SCHOOL
PS2003140,NYANKEI PRIMARY SCHOOL
PS2003141,NYASA PRIMARY SCHOOL
PS2003142,RANGWI PRIMARY SCHOOL
PS2003162,ROSMINI PRIMARY SCHOOL
PS2003143,SHUKILAI PRIMARY SCHOOL
PS2003144,SHUME PRIMARY SCHOOL
PS2003145,SHWAGHOI PRIMARY SCHOOL
PS2003146,ST - BENEDICT PRIMARY SCHOOL
PS2003147,ST - CATHERINE PRIMARY SCHOOL
PS2003148,SUNGA PRIMARY SCHOOL
PS2003149,TEMA PRIMARY SCHOOL
PS2003150,TEWE PRIMARY SCHOOL
PS2003151,UBIRI PRIMARY SCHOOL
PS2003152,UNGO PRIMARY SCHOOL
PS2003153,USAMBARA PRIMARY SCHOOL
PS2003154,WANGWI PRIMARY SCHOOL
PS2003155,YOGHOI PRIMARY SCHOOL
PS2003156,ZAIZO PRIMARY SCHOOL
PS2003157,ZIGHA PRIMARY SCHOOL
PS2003158,ZIMBIRI PRIMARY SCHOOL
PS2010001,BAMBA ESTATE PRIMARY SCHOOL
PS2010003,BAMBA MHINDURO PRIMARY SCHOOL
PS2010004,BAMBA MWARONGO PRIMARY SCHOOL
PS2010005,BAWA PRIMARY SCHOOL
PS2010006,BOMA PRIMARY SCHOOL
PS2010002,BOMBO MBUYUNI PRIMARY SCHOOL
PS2010007,BOSHA PRIMARY SCHOOL
PS2010008,BWITI PRIMARY SCHOOL
PS2010009,CHURWA PRIMARY SCHOOL
PS2010010,DALUNI PRIMARY SCHOOL
PS2010066,DIMA PRIMARY SCHOOL
PS2010088,DR. SAMIA SULUHU HASSAN PRIMARY SCHOOL
PS2010011,DUGA PRIMARY SCHOOL
PS2010012,GOMBERO PRIMARY SCHOOL
PS2010013,GONJA SEGOMA PRIMARY SCHOOL
PS2010014,HEMSAMBIA PRIMARY SCHOOL
PS2010015,HOROHORO PRIMARY SCHOOL
PS2010081,JASINI PRIMARY SCHOOL
PS2010016,JIRIHINI PRIMARY SCHOOL
PS2010017,KASERA PRIMARY SCHOOL
PS2010073,KAUZENI PRIMARY SCHOOL
PS2010087,KIBAGO PRIMARY SCHOOL
PS2010018,KIBEWANI PRIMARY SCHOOL
PS2010019,KIBIBONI DODA PRIMARY SCHOOL
PS2010078,KICHALIKANI PRIMARY SCHOOL
PS2010020,KICHANGANI PRIMARY SCHOOL
PS2010021,KIDUNDUI PRIMARY SCHOOL
PS2010022,KIGONGOI PRIMARY SCHOOL
PS2010023,KILULU DUGA PRIMARY SCHOOL
PS2010069,KIMBERLY PRIMARY SCHOOL
PS2010024,KIUMBO PRIMARY SCHOOL
PS2010025,KUZE PRIMARY SCHOOL
PS2010026,KWALE KIZINGANI PRIMARY SCHOOL
PS2010071,KWAMTILI PRIMARY SCHOOL
PS2010027,KWEMTINDI PRIMARY SCHOOL
PS2010084,LIGHTHOUSE PRIMARY SCHOOL
PS2010028,LUGONGO PRIMARY SCHOOL
PS2010064,MACHIMBONI PRIMARY SCHOOL
PS2010067,MAFORONI B PRIMARY SCHOOL
PS2010029,MAFORONI PRIMARY SCHOOL
PS2010030,MAGATI PRIMARY SCHOOL
PS2010031,MAGODI PRIMARY SCHOOL
PS2010032,MAHANDAKINI PRIMARY SCHOOL
PS2010080,MAMBOLEO PRIMARY SCHOOL
PS2010033,MANZA PRIMARY SCHOOL
PS2010034,MAPATANO PRIMARY SCHOOL
PS2010035,MARAMBA 'A' PRIMARY SCHOOL
PS2010036,MARAMBA 'B' PRIMARY SCHOOL
PS2010037,MARAMBA JKT PRIMARY SCHOOL
PS2010038,MATEMBONI PRIMARY SCHOOL
PS2010039,MAVOVO PRIMARY SCHOOL
PS2010040,MAYOMBONI PRIMARY SCHOOL
PS2010047,MAZOLA KILIFI PRIMARY SCHOOL
PS2010041,MAZOLA PRIMARY SCHOOL
PS2010074,MBUTA PRIMARY SCHOOL
PS2010042,MBUYUNI PRIMARY SCHOOL
PS2010043,MHINDURO PRIMARY SCHOOL
PS2010044,MJESANI PRIMARY SCHOOL
PS2010079,MKAMBANI PRIMARY SCHOOL
PS2010045,MKINGA PRIMARY SCHOOL
PS2010046,MKUNGUMIZE PRIMARY SCHOOL
PS2010082,MOA PRIMARY SCHOOL
PS2010048,MTAPWA PRIMARY SCHOOL
PS2010049,MTILI PRIMARY SCHOOL
PS2010050,MTIMBWANI PRIMARY SCHOOL
PS2010077,MTIMULE PRIMARY SCHOOL
PS2010051,MTONI BOMBO PRIMARY SCHOOL
PS2010052,MTUNDANI PRIMARY SCHOOL
PS2010068,MUZI PRIMARY SCHOOL
PS2010053,MWAKIJEMBE PRIMARY SCHOOL
PS2010070,MWAKIKONGE PRIMARY SCHOOL
PS2010072,MWAKIKOYA PRIMARY SCHOOL
PS2010075,MWANTUMU MAHIZA PRIMARY SCHOOL
PS2010054,MWANYUMBA PRIMARY SCHOOL
PS2010055,MZINGI PRIMARY SCHOOL
PS2010056,NG'OMBENI PRIMARY SCHOOL
PS2010083,NIKANYEVI PRIMARY SCHOOL
PS2010057,PERANI PRIMARY SCHOOL
PS2010065,SOKONOI PRIMARY SCHOOL
PS2010058,TAWALANI PRIMARY SCHOOL
PS2010059,UHURU PRIMARY SCHOOL
PS2010076,VUMBU PRIMARY SCHOOL
PS2010060,VUNDE PRIMARY SCHOOL
PS2010061,VUO PRIMARY SCHOOL
PS2010062,VYERU PRIMARY SCHOOL
PS2010063,ZINGIBARI PRIMARY SCHOOL
PS2004001,AMANI PRIMARY SCHOOL
PS2004107,ANTAKAE PRIMARY SCHOOL
PS2004002,BAGAMOYO PRIMARY SCHOOL
PS2004003,BARABARANI PRIMARY SCHOOL
PS2004122,BEBERE PRIMARY SCHOOL
PS2004004,BOMBANI PRIMARY SCHOOL
PS2004005,BWEMBWERA PRIMARY SCHOOL
PS2004006,BWITINI PRIMARY SCHOOL
PS2004116,CHOGOGWE PRIMARY SCHOOL
PS2004007,DARAJANI PRIMARY SCHOOL
PS2004008,ENZI PRIMARY SCHOOL
PS2004091,FURAHA PRIMARY SCHOOL
PS2004009,GARE PRIMARY SCHOOL
PS2004010,GEIGLITZ PRIMARY SCHOOL
PS2004011,HEINKELE PRIMARY SCHOOL
PS2004103,HOLY FAMILY PRIMARY SCHOOL
PS2004093,JAMHURI PRIMARY SCHOOL
PS2004094,JIBANDENI PRIMARY SCHOOL
PS2004012,KAMBAI PRIMARY SCHOOL
PS2004112,KAZITA PRIMARY SCHOOL
PS2004013,KIBANDA PRIMARY SCHOOL
PS2004014,KIBARANGA PRIMARY SCHOOL
PS2004015,KICHEBA PRIMARY SCHOOL
PS2004017,KIGOMBE BAGO PRIMARY SCHOOL
PS2004016,KIGOMBE PRIMARY SCHOOL
PS2004018,KILONGO PRIMARY SCHOOL
PS2004019,KILULU PRIMARY SCHOOL
PS2004020,KIMBO PRIMARY SCHOOL
PS2004021,KIVINDO PRIMARY SCHOOL
PS2004022,KIWANDA PRIMARY SCHOOL
PS2004099,KIZERUI PRIMARY SCHOOL
PS2004023,KWABADA PRIMARY SCHOOL
PS2004024,KWABOTA PRIMARY SCHOOL
PS2004025,KWABUTU PRIMARY SCHOOL
PS2004026,KWAFUNGO PRIMARY SCHOOL
PS2004108,KWAKIBUYU PRIMARY SCHOOL
PS2004027,KWAKIFUA PRIMARY SCHOOL
PS2004028,KWALUBUYE PRIMARY SCHOOL
PS2004029,KWAMKORO PRIMARY SCHOOL
PS2004030,KWAZENETH PRIMARY SCHOOL
PS2004031,KWEMDIMU PRIMARY SCHOOL
PS2004121,KWEMKABALA PRIMARY SCHOOL
PS2004032,KWEMSALA PRIMARY SCHOOL
PS2004033,KWEZITU PRIMARY SCHOOL
PS2004034,LEWA PRIMARY SCHOOL
PS2004035,LUMBIZI PRIMARY SCHOOL
PS2004036,LUSANGA PRIMARY SCHOOL
PS2004037,MAFERE PRIMARY SCHOOL
PS2004038,MAFLETA PRIMARY SCHOOL
PS2004039,MAGILA PRIMARY SCHOOL
PS2004040,MAGODA PRIMARY SCHOOL
PS2004041,MAGULA PRIMARY SCHOOL
PS2004042,MAJENGO PRIMARY SCHOOL
PS2004043,MAKOLE PRIMARY SCHOOL
PS2004044,MAMBOLEO PRIMARY SCHOOL
PS2004045,MANDERA PRIMARY SCHOOL
PS2004046,MANGUBU PRIMARY SCHOOL
PS2004110,MANYONI PRIMARY SCHOOL
PS2004047,MARAMBA AMANI PRIMARY SCHOOL
PS2004048,MARVERA PRIMARY SCHOOL
PS2004118,MAR-WAH ISLAMIC PRIMARY SCHOOL
PS2004049,MASHEWA PRIMARY SCHOOL
PS2004095,MASUGURU  PRIMARY SCHOOL
PS2004050,MATOMBO PRIMARY SCHOOL
PS2004051,MBAMBARA PRIMARY SCHOOL
PS2004052,MBARAMO PRIMARY SCHOOL
PS2004053,MBOMOLE PRIMARY SCHOOL
PS2004054,MDOTE PRIMARY SCHOOL
PS2004057,MGAMBO AMANI PRIMARY SCHOOL
PS2004055,MGAMBO MAGOROTO PRIMARY SCHOOL
PS2004111,MGODA PRIMARY SCHOOL
PS2004101,MGOME PRIMARY SCHOOL
PS2004056,MHAMBA PRIMARY SCHOOL
PS2004058,MIANGA PRIMARY SCHOOL
PS2004113,MIKWININI PRIMARY SCHOOL
PS2004059,MINDU PRIMARY SCHOOL
PS2004060,MISALAI PRIMARY SCHOOL
PS2004061,MISONGENI PRIMARY SCHOOL
PS2004062,MISOZWE PRIMARY SCHOOL
PS2004064,MKULUI PRIMARY SCHOOL
PS2004063,MKULUMILO PRIMARY SCHOOL
PS2004065,MKUMBI PRIMARY SCHOOL
PS2004066,MKUZI PRIMARY SCHOOL
PS2004067,MKWAJUNI PRIMARY SCHOOL
PS2004068,MLINGANO PRIMARY SCHOOL
PS2004069,MLINGOTI PRIMARY SCHOOL
PS2004070,MPAPAYU PRIMARY SCHOOL
PS2004071,MSASA IBC PRIMARY SCHOOL
PS2004109,MSOWELO PRIMARY SCHOOL
PS2004098,MTAKUJA PRIMARY SCHOOL
PS2004072,MTINDIRO PRIMARY SCHOOL
PS2004104,MTITI PRIMARY SCHOOL
PS2004074,MUHEZA ESTATE PRIMARY SCHOOL
PS2004117,MUHEZA MUSLIM PRIMARY SCHOOL
PS2004073,MUHEZA PRIMARY SCHOOL
PS2004096,MWAMBAO PRIMARY SCHOOL
PS2004105,MWARIMBA PRIMARY SCHOOL
PS2004075,MWEMBENI PRIMARY SCHOOL
PS2004076,NGARANI PRIMARY SCHOOL
PS2004078,NGOMENI KAMBA PRIMARY SCHOOL
PS2004077,NGOMENI PRIMARY SCHOOL
PS2004080,NKUMBA KISIWANI PRIMARY SCHOOL
PS2004079,NKUMBA PRIMARY SCHOOL
PS2004081,PANGAMLIMA PRIMARY SCHOOL
PS2004082,PARAMBA PRIMARY SCHOOL
PS2004084,POTWE MPIRANI PRIMARY SCHOOL
PS2004083,POTWE PRIMARY SCHOOL
PS2004114,SAKALE PRIMARY SCHOOL
PS2004085,SEMNGANO PRIMARY SCHOOL
PS2004086,SONGA KIBAONI PRIMARY SCHOOL
PS2004102,SWAFAA PRIMARY SCHOOL
PS2004106,TAWHEED PRIMARY SCHOOL
PS2004087,TINGENI PRIMARY SCHOOL
PS2004088,TONGWE PRIMARY SCHOOL
PS2004115,TUMAINI PRIMARY SCHOOL
PS2004089,UBEMBE PRIMARY SCHOOL
PS2004097,UMBA PRIMARY SCHOOL
PS2004100,VENANCE MABEYO PRIMARY SCHOOL
PS2004092,ZIGI PRIMARY SCHOOL
PS2004120,ZION PRIMARY SCHOOL
PS2004090,ZIRAI PRIMARY SCHOOL
PS2005031,ALHIJRA ISLAMIC PRIMARY SCHOOL
PS2005001,BOZA PRIMARY SCHOOL
PS2005002,BUSHIRI PRIMARY SCHOOL
PS2005035,CHOBA PRIMARY SCHOOL
PS2005003,FUNGUNI PRIMARY SCHOOL
PS2005037,ISTIQAAMA PANGANI PRIMARY SCHOOL
PS2005004,KIGURUSIMBA PRIMARY SCHOOL
PS2005029,KIKOKWE PRIMARY SCHOOL
PS2005005,KILIMANGWIDO PRIMARY SCHOOL
PS2005016,KIMANG'A ELITE PRIMARY SCHOOL
PS2005006,KIMANG'A PRIMARY SCHOOL
PS2005007,KIPUMBWI PRIMARY SCHOOL
PS2005036,KIPUMBWI PWANI PRIMARY SCHOOL
PS2005008,LANGONI PRIMARY SCHOOL
PS2005009,MADANGA PRIMARY SCHOOL
PS2005032,MAKORORA PRIMARY SCHOOL
PS2005010,MASAIKA PRIMARY SCHOOL
PS2005024,MBULIZAGA PRIMARY SCHOOL
PS2005011,MEKA PRIMARY SCHOOL
PS2005012,MIKINGUNI PRIMARY SCHOOL
PS2005013,MIKOCHENI PRIMARY SCHOOL
PS2005030,MIVUMONI PRIMARY SCHOOL
PS2005014,MKALAMO PRIMARY SCHOOL
PS2005015,MKWAJA PRIMARY SCHOOL
PS2005033,MROZO PRIMARY SCHOOL
PS2005017,MTANGO PRIMARY SCHOOL
PS2005027,MTONGA PRIMARY SCHOOL
PS2005028,MWEMBENI PRIMARY SCHOOL
PS2005018,MWERA PRIMARY SCHOOL
PS2005025,MZAMBARAUNI PRIMARY SCHOOL
PS2005019,PANGANI PRIMARY SCHOOL
PS2005020,SANGE PRIMARY SCHOOL
PS2005021,STAHABU PRIMARY SCHOOL
PS2005022,TUNGAMAA PRIMARY SCHOOL
PS2005023,USHONGO PRIMARY SCHOOL
PS2007057,ABULFADHILIL - ABBAS ISLAMIC PRIMARY SCHOOL
PS2007114,AFECIAH PRIMARY SCHOOL
PS2007097,AMANI PRIMARY SCHOOL
PS2007059,AMBONI PRIMARY SCHOOL
PS2007095,AN-NOOR PRIMARY SCHOOL
PS2007029,ARAFAH PRIMARY SCHOOL
PS2007051,AVICENNA PRIMARY SCHOOL
PS2007032,AZIMIO PRIMARY SCHOOL
PS2007001,BOMBO PRIMARY SCHOOL
PS2007100,BRIGHT PRIMARY SCHOOL
PS2007112,BROOKHOUSE PRIMARY SCHOOL
PS2007055,BURHANI PRIMARY SCHOOL
PS2007002,CHANGA PRIMARY SCHOOL
PS2007033,CHANGA PRIMARY SCHOOL
PS2007060,CHONGOLEANI PRIMARY SCHOOL
PS2007034,CHUDA PRIMARY SCHOOL
PS2007003,CHUMA PRIMARY SCHOOL
PS2007004,CHUMBAGENI PRIMARY SCHOOL
PS2007005,DARAJANI PRIMARY SCHOOL
PS2007053,DAYSTAR PRIMARY SCHOOL
PS2007035,DONGE PRIMARY SCHOOL
PS2007110,DUGA  PRIMARY SCHOOL
PS2007048,EBEN EZER PRIMARY SCHOOL
PS2007044,ECKERNFORDE PRIMARY SCHOOL
PS2007006,GOFU-JUU PRIMARY SCHOOL
PS2007104,GOLDEN CHANCE PRIMARY SCHOOL
PS2007049,INDIAN OCEAN PRIMARY SCHOOL
PS2007052,JABIR BIN ZAID PRIMARY SCHOOL
PS2007061,JAJE PRIMARY SCHOOL
PS2007089,JAMBE PRIMARY SCHOOL
PS2007036,JUHUDI PRIMARY SCHOOL
PS2007054,KANA CENTRAL PRIMARY SCHOOL
PS2007007,KANA PRIMARY SCHOOL
PS2007062,KANGE PRIMARY SCHOOL
PS2007096,KASERA PRIMARY SCHOOL
PS2007063,KIBAFUTA PRIMARY SCHOOL
PS2007064,KIGANDINI PRIMARY SCHOOL
PS2007065,KIOMONI PRIMARY SCHOOL
PS2007066,KIRARE PRIMARY SCHOOL
PS2007087,KIRUKU PRIMARY SCHOOL
PS2007085,KISIMATUI PRIMARY SCHOOL
PS2007008,KISOSORA PRIMARY SCHOOL
PS2007092,KIVULENI PRIMARY SCHOOL
PS2007009,KOMBEZI PRIMARY SCHOOL
PS2007026,KWAKAEZA PRIMARY SCHOOL
PS2007086,KWAMKEMBE PRIMARY SCHOOL
PS2007010,KWANJEKA PRIMARY SCHOOL
PS2007090,MABAMBANI PRIMARY SCHOOL
PS2007011,MABAWA PRIMARY SCHOOL
PS2007067,MABOKWENI PRIMARY SCHOOL
PS2007068,MACHUI PRIMARY SCHOOL
PS2007069,MAERE PRIMARY SCHOOL
PS2007091,MAFURIKO PRIMARY SCHOOL
PS2007047,MAGAONI PRIMARY SCHOOL
PS2007012,MAJANI-MAPANA PRIMARY SCHOOL
PS2007037,MAJENGO PRIMARY SCHOOL
PS2007013,MAKORORA PRIMARY SCHOOL
PS2007056,MAPAMBANO  PRIMARY SCHOOL
PS2007070,MAPOJONI PRIMARY SCHOOL
PS2007094,MARANZARA PRIMARY SCHOOL
PS2007038,MARTIN SHAMBA PRIMARY SCHOOL
PS2007071,MARUNGU PRIMARY SCHOOL
PS2007101,MARWAH ISLAMIC PRIMARY SCHOOL
PS2007014,MASIWANI PRIMARY SCHOOL
PS2007072,MAWENI PRIMARY SCHOOL
PS2007015,MBUYUNI PRIMARY SCHOOL
PS2007073,MIEMBENI PRIMARY SCHOOL
PS2007027,MIKANJUNI PRIMARY SCHOOL
PS2007016,MKWAKWANI PRIMARY SCHOOL
PS2007074,MLENI PRIMARY SCHOOL
PS2007039,MNAZI MMOJA PRIMARY SCHOOL
PS2007019,MNYANJANI PRIMARY SCHOOL
PS2007119,MOUNTAIN PEAK PRIMARY SCHOOL
PS2007017,MPIRANI PRIMARY SCHOOL
PS2007018,MSAMBWENI PRIMARY SCHOOL
PS2007075,MSARA PRIMARY SCHOOL
PS2007045,MUSAB' PRIMARY SCHOOL
PS2007102,MUZDALFA MWAKIDILA PRIMARY SCHOOL
PS2007076,MWAHAKO PRIMARY SCHOOL
PS2007077,MWAKIDILA PRIMARY SCHOOL
PS2007020,MWAKIZARO PRIMARY SCHOOL
PS2007098,MWAMBANI EBENEZER PRIMARY SCHOOL
PS2007105,MWAMBANI PRIMARY SCHOOL
PS2007078,MWANG'OMBE PRIMARY SCHOOL
PS2007021,MWANZANGE PRIMARY SCHOOL
PS2007079,MWARONGO PRIMARY SCHOOL
PS2007040,MWENGE PRIMARY SCHOOL
PS2007030,MZINGANI PRIMARY SCHOOL
PS2007058,NAFIAA PRIMARY SCHOOL
PS2007080,NDAOYA PRIMARY SCHOOL
PS2007022,NGAMIANI-KUSINI PRIMARY SCHOOL
PS2007023,NGUVUMALI PRIMARY SCHOOL
PS2007081,PANDE PRIMARY SCHOOL
PS2007082,PONGWE PRIMARY SCHOOL
PS2007028,POPATLAL PRIMARY SCHOOL
PS2007099,PRINCE AND PRINCESS PRIMARY SCHOOL
PS2007107,PUTINI PRIMARY SCHOOL
PS2007031,RASKAZONE PRIMARY SCHOOL
PS2007093,RUBAWA PRIMARY SCHOOL
PS2007024,SAHARE PRIMARY SCHOOL
PS2007115,SARUJI PRIMARY SCHOOL
PS2007042,SHAABAN  ROBERT PRIMARY SCHOOL
PS2007046,SIR JOHN PRIMARY SCHOOL
PS2007083,TONGONI PRIMARY SCHOOL
PS2007108,TRIPLE A PRIMARY SCHOOL
PS2007041,UKOMBOZI PRIMARY SCHOOL
PS2007025,USAGARA PRIMARY SCHOOL
PS2007050,YUSUF MAKAMBA PRIMARY SCHOOL
PS2007084,ZIWANI PRIMARY SCHOOL
PS2101139,ABZOMA PRIMARY SCHOOL
PS2101001,ARRI PRIMARY SCHOOL
PS2101002,ARRITSAAYO PRIMARY SCHOOL
PS2101003,AYAMANGO PRIMARY SCHOOL
PS2101004,AYAQANJA PRIMARY SCHOOL
PS2101005,AYASANDA PRIMARY SCHOOL
PS2101126,AYATSEA PRIMARY SCHOOL
PS2101006,BACHO PRIMARY SCHOOL
PS2101007,BASHNET PRIMARY SCHOOL
PS2101008,BERMI PRIMARY SCHOOL
PS2101123,BIRSIMA PRIMARY SCHOOL
PS2101009,BOAY PRIMARY SCHOOL
PS2101010,BUBU PRIMARY SCHOOL
PS2101130,BULKERI PRIMARY SCHOOL
PS2101133,CHALLO PRIMARY SCHOOL
PS2101011,DABIL PRIMARY SCHOOL
PS2101012,DAREDA KATI PRIMARY SCHOOL
PS2101013,DAREDA MISSION PRIMARY SCHOOL
PS2101090,DARWEDICK PRIMARY SCHOOL
PS2101014,DIFFIR PRIMARY SCHOOL
PS2101015,DITSOMA PRIMARY SCHOOL
PS2101016,DOHOM PRIMARY SCHOOL
PS2101017,DONYA PRIMARY SCHOOL
PS2101018,DUDIYE PRIMARY SCHOOL
PS2101019,DUDUMERA PRIMARY SCHOOL
PS2101020,DURU PRIMARY SCHOOL
PS2101134,ELUWAY PRIMARY SCHOOL
PS2101021,ENDABERG PRIMARY SCHOOL
PS2101135,ENDABOK PRIMARY SCHOOL
PS2101109,ENDADIMET PRIMARY SCHOOL
PS2101022,ENDADOSH PRIMARY SCHOOL
PS2101023,ENDAGILE PRIMARY SCHOOL
PS2101024,ENDAGWE PRIMARY SCHOOL
PS2101025,ENDAKISO PRIMARY SCHOOL
PS2101091,ENDALLAH PRIMARY SCHOOL
PS2101026,ENDAMAGHAI PRIMARY SCHOOL
PS2101027,ENDANACHAN PRIMARY SCHOOL
PS2101101,ENDANOGA PRIMARY SCHOOL
PS2101092,ENDASAGO PRIMARY SCHOOL
PS2101028,ENDAW PRIMARY SCHOOL
PS2101029,ERRI PRIMARY SCHOOL
PS2101030,GABADAW PRIMARY SCHOOL
PS2101031,GAJAL PRIMARY SCHOOL
PS2101140,GALLAPO FOUNDATION PRIMARY SCHOOL
PS2101032,GALLAPO PRIMARY SCHOOL
PS2101033,GAWAL PRIMARY SCHOOL
PS2101034,GEDAMAR PRIMARY SCHOOL
PS2101035,GESBERT PRIMARY SCHOOL
PS2101102,GETABUSKE PRIMARY SCHOOL
PS2101131,GETARA PRIMARY SCHOOL
PS2101036,GICHAMEDA PRIMARY SCHOOL
PS2101037,GIDABAGHAR SCHOOL PRIMARY SCHOOL
PS2101038,GIDAS PRIMARY SCHOOL
PS2101039,GIDEWARI PRIMARY SCHOOL
PS2101093,GIDNG'ATA PRIMARY SCHOOL
PS2101040,GIDNG'WAR PRIMARY SCHOOL
PS2101041,GIJEDABUNG PRIMARY SCHOOL
PS2101143,GLORY JUNIOR PRIMARY SCHOOL
PS2101144,GREENLAND PRIMARY SCHOOL
PS2101042,GUSE PRIMARY SCHOOL
PS2101103,HALLU PRIMARY SCHOOL
PS2101148,HAYDADONGA PRIMARY SCHOOL
PS2101104,HAYSAM PRIMARY SCHOOL
PS2101110,HAYTEMBA PRIMARY SCHOOL
PS2101136,HEWASI PRIMARY SCHOOL
PS2101142,HOLLYLAND PRIMARY SCHOOL
PS2101043,HOSHAN PRIMARY SCHOOL
PS2101105,JANGWANI PRIMARY SCHOOL
PS2101044,JOSHUA FOUNDATION PRIMARY SCHOOL
PS2101094,KAKOI PRIMARY SCHOOL
PS2101137,KAMBI PRIMARY SCHOOL
PS2101152,KAZAROHO PRIMARY SCHOOL
PS2101095,KIBAONI PRIMARY SCHOOL
PS2101165,KING'S MODERN PRIMARY SCHOOL
PS2101111,KIROROMA PRIMARY SCHOOL
PS2101045,KIRUDICK PRIMARY SCHOOL
PS2101046,KIRUNDOGO PRIMARY SCHOOL
PS2101047,KIRUSIX PRIMARY SCHOOL
PS2101048,KISANGAJI PRIMARY SCHOOL
PS2101112,KISESE PRIMARY SCHOOL
PS2101049,KOKOMAY PRIMARY SCHOOL
PS2101113,KWANKWARI PRIMARY SCHOOL
PS2101050,KWARAA PRIMARY SCHOOL
PS2101096,LAGHANADESH PRIMARY SCHOOL
PS2101145,LAKITA MPC PRIMARY SCHOOL
PS2101114,LOMUHONG PRIMARY SCHOOL
PS2101051,LONG PRIMARY SCHOOL
PS2101052,LUXMANDA PRIMARY SCHOOL
PS2101053,MADUNGA PRIMARY SCHOOL
PS2101054,MAGANJWA PRIMARY SCHOOL
PS2101055,MAGARA PRIMARY SCHOOL
PS2101158,MAGUGU P.A.G PRIMARY SCHOOL
PS2101056,MAGUGU PRIMARY SCHOOL
PS2101162,MAHOLEY PRIMARY SCHOOL
PS2101057,MAJENGO PRIMARY SCHOOL
PS2101153,MALESHI PRIMARY SCHOOL
PS2101115,MAMIRE PRIMARY SCHOOL
PS2101058,MANDAGEW PRIMARY SCHOOL
PS2101059,MANDI PRIMARY SCHOOL
PS2101124,MANYARA PRIMARY SCHOOL
PS2101060,MAPEA PRIMARY SCHOOL
PS2101061,MASWARE PRIMARY SCHOOL
PS2101062,MATUFA PRIMARY SCHOOL
PS2101063,MAWENI PRIMARY SCHOOL
PS2101064,MAYOKA PRIMARY SCHOOL
PS2101065,MBUGWE PRIMARY SCHOOL
PS2101132,MDORI PRIMARY SCHOOL
PS2101097,MEKIROY PRIMARY SCHOOL
PS2101066,MERR PRIMARY SCHOOL
PS2101127,MIGUNGANI PRIMARY SCHOOL
PS2101151,MINDEY PRIMARY SCHOOL
PS2101067,MINJINGU PRIMARY SCHOOL
PS2101098,MIYAQW PRIMARY SCHOOL
PS2101159,MONIKAMU JUNIOR PRIMARY SCHOOL
PS2101116,MORONGI PRIMARY SCHOOL
PS2101117,MOYA PRIMARY SCHOOL
PS2101149,MUHEDA PRIMARY SCHOOL
PS2101068,MWIKANTSI PRIMARY SCHOOL
PS2101099,NAAMO PRIMARY SCHOOL
PS2101069,NAR PRIMARY SCHOOL
PS2101070,NGOLLEY PRIMARY SCHOOL
PS2101071,NG'WANG'WERI PRIMARY SCHOOL
PS2101072,OIM PRIMARY SCHOOL
PS2101106,OLTUKAI PRIMARY SCHOOL
PS2101073,ORBESH PRIMARY SCHOOL
PS2101074,ORNG'ADIDA PRIMARY SCHOOL
PS2101141,PATRICIA ELIZABETH PRIMARY SCHOOL
PS2101107,PATRICK WINTERS PRIMARY SCHOOL
PS2101128,PONGAY PRIMARY SCHOOL
PS2101147,QAMDAY PRIMARY SCHOOL
PS2101075,QAMEYU PRIMARY SCHOOL
PS2101076,QASH PRIMARY SCHOOL
PS2101118,QAYMANDA PRIMARY SCHOOL
PS2101119,QWAAM PRIMARY SCHOOL
PS2101077,RIRODA PRIMARY SCHOOL
PS2101078,SABILO PRIMARY SCHOOL
PS2101108,SAMTA PRIMARY SCHOOL
PS2101079,SANGAIWE PRIMARY SCHOOL
PS2101120,SANGARA PRIMARY SCHOOL
PS2101080,SARAME PRIMARY SCHOOL
PS2101100,SAYDODA PRIMARY SCHOOL
PS2101081,SECHEK PRIMARY SCHOOL
PS2101082,SELOTO PRIMARY SCHOOL
PS2101083,SHARMO PRIMARY SCHOOL
PS2101084,SHAURIMOYO PRIMARY SCHOOL
PS2101129,SIRONGA PRIMARY SCHOOL
PS2101125,SORA PRIMARY SCHOOL
PS2101150,ST. JASINTA PRIMARY SCHOOL
PS2101085,TARANGIRE PRIMARY SCHOOL
PS2101086,TSAMASI PRIMARY SCHOOL
PS2101087,UFANA PRIMARY SCHOOL
PS2101121,UFANI PRIMARY SCHOOL
PS2101088,UTWARI PRIMARY SCHOOL
PS2101089,VILIMAVITATU PRIMARY SCHOOL
PS2101138,WALLAHU PRIMARY SCHOOL
PS2101122,YAROTONIK PRIMARY SCHOOL
PS2106024,ALDERSGATE PRIMARY SCHOOL
PS2106035,AMKA AFRIKA PRIMARY SCHOOL
PS2106048,ANGAZA MANYARA PRIMARY SCHOOL
PS2106047,BABATI MUSLIM PRIMARY SCHOOL
PS2106001,BABATI PRIMARY SCHOOL
PS2106025,BAMBAY PRIMARY SCHOOL
PS2106002,BONGA PRIMARY SCHOOL
PS2106003,CHEMCHEM PRIMARY SCHOOL
PS2106033,DAGHAILOY PRIMARY SCHOOL
PS2106028,DARAJANI PRIMARY SCHOOL
PS2106026,DEBORA PRIMARY SCHOOL
PS2106036,DEIRA PRIMARY SCHOOL
PS2106004,GENDI PRIMARY SCHOOL
PS2106041,GHATI MEMORIAL PRIMARY SCHOOL
PS2106005,HALLA PRIMARY SCHOOL
PS2106006,HANGONI PRIMARY SCHOOL
PS2106007,HARAA PRIMARY SCHOOL
PS2106027,HARAMBEE PRIMARY SCHOOL
PS2106008,HAYATUL ISLAMIYA PRIMARY SCHOOL
PS2106009,HIMITI PRIMARY SCHOOL
PS2106010,IMBILILI PRIMARY SCHOOL
PS2106011,KIONGOZI PRIMARY SCHOOL
PS2106012,KOMOTO PRIMARY SCHOOL
PS2106029,KWAANG'W PRIMARY SCHOOL
PS2106013,MAISAKA PRIMARY SCHOOL
PS2106014,MALANGI PRIMARY SCHOOL
PS2106015,MANAGHA PRIMARY SCHOOL
PS2106037,MUTUKA PRIMARY SCHOOL
PS2106016,NAKWA PRIMARY SCHOOL
PS2106017,NANGARA PRIMARY SCHOOL
PS2106018,OYSTERBAY PRIMARY SCHOOL
PS2106034,QARES PRIMARY SCHOOL
PS2106049,QUEEN CUTHBERT SENDIGA  PRIMARY SCHOOL
PS2106030,RIFT VALLEY PRIMARY SCHOOL
PS2106042,SAWE PRIMARY SCHOOL
PS2106019,SENDO PRIMARY SCHOOL
PS2106020,SIGINO PRIMARY SCHOOL
PS2106021,SINAI PRIMARY SCHOOL
PS2106031,SINGU PRIMARY SCHOOL
PS2106038,ST CLARE OF ASSISI PRIMARY SCHOOL
PS2106039,TARANGIRE PRIMARY SCHOOL
PS2106022,WAANG'WARAY PRIMARY SCHOOL
PS2106023,WANGBAY PRIMARY SCHOOL
PS2106032,ZIWANI PRIMARY SCHOOL
PS2102122,AMANI PRIMARY SCHOOL
PS2102072,BAGARA PRIMARY SCHOOL
PS2102104,BAKCHAN PRIMARY SCHOOL
PS2102001,BALANG'DALALU PRIMARY SCHOOL
PS2102126,BAMA PRIMARY SCHOOL
PS2102142,BARARI PRIMARY SCHOOL
PS2102002,BARJOMOT PRIMARY SCHOOL
PS2102073,BASHANG PRIMARY SCHOOL
PS2102105,BASSODAGAW PRIMARY SCHOOL
PS2102096,BASSODAMY PRIMARY SCHOOL
PS2102003,BASSODESH PRIMARY SCHOOL
PS2102056,BASSOTU B PRIMARY SCHOOL
PS2102005,BASSOTUGHANG PRIMARY SCHOOL
PS2102128,BISHOP MAZZOLDI PRIMARY SCHOOL
PS2102106,BOMANI PRIMARY SCHOOL
PS2102074,DABASCHAND PRIMARY SCHOOL
PS2102006,DAJAMEDA PRIMARY SCHOOL
PS2102007,DANG'AIDA PRIMARY SCHOOL
PS2102091,DARAJANI PRIMARY SCHOOL
PS2102008,DAWAR PRIMARY SCHOOL
PS2102086,DILING'ANG PRIMARY SCHOOL
PS2102062,DILODA PRIMARY SCHOOL
PS2102009,DIRMA PRIMARY SCHOOL
PS2102075,DIYAGWA PRIMARY SCHOOL
PS2102063,DR. MARY NAGU PRIMARY SCHOOL
PS2102107,DRMARY MICHAEL NAGU PRIMARY SCHOOL
PS2102109,DUMANANG PRIMARY SCHOOL
PS2102010,DUMBETA PRIMARY SCHOOL
PS2102011,ENDAGAW PRIMARY SCHOOL
PS2102064,ENDAMUDAYGA PRIMARY SCHOOL
PS2102057,ENDASABOGHECHAN PRIMARY SCHOOL
PS2102012,ENDASAK PRIMARY SCHOOL
PS2102013,ENDASIWOLD PRIMARY SCHOOL
PS2102121,ESHKESH PRIMARY SCHOOL
PS2102114,FILUK PRIMARY SCHOOL
PS2102014,GABADAW PRIMARY SCHOOL
PS2102092,GABESH PRIMARY SCHOOL
PS2102015,GAGHATA PRIMARY SCHOOL
PS2102016,GARAWJA PRIMARY SCHOOL
PS2102068,GARBAPI PRIMARY SCHOOL
PS2102098,GASABOY PRIMARY SCHOOL
PS2102116,GAULAL PRIMARY SCHOOL
PS2102017,GAWIDU PRIMARY SCHOOL
PS2102018,GEHANDU PRIMARY SCHOOL
PS2102019,GENDABI PRIMARY SCHOOL
PS2102020,GETAGHUL PRIMARY SCHOOL
PS2102135,GETAK PRIMARY SCHOOL
PS2102021,GETANUWAS PRIMARY SCHOOL
PS2102022,GETASAM PRIMARY SCHOOL
PS2102023,GHAIRO PRIMARY SCHOOL
PS2102110,GICHBORD PRIMARY SCHOOL
PS2102079,GIDABWANJA PRIMARY SCHOOL
PS2102054,GIDAGAMOWD PRIMARY SCHOOL
PS2102058,GIDAGHARBU PRIMARY SCHOOL
PS2102100,GIDAGONGU PRIMARY SCHOOL
PS2102024,GIDAHABABIEG PRIMARY SCHOOL
PS2102112,GIDAMAMBURA PRIMARY SCHOOL
PS2102080,GIDAMULA PRIMARY SCHOOL
PS2102069,GIDANGU PRIMARY SCHOOL
PS2102025,GIDIKA PRIMARY SCHOOL
PS2102076,GIJEGA PRIMARY SCHOOL
PS2102070,GIJETAMUHOG PRIMARY SCHOOL
PS2102095,GINIRISH PRIMARY SCHOOL
PS2102026,GISAMBALANG PRIMARY SCHOOL
PS2102108,GISAMJANGA PRIMARY SCHOOL
PS2102087,GISYALI PRIMARY SCHOOL
PS2102027,GITTING PRIMARY SCHOOL
PS2102028,GOCHO PRIMARY SCHOOL
PS2102119,GORIMBA PRIMARY SCHOOL
PS2102131,GUNILA PRIMARY SCHOOL
PS2102081,GWANAYA PRIMARY SCHOOL
PS2102082,HARGHUSHAY PRIMARY SCHOOL
PS2102029,HIDET PRIMARY SCHOOL
PS2102030,HIRBADAW PRIMARY SCHOOL
PS2102031,ISHPONGA PRIMARY SCHOOL
PS2102032,JORODOM PRIMARY SCHOOL
PS2102033,KATESH 'A' PRIMARY SCHOOL
PS2102059,KATESH B PRIMARY SCHOOL
PS2102101,KINYAMBURI PRIMARY SCHOOL
PS2102099,KWELI LEARNING CENTRE PRIMARY SCHOOL
PS2102102,LABAY PRIMARY SCHOOL
PS2102034,LAGHANGA PRIMARY SCHOOL
PS2102132,LAJA PRIMARY SCHOOL
PS2102060,LALAJI PRIMARY SCHOOL
PS2102083,LAMAY PRIMARY SCHOOL
PS2102035,LAMBO PRIMARY SCHOOL
PS2102093,MAISAKA PRIMARY SCHOOL
PS2102117,MALIWA PRIMARY SCHOOL
PS2102088,MANANG'RARAY PRIMARY SCHOOL
PS2102036,MARA PRIMARY SCHOOL
PS2102094,MAREGA PRIMARY SCHOOL
PS2102037,MASAKTA PRIMARY SCHOOL
PS2102038,MASQARODA PRIMARY SCHOOL
PS2102129,MASUSU PRIMARY SCHOOL
PS2102039,MATANGARIMO PRIMARY SCHOOL
PS2102141,MATSAHA PRIMARY SCHOOL
PS2102040,MEASKRON PRIMARY SCHOOL
PS2102127,MIDLAND PRIMARY SCHOOL
PS2102041,MING'ENYI PRIMARY SCHOOL
PS2102089,MIRONGORI PRIMARY SCHOOL
PS2102042,MLIMANI PRIMARY SCHOOL
PS2102043,MOGITU PRIMARY SCHOOL
PS2102133,MORIAH PARADISE PRIMARY SCHOOL
PS2102084,MT HANANG PRIMARY SCHOOL
PS2102118,MUGHUCHI PRIMARY SCHOOL
PS2102044,MULBADAW PRIMARY SCHOOL
PS2102045,MURERU PRIMARY SCHOOL
PS2102046,MURUMBA PRIMARY SCHOOL
PS2102103,MUUNGANO PRIMARY SCHOOL
PS2102047,MWANGA PRIMARY SCHOOL
PS2102048,NANGWA PRIMARY SCHOOL
PS2102123,NG'ABATI PRIMARY SCHOOL
PS2102077,NG'ALDA PRIMARY SCHOOL
PS2102130,NGORONGORO PRIMARY SCHOOL
PS2102138,NINAWI PRIMARY SCHOOL
PS2102144,NYANGHURA PRIMARY SCHOOL
PS2102125,NYAYEMI PRIMARY SCHOOL
PS2102124,NYOWSECHAND PRIMARY SCHOOL
PS2102115,ORBESH PRIMARY SCHOOL
PS2102085,QALOSENDO PRIMARY SCHOOL
PS2102113,QAREDAN PRIMARY SCHOOL
PS2102049,QEDANG'ONYI PRIMARY SCHOOL
PS2102147,QUEEN SENDIGA PRIMARY SCHOOL
PS2102097,RAGHONYANDA PRIMARY SCHOOL
PS2102136,SAGHADERU PRIMARY SCHOOL
PS2102078,SAGONG PRIMARY SCHOOL
PS2102065,SARJANDA PRIMARY SCHOOL
PS2102066,SASUMNG'EGA PRIMARY SCHOOL
PS2102134,SAUTE PRIMARY SCHOOL
PS2102050,SIMBAY PRIMARY SCHOOL
PS2102051,SIROP PRIMARY SCHOOL
PS2102120,ST. AUGUSTINE PRIMARY SCHOOL
PS2102111,ST.JOSEPH PRIMARY SCHOOL
PS2102067,SUMAYE PRIMARY SCHOOL
PS2102071,TUMAINI PRIMARY SCHOOL
PS2102061,WAAMA PRIMARY SCHOOL
PS2102052,WANDELA PRIMARY SCHOOL
PS2102055,WARANGA PRIMARY SCHOOL
PS2102053,WARETA PRIMARY SCHOOL
PS2102090,YEROSIRONG PRIMARY SCHOOL
PS2103067,ALMAROROI PRIMARY SCHOOL
PS2103057,AMEI PRIMARY SCHOOL
PS2103039,ASAMATWA PRIMARY SCHOOL
PS2103108,AZIMIO 'A' PRIMARY SCHOOL
PS2103040,AZIMIO PRIMARY SCHOOL
PS2103042,BOMA SIDAN PRIMARY SCHOOL
PS2103041,BWAWANI PRIMARY SCHOOL
PS2103043,CHANG'OMBE PRIMARY SCHOOL
PS2103001,CHAPAKAZI PRIMARY SCHOOL
PS2103091,CHECHENZA PRIMARY SCHOOL
PS2103044,CHEKANAO PRIMARY SCHOOL
PS2103045,CHEMCHEM PRIMARY SCHOOL
PS2103002,DONGO PRIMARY SCHOOL
PS2103003,DOSIDOSI PRIMARY SCHOOL
PS2103035,EMARTI PRIMARY SCHOOL
PS2103096,EMURTOTO PRIMARY SCHOOL
PS2103005,ENGUSERO PRIMARY SCHOOL
PS2103046,ENGUSERO SIDAN PRIMARY SCHOOL
PS2103031,ENGUSEROENGINE PRIMARY SCHOOL
PS2103006,ESUKUTA PRIMARY SCHOOL
PS2103088,ILDOROKONY PRIMARY SCHOOL
PS2103068,ILERA PRIMARY SCHOOL
PS2103007,IRKIUSHIOIBOR PRIMARY SCHOOL
PS2103058,JUHUDI PRIMARY SCHOOL
PS2103008,KALOLENI PRIMARY SCHOOL
PS2103083,KATIKATI PRIMARY SCHOOL
PS2103059,KAZAMOYO PRIMARY SCHOOL
PS2103055,KAZINGUMU PRIMARY SCHOOL
PS2103009,KIBAYA PRIMARY SCHOOL
PS2103010,KIJUNGU PRIMARY SCHOOL
PS2103011,KIMANA PRIMARY SCHOOL
PS2103097,KINANGALI PRIMARY SCHOOL
PS2103069,KINUA PRIMARY SCHOOL
PS2103012,KIPERESA PRIMARY SCHOOL
PS2103084,KITETO CHRISTIAN CENTRE PRIMARY SCHOOL
PS2103013,KITETO PRIMARY SCHOOL
PS2103092,KITITENEBO PRIMARY SCHOOL
PS2103038,KRASHI PRIMARY SCHOOL
PS2103089,KURASHI PRIMARY SCHOOL
PS2103082,LAALAKIR PRIMARY SCHOOL
PS2103070,LEGOET PRIMARY SCHOOL
PS2103071,LEMBAPULI PRIMARY SCHOOL
PS2103098,LENGARE PRIMARY SCHOOL
PS2103014,LENGATEI PRIMARY SCHOOL
PS2103099,LERUGU PRIMARY SCHOOL
PS2103036,LESOIT PRIMARY SCHOOL
PS2103072,LOBOSOIT PRIMARY SCHOOL
PS2103032,LOLTEPESI PRIMARY SCHOOL
PS2103015,LOOLERA PRIMARY SCHOOL
PS2103016,MAGUNGU PRIMARY SCHOOL
PS2103047,MAKAME PRIMARY SCHOOL
PS2103066,MALIMOGO PRIMARY SCHOOL
PS2103074,MAPINDUZI PRIMARY SCHOOL
PS2103090,MATEREKA PRIMARY SCHOOL
PS2103017,MATUI PRIMARY SCHOOL
PS2103100,MBARBAL PRIMARY SCHOOL
PS2103048,MBELI PRIMARY SCHOOL
PS2103030,MBIGIRI PRIMARY SCHOOL
PS2103060,MBIKASI PRIMARY SCHOOL
PS2103054,MDUNKU PRIMARY SCHOOL
PS2103049,MESERA PRIMARY SCHOOL
PS2103075,MGULI PRIMARY SCHOOL
PS2103087,MINNAH PRIMARY SCHOOL
PS2103018,MSENTE PRIMARY SCHOOL
PS2103076,MUUNGANO PRIMARY SCHOOL
PS2103061,MWANYA PRIMARY SCHOOL
PS2103095,MWITIKIRA PRIMARY SCHOOL
PS2103062,NALANG'TOMON PRIMARY SCHOOL
PS2103019,NAMELOCK PRIMARY SCHOOL
PS2103101,NAPILUKUNYA PRIMARY SCHOOL
PS2103020,NCHINILA PRIMARY SCHOOL
PS2103033,NDALETA PRIMARY SCHOOL
PS2103021,NDEDO PRIMARY SCHOOL
PS2103102,NDEPESI PRIMARY SCHOOL
PS2103050,NDILALI PRIMARY SCHOOL
PS2103034,NDIRIGISHI PRIMARY SCHOOL
PS2103063,NDOTOI PRIMARY SCHOOL
PS2103094,NGABOLO PRIMARY SCHOOL
PS2103064,NGARENARO PRIMARY SCHOOL
PS2103022,NGIPA PRIMARY SCHOOL
PS2103106,NGUZOSITA PRIMARY SCHOOL
PS2103037,NHATI PRIMARY SCHOOL
PS2103051,NJIAPANDA PRIMARY SCHOOL
PS2103023,NJORO PRIMARY SCHOOL
PS2103073,OLCHANIODO PRIMARY SCHOOL
PS2103104,OLENGASHU PRIMARY SCHOOL
PS2103025,OLGIRA PRIMARY SCHOOL
PS2103004,OLKITIKITI PRIMARY SCHOOL
PS2103052,OLOIMUGI PRIMARY SCHOOL
PS2103053,OLPOPONG'I PRIMARY SCHOOL
PS2103026,ORKINE PRIMARY SCHOOL
PS2103105,ORMEMEI PRIMARY SCHOOL
PS2103027,OSTETI PRIMARY SCHOOL
PS2103056,PARTIMBO PRIMARY SCHOOL
PS2103065,SACHANDE PRIMARY SCHOOL
PS2103085,SHEKINA PRIMARY SCHOOL
PS2103028,SONGAMBELE PRIMARY SCHOOL
PS2103029,SUNYA PRIMARY SCHOOL
PS2103077,TAIGO PRIMARY SCHOOL
PS2103086,TWANGA PRIMARY SCHOOL
PS2103078,UKOMBOZI PRIMARY SCHOOL
PS2103079,UMOJA PRIMARY SCHOOL
PS2103093,UTAWALA PRIMARY SCHOOL
PS2103080,WEZAMTIMA PRIMARY SCHOOL
PS2103081,ZAMBIA PRIMARY SCHOOL
PS2104004,ARRI PRIMARY SCHOOL
PS2104118,BARAZANI PRIMARY SCHOOL
PS2104008,BASHAY-DONGOBESH PRIMARY SCHOOL
PS2104107,BASODARER PRIMARY SCHOOL
PS2104090,BASONYAGWE PRIMARY SCHOOL
PS2104127,BERIT PRIMARY SCHOOL
PS2104097,BISIGETA PRIMARY SCHOOL
PS2104011,DIRIM PRIMARY SCHOOL
PS2104012,DIYOMAT PRIMARY SCHOOL
PS2104145,DOMANGA PRIMARY SCHOOL
PS2104014,DONGOBESH CHINI PRIMARY SCHOOL
PS2104108,DONGOBESH DEAF UNIT PRIMARY SCHOOL
PS2104013,DONGOBESH PRIMARY SCHOOL
PS2104141,DOTINA PRIMARY SCHOOL
PS2104133,DUGMOSH PRIMARY SCHOOL
PS2104015,DUMANANG PRIMARY SCHOOL
PS2104146,ELIET  PRIMARY SCHOOL
PS2104084,ENDADUBU PRIMARY SCHOOL
PS2104098,ENDAGEW PRIMARY SCHOOL
PS2104085,ENDAGULDA PRIMARY SCHOOL
PS2104017,ENDAHAGICHAN PRIMARY SCHOOL
PS2104018,ENDAHARGHADATK PRIMARY SCHOOL
PS2104134,ENDAJACHI PRIMARY SCHOOL
PS2104128,ENDALAT PRIMARY SCHOOL
PS2104019,ENDAMASAK PRIMARY SCHOOL
PS2104020,ENDAMILAY PRIMARY SCHOOL
PS2104021,ENDANACHAN PRIMARY SCHOOL
PS2104119,ENDANYAWISH PRIMARY SCHOOL
PS2104091,ENDASIRONG PRIMARY SCHOOL
PS2104135,ENDESH PRIMARY SCHOOL
PS2104022,ENDOJI PRIMARY SCHOOL
PS2104109,ERBOSHAN PRIMARY SCHOOL
PS2104152,FLATEI MASSAY PRIMARY SCHOOL
PS2104023,GARBABI PRIMARY SCHOOL
PS2104086,GARKAWE PRIMARY SCHOOL
PS2104099,GEMBAKW PRIMARY SCHOOL
PS2104092,GETAGUJO PRIMARY SCHOOL
PS2104026,GETANYAMBA PRIMARY SCHOOL
PS2104138,GETASHABAT PRIMARY SCHOOL
PS2104080,GETESH PRIMARY SCHOOL
PS2104093,GIDARUDAGAW PRIMARY SCHOOL
PS2104028,GIDBIYO PRIMARY SCHOOL
PS2104151,GIDERU PRIMARY SCHOOL
PS2104029,GIDHIM PRIMARY SCHOOL
PS2104030,GIDMADOY PRIMARY SCHOOL
PS2104129,GIDMOSA PRIMARY SCHOOL
PS2104148,GILODARI PRIMARY SCHOOL
PS2104087,GINYABUDEL PRIMARY SCHOOL
PS2104124,GOTTE PRIMARY SCHOOL
PS2104142,GURAWE PRIMARY SCHOOL
PS2104121,HAMROY PRIMARY SCHOOL
PS2104034,HARAR PRIMARY SCHOOL
PS2104035,HARBANGHET PRIMARY SCHOOL
PS2104088,HAREABI PRIMARY SCHOOL
PS2104037,HARSHA PRIMARY SCHOOL
PS2104039,HAYDARER PRIMARY SCHOOL
PS2104040,HAYDOM PRIMARY SCHOOL
PS2104125,HAYEDA PRIMARY SCHOOL
PS2104094,HAYESENG PRIMARY SCHOOL
PS2104130,HENGENI PRIMARY SCHOOL
PS2104100,LAGHANGESH PRIMARY SCHOOL
PS2104131,LEA ENGLISH PRIMARY SCHOOL
PS2104048,MAGHANG PRIMARY SCHOOL
PS2104139,MAGOMA PRIMARY SCHOOL
PS2104137,MAGONG PRIMARY SCHOOL
PS2104155,MAHINGE PRIMARY SCHOOL
PS2104052,MAMAGI PRIMARY SCHOOL
PS2104049,MANGISA PRIMARY SCHOOL
PS2104050,MARETADU CHINI PRIMARY SCHOOL
PS2104051,MARETADU JUU PRIMARY SCHOOL
PS2104110,MASAKTA PRIMARY SCHOOL
PS2104053,MASIEDA PRIMARY SCHOOL
PS2104054,MASQARODA PRIMARY SCHOOL
PS2104055,MEWADAN PRIMARY SCHOOL
PS2104056,MONGAHAY PRIMARY SCHOOL
PS2104102,MUGURUCHAN PRIMARY SCHOOL
PS2104057,MURKUCHIDA PRIMARY SCHOOL
PS2104059,MUSLUR PRIMARY SCHOOL
PS2104111,MWENGE PRIMARY SCHOOL
PS2104122,NAEMI PRIMARY SCHOOL
PS2104150,NAMBA SITA A PRIMARY SCHOOL
PS2104061,NG'ORAT PRIMARY SCHOOL
PS2104062,NG'WANDAKW PRIMARY SCHOOL
PS2104147,NYAMUSTA PRIMARY SCHOOL
PS2104103,QABUSH PRIMARY SCHOOL
PS2104063,QALODA PRIMARY SCHOOL
PS2104064,QAMATANANAT PRIMARY SCHOOL
PS2104065,QAMBASIRONG PRIMARY SCHOOL
PS2104066,QANDACH PRIMARY SCHOOL
PS2104113,QATABELA PRIMARY SCHOOL
PS2104114,SAGHA PRIMARY SCHOOL
PS2104104,SEMONYANDI PRIMARY SCHOOL
PS2104143,SIDGI PRIMARY SCHOOL
PS2104070,SIMHHA PRIMARY SCHOOL
PS2104126,SUMAWE PRIMARY SCHOOL
PS2104074,TUMATI PRIMARY SCHOOL
PS2104144,UMBUR PRIMARY SCHOOL
PS2104076,YAEDA AMPA PRIMARY SCHOOL
PS2104077,YAEDA CHINI PRIMARY SCHOOL
PS2104123,YAMAY PRIMARY SCHOOL
PS2104096,YAROTA-MBURDA PRIMARY SCHOOL
PS2107001,AICHO PRIMARY SCHOOL
PS2107002,AMAQAWAY PRIMARY SCHOOL
PS2107003,AMOWA PRIMARY SCHOOL
PS2107004,ANSLAY PRIMARY SCHOOL
PS2107005,AYAGENDA PRIMARY SCHOOL
PS2107006,AYAINGI PRIMARY SCHOOL
PS2107007,AYAMAAMI PRIMARY SCHOOL
PS2107008,AYAMOHE PRIMARY SCHOOL
PS2107009,AYAMUHALE PRIMARY SCHOOL
PS2107010,BAMBE PRIMARY SCHOOL
PS2107011,BANEE PRIMARY SCHOOL
PS2107012,BARGISH-ANTSI PRIMARY SCHOOL
PS2107013,BARGISH-UWA PRIMARY SCHOOL
PS2107014,BOBOA PRIMARY SCHOOL
PS2107015,DANDA PRIMARY SCHOOL
PS2107016,DATLAA PRIMARY SCHOOL
PS2107017,DAUDI PRIMARY SCHOOL
PS2107062,DKT. SAMIA SULUHU HASSAN PRIMARY SCHOOL
PS2107018,ENDAGIKOT PRIMARY SCHOOL
PS2107019,ENDERE PRIMARY SCHOOL
PS2107020,GEDAMAR PRIMARY SCHOOL
PS2107021,GEHANDU PRIMARY SCHOOL
PS2107022,GIDAMBA PRIMARY SCHOOL
PS2107023,GUNENEDA PRIMARY SCHOOL
PS2107024,GUNYODA PRIMARY SCHOOL
PS2107025,GUWANGW PRIMARY SCHOOL
PS2107026,GWAAMI PRIMARY SCHOOL
PS2107027,GWANDUMEHHI PRIMARY SCHOOL
PS2107028,HARKA PRIMARY SCHOOL
PS2107029,HAYLOTO PRIMARY SCHOOL
PS2107030,HAYSALI PRIMARY SCHOOL
PS2107031,HHASAMA PRIMARY SCHOOL
PS2107056,IMBORU PRIMARY SCHOOL
PS2107032,ISSALE PRIMARY SCHOOL
PS2107033,JARANJAR PRIMARY SCHOOL
PS2107034,KAINAM PRIMARY SCHOOL
PS2107035,KHADAY PRIMARY SCHOOL
PS2107036,KUTA PRIMARY SCHOOL
PS2107037,KWERMUSL PRIMARY SCHOOL
PS2107038,LAGHANDAMUR PRIMARY SCHOOL
PS2107039,MAHERI PRIMARY SCHOOL
PS2107057,MBULU ALDERSGATE PRIMARY SCHOOL
PS2107040,MORINGA PRIMARY SCHOOL
PS2107041,MURRAY PRIMARY SCHOOL
PS2107042,NAHASEY PRIMARY SCHOOL
PS2107043,QALIEDA PRIMARY SCHOOL
PS2107044,QATESH PRIMARY SCHOOL
PS2107045,QWAM PRIMARY SCHOOL
PS2107046,SANUBARAY PRIMARY SCHOOL
PS2107048,SHANG'WAT PRIMARY SCHOOL
PS2107049,SIDAY PRIMARY SCHOOL
PS2107050,SILALODA PRIMARY SCHOOL
PS2107051,TIPRI PRIMARY SCHOOL
PS2107052,TITIWI PRIMARY SCHOOL
PS2107053,TLAWI PRIMARY SCHOOL
PS2107054,TSAAYO PRIMARY SCHOOL
PS2107055,WAAMA PRIMARY SCHOOL
PS2107064,ZAKARIA ISAAY PRIMARY SCHOOL
PS2105102,ACRONIS LOONGUNG PRIMARY SCHOOL
PS2105062,ALAIKA PRIMARY SCHOOL
PS2105041,AL-FALLAH PRIMARY SCHOOL
PS2105077,BLUE TANZANITE PRIMARY SCHOOL
PS2105063,EINOTI PRIMARY SCHOOL
PS2105084,EMBOREET PRIMARY SCHOOL
PS2105042,EMISHIYE PRIMARY SCHOOL
PS2105069,ENDIAMTU PRIMARY SCHOOL
PS2105083,ENDONYONGIJAPE PRIMARY SCHOOL
PS2105078,ENDUPOTO PRIMARY SCHOOL
PS2105088,ENGATA PRIMARY SCHOOL
PS2105043,ENGONONGOI PRIMARY SCHOOL
PS2105090,GLISTEN PRIMARY SCHOOL
PS2105049,GUNGE PRIMARY SCHOOL
PS2105089,IRKUJIT PRIMARY SCHOOL
PS2105035,J.M.KIKWETE PRIMARY SCHOOL
PS2105034,JITEGEMEE PRIMARY SCHOOL
PS2105050,JUHUDI PRIMARY SCHOOL
PS2105001,KAMBI YA CHOKAA PRIMARY SCHOOL
PS2105002,KAMPUNI PRIMARY SCHOOL
PS2105108,KANDASIKIRA PRIMARY SCHOOL
PS2105051,KANGALA PRIMARY SCHOOL
PS2105074,KAZAMOYO PRIMARY SCHOOL
PS2105075,KIBAONI PRIMARY SCHOOL
PS2105003,KILOMBERO PRIMARY SCHOOL
PS2105064,KIMELOK PRIMARY SCHOOL
PS2105004,KIRUANI PRIMARY SCHOOL
PS2105070,KISERIANI PRIMARY SCHOOL
PS2105055,KITWAI 'A' PRIMARY SCHOOL
PS2105056,KITWAI 'B' PRIMARY SCHOOL
PS2105005,KOMOLO PRIMARY SCHOOL
PS2105076,KORONGO PRIMARY SCHOOL
PS2105006,LANDANAI PRIMARY SCHOOL
PS2105044,LANGAI PRIMARY SCHOOL
PS2105007,LEMKUNA PRIMARY SCHOOL
PS2105085,LEMOOTI PRIMARY SCHOOL
PS2105008,LENGASIT PRIMARY SCHOOL
PS2105110,LENGIJAPE PRIMARY SCHOOL
PS2105109,LENGUNGUMWA PRIMARY SCHOOL
PS2105080,LERUMO PRIMARY SCHOOL
PS2105009,LOIBOR-SIRET PRIMARY SCHOOL
PS2105010,LOIBORSOIT 'A' PRIMARY SCHOOL
PS2105011,LOIBORSOIT 'B' PRIMARY SCHOOL
PS2105065,LOLTEPES PRIMARY SCHOOL
PS2105059,LONDOTO PRIMARY SCHOOL
PS2105012,LOONDREKES PRIMARY SCHOOL
PS2105071,LOORNG'OSWANI PRIMARY SCHOOL
PS2105073,LORBENE PRIMARY SCHOOL
PS2105060,LORIMORIJOI PRIMARY SCHOOL
PS2105013,LOSINYAI PRIMARY SCHOOL
PS2105086,LOSOKONOI PRIMARY SCHOOL
PS2105014,LOSWAKI PRIMARY SCHOOL
PS2105015,MAGADINI PRIMARY SCHOOL
PS2105081,MAJENGO PRIMARY SCHOOL
PS2105036,MAPINDUZI PRIMARY SCHOOL
PS2105079,MBUKO PRIMARY SCHOOL
PS2105098,MIRERANI ADVENTIST PRIMARY SCHOOL
PS2105016,MIRERANI PRIMARY SCHOOL
PS2105017,MSITU WA TEMBO PRIMARY SCHOOL
PS2105018,NABERERA PRIMARY SCHOOL
PS2105037,NADONJUKIN PRIMARY SCHOOL
PS2105038,NAEPO PRIMARY SCHOOL
PS2105019,NAISINYAI PRIMARY SCHOOL
PS2105052,NAKWENI PRIMARY SCHOOL
PS2105020,NAMALULU PRIMARY SCHOOL
PS2105072,NAMELOK PRIMARY SCHOOL
PS2105021,NARAKAUO PRIMARY SCHOOL
PS2105061,NAROSOITO PRIMARY SCHOOL
PS2105057,NDEPES PRIMARY SCHOOL
PS2105066,NEW LIGHT PRIMARY SCHOOL
PS2105053,NEW VISION PRIMARY SCHOOL
PS2105022,NGAGE PRIMARY SCHOOL
PS2105023,NGORIKA PRIMARY SCHOOL
PS2105082,NOTRE DAME OSOTWA PRIMARY SCHOOL
PS2105054,NYORITI PRIMARY SCHOOL
PS2105024,NYUMBA-YA-MUNGU PRIMARY SCHOOL
PS2105025,OIBORKISHU PRIMARY SCHOOL
PS2105045,OKUTU PRIMARY SCHOOL
PS2105026,OLBIL PRIMARY SCHOOL
PS2105046,OLCHORONYORI PRIMARY SCHOOL
PS2105027,OLJORO-NO.5 PRIMARY SCHOOL
PS2105067,OLOSHONYOKIE PRIMARY SCHOOL
PS2105028,ORKESUMET PRIMARY SCHOOL
PS2105039,ORKIRUNG'URUNG PRIMARY SCHOOL
PS2105093,ORMOTOO PRIMARY SCHOOL
PS2105087,OSILALEI PRIMARY SCHOOL
PS2105101,PENDO LENAITUNYO PRIMARY SCHOOL
PS2105029,RUVU-REMIT PRIMARY SCHOOL
PS2105030,SHAMBARAI PRIMARY SCHOOL
PS2105031,SIMANJIRO PRIMARY SCHOOL
PS2105047,SONGAMBELE PRIMARY SCHOOL
PS2105092,ST. AUGUSTINO PRIMARY SCHOOL
PS2105032,SUKURO PRIMARY SCHOOL
PS2105068,TANZANITE PRIMARY SCHOOL
PS2105033,TERRAT PRIMARY SCHOOL
PS2105091,TUMAINI PRIMARY SCHOOL
PS2401068,AMANI PRIMARY SCHOOL
PS2401071,AZIMIO PRIMARY SCHOOL
PS2401001,BOMANI PRIMARY SCHOOL
PS2401002,BUFANKA PRIMARY SCHOOL
PS2401073,BUGAMA PRIMARY SCHOOL
PS2401003,BUGANDO PRIMARY SCHOOL
PS2401081,BUGANZU PRIMARY SCHOOL
PS2401004,BUGEGE PRIMARY SCHOOL
PS2401005,BUGELENGA PRIMARY SCHOOL
PS2401106,BUGULULA PRIMARY SCHOOL
PS2401006,BUKOMBE PRIMARY SCHOOL
PS2401007,BULANGWA PRIMARY SCHOOL
PS2401008,BULEGA PRIMARY SCHOOL
PS2401009,BULUMBAGA PRIMARY SCHOOL
PS2401010,BUNTUBILI PRIMARY SCHOOL
PS2401011,BUSINDA PRIMARY SCHOOL
PS2401047,BUSONGE PRIMARY SCHOOL
PS2401012,BUSONZO PRIMARY SCHOOL
PS2401013,BUTAMBALA PRIMARY SCHOOL
PS2401014,BUTINZYA PRIMARY SCHOOL
PS2401015,BWENDA PRIMARY SCHOOL
PS2401083,CITIZEN PRIMARY SCHOOL
PS2401104,DR. SAMIA SULUHU PRIMARY SCHOOL
PS2401087,GENGENI PRIMARY SCHOOL
PS2401082,HIGHLAND OF PEACE PRIMARY SCHOOL
PS2401084,HWIMA MINE PRIMARY SCHOOL
PS2401016,IBAMBA PRIMARY SCHOOL
PS2401017,IBAMBILO PRIMARY SCHOOL
PS2401094,IDOSELO PRIMARY SCHOOL
PS2401018,IGULWA PRIMARY SCHOOL
PS2401019,IGWAMANONI PRIMARY SCHOOL
PS2401020,IHULIKE PRIMARY SCHOOL
PS2401021,IKALANGA PRIMARY SCHOOL
PS2401022,IKUZI PRIMARY SCHOOL
PS2401076,ILEMELA PRIMARY SCHOOL
PS2401085,ILYAMCHELE PRIMARY SCHOOL
PS2401023,IMALANGUZU PRIMARY SCHOOL
PS2401099,ISABILO PRIMARY SCHOOL
PS2401024,ISEMABUNA PRIMARY SCHOOL
PS2401025,ISHOLOLO PRIMARY SCHOOL
PS2401026,ITUGA PRIMARY SCHOOL
PS2401027,IYOGELO PRIMARY SCHOOL
PS2401070,JITEGEMEE PRIMARY SCHOOL
PS2401028,KABAGOLE PRIMARY SCHOOL
PS2401029,KABUHIMA PRIMARY SCHOOL
PS2401030,KAGWE PRIMARY SCHOOL
PS2401031,KAKOYOYO PRIMARY SCHOOL
PS2401032,KANEMBWA PRIMARY SCHOOL
PS2401033,KAPELA PRIMARY SCHOOL
PS2401075,KAPWANI PRIMARY SCHOOL
PS2401088,KASONGOLA PRIMARY SCHOOL
PS2401034,KASOZI PRIMARY SCHOOL
PS2401035,KATENTE PRIMARY SCHOOL
PS2401036,KATOME PRIMARY SCHOOL
PS2401037,KAZIBIZYO PRIMARY SCHOOL
PS2401091,KIDETE PRIMARY SCHOOL
PS2401103,KILIMAHEWA PRIMARY SCHOOL
PS2401038,KIZIBA PRIMARY SCHOOL
PS2401097,LUBU PRIMARY SCHOOL
PS2401086,LULAMBA PRIMARY SCHOOL
PS2401100,LWAMKONGWA PRIMARY SCHOOL
PS2401039,LYAMBAMGONGO PRIMARY SCHOOL
PS2401089,LYOBAHIKA PRIMARY SCHOOL
PS2401102,MIGAMBA PRIMARY SCHOOL
PS2401040,MIYENZE PRIMARY SCHOOL
PS2401041,MJIMWEMA PRIMARY SCHOOL
PS2401093,MKANGE PRIMARY SCHOOL
PS2401042,MSANGILA PRIMARY SCHOOL
PS2401043,MSASANI PRIMARY SCHOOL
PS2401044,MSONGA PRIMARY SCHOOL
PS2401045,MTAKUJA PRIMARY SCHOOL
PS2401046,MTINGA PRIMARY SCHOOL
PS2401095,MTUKULA PRIMARY SCHOOL
PS2401079,MUBULA PRIMARY SCHOOL
PS2401101,MUHAMA  PRIMARY SCHOOL
PS2401072,MUSASA PRIMARY SCHOOL
PS2401048,MWALO PRIMARY SCHOOL
PS2401069,MWENGE PRIMARY SCHOOL
PS2401049,NAKAYENZE PRIMARY SCHOOL
PS2401050,NALUSUNGUTI PRIMARY SCHOOL
PS2401051,NAMALANDULA PRIMARY SCHOOL
PS2401052,NAMONGE PRIMARY SCHOOL
PS2401053,NAMPALAHALA PRIMARY SCHOOL
PS2401054,NAMPANGWE PRIMARY SCHOOL
PS2401092,NAMSEGA PRIMARY SCHOOL
PS2401055,NASIHUKULU PRIMARY SCHOOL
PS2401056,NASILULUMA PRIMARY SCHOOL
PS2401057,NG'ANZO PRIMARY SCHOOL
PS2401058,NGITA PRIMARY SCHOOL
PS2401090,NGUVU KAZI PRIMARY SCHOOL
PS2401098,NYAMAGANA PRIMARY SCHOOL
PS2401059,NYAMAGWANGALA PRIMARY SCHOOL
PS2401060,NYAMAKUNKWA PRIMARY SCHOOL
PS2401066,NYIKONGA PRIMARY SCHOOL
PS2401078,SAINT PADRE PIO PRIMARY SCHOOL
PS2401080,SEGWE PRIMARY SCHOOL
PS2401061,SHIBINGO PRIMARY SCHOOL
PS2401062,SHILABELA PRIMARY SCHOOL
PS2401063,SILAMILA PRIMARY SCHOOL
PS2401077,ST ALOYSIUS GONZAGA PRIMARY SCHOOL
PS2401074,UMOJA PRIMARY SCHOOL
PS2401064,USHIROMBO PRIMARY SCHOOL
PS2401105,UYOVU B PRIMARY SCHOOL
PS2401065,UYOVU PRIMARY SCHOOL
PS2402032,AZIMIO PRIMARY SCHOOL
PS2402116,BANDARI PRIMARY SCHOOL
PS2402027,BIDII PRIMARY SCHOOL
PS2402136,BIN GHANIM PRIMARY SCHOOL
PS2402142,BRIGHTMOON PRIMARY SCHOOL
PS2402001,BUKAMILA PRIMARY SCHOOL
PS2402003,BUKIRIGURU PRIMARY SCHOOL
PS2402004,BUKOME PRIMARY SCHOOL
PS2402005,BUPANDWAMPULI PRIMARY SCHOOL
PS2402006,BUPANDWANSHIMBA PRIMARY SCHOOL
PS2402007,BUSAKA PRIMARY SCHOOL
PS2402009,BUSALALA PRIMARY SCHOOL
PS2402162,BUSAMBILO PRIMARY SCHOOL
PS2402010,BUSERESERE PRIMARY SCHOOL
PS2402012,BUTARAMA PRIMARY SCHOOL
PS2402130,BUTENGO  PRIMARY SCHOOL
PS2402106,BUTOBELA PRIMARY SCHOOL
PS2402013,BUYOGA PRIMARY SCHOOL
PS2402015,BUZIKU PRIMARY SCHOOL
PS2402017,BUZIRAYOMBO PRIMARY SCHOOL
PS2402018,BWANGA PRIMARY SCHOOL
PS2402124,BWAWANI PRIMARY SCHOOL
PS2402020,BWERA PRIMARY SCHOOL
PS2402022,BWINA PRIMARY SCHOOL
PS2402024,BWONGERA PRIMARY SCHOOL
PS2402170,CAMBRIDGESHIRE RIDGES PRIMARY SCHOOL
PS2402112,CHABULA PRIMARY SCHOOL
PS2402025,CHABULONGO PRIMARY SCHOOL
PS2402026,CHATO PRIMARY SCHOOL
PS2402133,EDAN PRIMARY SCHOOL
PS2402028,EMAU PRIMARY SCHOOL
PS2402163,GADIMITTI PRIMARY SCHOOL
PS2402088,GINNERY PRIMARY SCHOOL
PS2402132,GLORY TO GOD PRIMARY SCHOOL
PS2402008,HESAWA PRIMARY SCHOOL
PS2402014,IBONDO  PRIMARY SCHOOL
PS2402029,ICHWANKIMA PRIMARY SCHOOL
PS2402047,IDOSELO PRIMARY SCHOOL
PS2402030,IGALULA PRIMARY SCHOOL
PS2402031,IGANDO PRIMARY SCHOOL
PS2402034,IGOGO PRIMARY SCHOOL
PS2402033,IHANGA PRIMARY SCHOOL
PS2402149,ILANGALA PRIMARY SCHOOL
PS2402035,ILELEMA PRIMARY SCHOOL
PS2402036,ILEMELA PRIMARY SCHOOL
PS2402037,ILYAMCHELE PRIMARY SCHOOL
PS2402038,IMALABUPINA PRIMARY SCHOOL
PS2402073,IMALAMAWAZO PRIMARY SCHOOL
PS2402039,IMWELU PRIMARY SCHOOL
PS2402131,IPANDIKILO  PRIMARY SCHOOL
PS2402041,IPANGO PRIMARY SCHOOL
PS2402040,IPARAMASA PRIMARY SCHOOL
PS2402042,ITALE PRIMARY SCHOOL
PS2402044,ITANGA PRIMARY SCHOOL
PS2402096,IZENGA PRIMARY SCHOOL
PS2402150,IZUMANGABO PRIMARY SCHOOL
PS2402045,JAHAZI PRIMARY SCHOOL
PS2402109,JUHUDI PRIMARY SCHOOL
PS2402019,KABANTANGE PRIMARY SCHOOL
PS2402046,KACHWAMBA PRIMARY SCHOOL
PS2402043,KAHUMO PRIMARY SCHOOL
PS2402049,KAKANSHE PRIMARY SCHOOL
PS2402051,KAKENENO PRIMARY SCHOOL
PS2402052,KALEBEZO PRIMARY SCHOOL
PS2402053,KALEMA PRIMARY SCHOOL
PS2402147,KALEMANI PRIMARY SCHOOL
PS2402054,KALEMBELA PRIMARY SCHOOL
PS2402055,KAMANGA PRIMARY SCHOOL
PS2402056,KANYAMA PRIMARY SCHOOL
PS2402057,KANYINDO PRIMARY SCHOOL
PS2402058,KASALA PRIMARY SCHOOL
PS2402060,KASENGA PRIMARY SCHOOL
PS2402164,KASENI PRIMARY SCHOOL
PS2402062,KATALE PRIMARY SCHOOL
PS2402159,KATEMI PRIMARY SCHOOL
PS2402063,KATEMWA PRIMARY SCHOOL
PS2402065,KATENDE PRIMARY SCHOOL
PS2402067,KATETE  PRIMARY SCHOOL
PS2402160,KATOMA PRIMARY SCHOOL
PS2402069,KAWIMYOLE PRIMARY SCHOOL
PS2402070,KIBEHE PRIMARY SCHOOL
PS2402072,KIBUMBA PRIMARY SCHOOL
PS2402061,KIHULA PRIMARY SCHOOL
PS2402050,KIKUMBAITALE PRIMARY SCHOOL
PS2402074,KINSABE PRIMARY SCHOOL
PS2402075,KISESA PRIMARY SCHOOL
PS2402076,KITELA PRIMARY SCHOOL
PS2402077,LUDEBA PRIMARY SCHOOL
PS2402002,LUSAMI PRIMARY SCHOOL
PS2402137,LUSUNGWA PRIMARY SCHOOL
PS2402078,MABILA PRIMARY SCHOOL
PS2402016,MAENDELEO PRIMARY SCHOOL
PS2402080,MAGIRI PRIMARY SCHOOL
PS2402081,MAGUFULI PRIMARY SCHOOL
PS2402082,MAJENGO PRIMARY SCHOOL
PS2402083,MAKURUGUSI PRIMARY SCHOOL
PS2402059,MALEBE PRIMARY SCHOOL
PS2402084,MAPINDUZI PRIMARY SCHOOL
PS2402071,MASASI PRIMARY SCHOOL
PS2402151,MATOGOLO PRIMARY SCHOOL
PS2402086,MAWENI PRIMARY SCHOOL
PS2402087,MBUYE PRIMARY SCHOOL
PS2402141,MHOLOLO PRIMARY SCHOOL
PS2402089,MIEMBENI PRIMARY SCHOOL
PS2402090,MINKOTO PRIMARY SCHOOL
PS2402068,MKOLANI PRIMARY SCHOOL
PS2402092,MKUNGO PRIMARY SCHOOL
PS2402138,MKUYUNI PRIMARY SCHOOL
PS2402093,MNEKEZI PRIMARY SCHOOL
PS2402154,MPOGOLONI PRIMARY SCHOOL
PS2402094,MTAKUJA PRIMARY SCHOOL
PS2402064,MUGANZA PRIMARY SCHOOL
PS2402095,MURANDA PRIMARY SCHOOL
PS2402097,MURUMBA PRIMARY SCHOOL
PS2402158,MURUMBANI  PRIMARY SCHOOL
PS2402098,MUSASA PRIMARY SCHOOL
PS2402145,MUSEVEN PRIMARY SCHOOL
PS2402099,MUTUNDU PRIMARY SCHOOL
PS2402100,MUUNGANO PRIMARY SCHOOL
PS2402101,MWABAGALU PRIMARY SCHOOL
PS2402066,MWABALUHI PRIMARY SCHOOL
PS2402102,MWABASABI PRIMARY SCHOOL
PS2402103,MWANGAZA PRIMARY SCHOOL
PS2402104,MWEKAKO PRIMARY SCHOOL
PS2402105,MWENDAKULIMA PRIMARY SCHOOL
PS2402079,MWENGE PRIMARY SCHOOL
PS2402134,NEW JERUSALEM PRIMARY SCHOOL
PS2402152,NEW STAR PRIMARY SCHOOL
PS2402146,NGUVUMOJA PRIMARY SCHOOL
PS2402128,NYABILELE PRIMARY SCHOOL
PS2402107,NYABILEZI PRIMARY SCHOOL
PS2402108,NYABUGERA PRIMARY SCHOOL
PS2402110,NYAKAKARANGO PRIMARY SCHOOL
PS2402111,NYAKATO PRIMARY SCHOOL
PS2402144,NYAKAYONDWA PRIMARY SCHOOL
PS2402113,NYAMBITI PRIMARY SCHOOL
PS2402114,NYAMBOGO PRIMARY SCHOOL
PS2402148,NYAMIBANGA PRIMARY SCHOOL
PS2402115,NYAMIREMBE  PRIMARY SCHOOL
PS2402117,NYAMPALAHALA PRIMARY SCHOOL
PS2402118,NYANG'HOMANGO PRIMARY SCHOOL
PS2402119,NYANTIMBA PRIMARY SCHOOL
PS2402120,NYARUTEFYE PRIMARY SCHOOL
PS2402121,NYARUTEMBO PRIMARY SCHOOL
PS2402122,NYARUTUTU PRIMARY SCHOOL
PS2402140,NYARWERWE PRIMARY SCHOOL
PS2402123,NYISANZI PRIMARY SCHOOL
PS2402143,PARADISE JUNIOR PRIMARY SCHOOL
PS2402125,PARADISE PRIMARY SCHOOL
PS2402126,RUBAMBANGWE PRIMARY SCHOOL
PS2402011,RUMASA PRIMARY SCHOOL
PS2402127,RUTUNGURU PRIMARY SCHOOL
PS2402021,SALUGONGO PRIMARY SCHOOL
PS2402091,SILAYO PRIMARY SCHOOL
PS2402139,SONGAMBELE PRIMARY SCHOOL
PS2402129,TUMAINI PRIMARY SCHOOL
PS2402155,UJAMAA PRIMARY SCHOOL
PS2402085,UMOJA PRIMARY SCHOOL
PS2402023,ZANZIBAR PRIMARY SCHOOL
PS2404254,ABREN PRIMARY SCHOOL
PS2404001,AMANI PRIMARY SCHOOL
PS2404198,BAGAZA PRIMARY SCHOOL
PS2404183,BAHARI PRIMARY SCHOOL
PS2404002,BUFUNDA PRIMARY SCHOOL
PS2404184,BUGALAHINGA PRIMARY SCHOOL
PS2404003,BUGALAMA PRIMARY SCHOOL
PS2404154,BUGANDO PRIMARY SCHOOL
PS2404004,BUGOGO PRIMARY SCHOOL
PS2404219,BUGOMA PRIMARY SCHOOL
PS2404185,BUGONDE PRIMARY SCHOOL
PS2404005,BUGULULA PRIMARY SCHOOL
PS2404006,BUHANGIZI PRIMARY SCHOOL
PS2404007,BUKAYAGA PRIMARY SCHOOL
PS2404174,BUKOLI PRIMARY SCHOOL
PS2404008,BUKONDO PRIMARY SCHOOL
PS2404009,BULIGI PRIMARY SCHOOL
PS2404182,BUPANGA PRIMARY SCHOOL
PS2404010,BUSAKA PRIMARY SCHOOL
PS2404011,BUSANDA PRIMARY SCHOOL
PS2404012,BUSHISHI PRIMARY SCHOOL
PS2404013,BUTOBELA PRIMARY SCHOOL
PS2404014,BUTUNDWE PRIMARY SCHOOL
PS2404015,BUTWA PRIMARY SCHOOL
PS2404016,BUYAGU PRIMARY SCHOOL
PS2404213,BUYOMBE PRIMARY SCHOOL
PS2404017,BUZANAKI PRIMARY SCHOOL
PS2404018,BUZIBA PRIMARY SCHOOL
PS2404186,BWAWANI PRIMARY SCHOOL
PS2404199,BWESULE PRIMARY SCHOOL
PS2404161,BWEYA PRIMARY SCHOOL
PS2404019,CHANIKA PRIMARY SCHOOL
PS2404020,CHANKORONGO PRIMARY SCHOOL
PS2404187,CHANKUNGU PRIMARY SCHOOL
PS2404164,CHELAMENO PRIMARY SCHOOL
PS2404021,CHEMAMBA PRIMARY SCHOOL
PS2404022,CHIBINGO PRIMARY SCHOOL
PS2404023,CHIGUNGA PRIMARY SCHOOL
PS2404024,CHIKOBE PRIMARY SCHOOL
PS2404214,ELIMIKA PRIMARY SCHOOL
PS2404025,FULWE PRIMARY SCHOOL
PS2404026,IBISABAGENI PRIMARY SCHOOL
PS2404027,IBONDO PRIMARY SCHOOL
PS2404188,IBOZYAMAGIGO PRIMARY SCHOOL
PS2404028,IDOSELO PRIMARY SCHOOL
PS2404029,IGAKA PRIMARY SCHOOL
PS2404157,IGANDO PRIMARY SCHOOL
PS2404030,IGATE PRIMARY SCHOOL
PS2404031,IHEGA PRIMARY SCHOOL
PS2404200,IHEMELO PRIMARY SCHOOL
PS2404032,IHUMILO PRIMARY SCHOOL
PS2404033,IKANDILO PRIMARY SCHOOL
PS2404201,IKIGIJO PRIMARY SCHOOL
PS2404034,IKINA PRIMARY SCHOOL
PS2404035,ILANGASIKA PRIMARY SCHOOL
PS2404036,ILILIKA PRIMARY SCHOOL
PS2404189,IMALAMAWAZO PRIMARY SCHOOL
PS2404037,IMALAMPAKA PRIMARY SCHOOL
PS2404190,IMALANGUZU PRIMARY SCHOOL
PS2404038,INYALA PRIMARY SCHOOL
PS2404202,IPONYAMAKALAI PRIMARY SCHOOL
PS2404039,ISABILO PRIMARY SCHOOL
PS2404040,ISAMILO PRIMARY SCHOOL
PS2404041,ISENI PRIMARY SCHOOL
PS2404158,ISHIMBA PRIMARY SCHOOL
PS2404042,ISIMA PRIMARY SCHOOL
PS2404173,ISINGILO PRIMARY SCHOOL
PS2404043,ISULWABUTUNDWE PRIMARY SCHOOL
PS2404044,ITALE PRIMARY SCHOOL
PS2404045,IZUMACHELI PRIMARY SCHOOL
PS2404243,JINERI PRIMARY SCHOOL
PS2404046,KABAYOLE PRIMARY SCHOOL
PS2404047,KABUGOZO PRIMARY SCHOOL
PS2404048,KADUDA PRIMARY SCHOOL
PS2404049,KAGEYE PRIMARY SCHOOL
PS2404050,KAGULUMULWINA PRIMARY SCHOOL
PS2404051,KAKUBILO PRIMARY SCHOOL
PS2404052,KAMENA PRIMARY SCHOOL
PS2404053,KAMHANGA PRIMARY SCHOOL
PS2404175,KAMLALE PRIMARY SCHOOL
PS2404054,KANYALU PRIMARY SCHOOL
PS2404163,KAPAPANI PRIMARY SCHOOL
PS2404055,KASEME PRIMARY SCHOOL
PS2404056,KASENI PRIMARY SCHOOL
PS2404057,KASESA PRIMARY SCHOOL
PS2404058,KASHISHI PRIMARY SCHOOL
PS2404059,KASOTA PRIMARY SCHOOL
PS2404060,KASUNGAMILE PRIMARY SCHOOL
PS2404061,KATANGALO PRIMARY SCHOOL
PS2404062,KATOMA PRIMARY SCHOOL
PS2404063,KATORO PRIMARY SCHOOL
PS2404064,KAWAWA PRIMARY SCHOOL
PS2404065,KIBWELA PRIMARY SCHOOL
PS2404066,KIFUFU PRIMARY SCHOOL
PS2404067,KILIMANI PRIMARY SCHOOL
PS2404068,KILOMBERO PRIMARY SCHOOL
PS2404069,KISHINDA PRIMARY SCHOOL
PS2404070,KITIGIRI PRIMARY SCHOOL
PS2404160,KIZIBA PRIMARY SCHOOL
PS2404226,KOMBESI PRIMARY SCHOOL
PS2404176,KONGOBALE PRIMARY SCHOOL
PS2404203,LISHE PRIMARY SCHOOL
PS2404071,LUBANDA PRIMARY SCHOOL
PS2404072,LUBANGA PRIMARY SCHOOL
PS2404159,LUDETE PRIMARY SCHOOL
PS2404073,LUHARA PRIMARY SCHOOL
PS2404074,LUHUHA PRIMARY SCHOOL
PS2404177,LUKAYA PRIMARY SCHOOL
PS2404156,LUKUMBO PRIMARY SCHOOL
PS2404075,LULAMA PRIMARY SCHOOL
PS2404215,LULEGEYA PRIMARY SCHOOL
PS2404076,LUTELANGOMA PRIMARY SCHOOL
PS2404204,LUTENGA PRIMARY SCHOOL
PS2404077,LUTOZO PRIMARY SCHOOL
PS2404078,LWAKAKOMBE PRIMARY SCHOOL
PS2404079,LWAMGASA PRIMARY SCHOOL
PS2404080,LWAMWIZO PRIMARY SCHOOL
PS2404155,LWEMO PRIMARY SCHOOL
PS2404081,LWENAZI PRIMARY SCHOOL
PS2404082,LWENGE PRIMARY SCHOOL
PS2404083,LWEZERA PRIMARY SCHOOL
PS2404084,LWINA PRIMARY SCHOOL
PS2404191,MAGANGO PRIMARY SCHOOL
PS2404085,MAGENGE PRIMARY SCHOOL
PS2404205,MAKATANI PRIMARY SCHOOL
PS2404086,MAKURUGUSI PRIMARY SCHOOL
PS2404087,MAPINDUZI PRIMARY SCHOOL
PS2404228,MASUMVE PRIMARY SCHOOL
PS2404166,MAWEMERU PRIMARY SCHOOL
PS2404192,MBEGETE PRIMARY SCHOOL
PS2404178,MCHONGOMANI  PRIMARY SCHOOL
PS2404238,MDUHANI PRIMARY SCHOOL
PS2404162,MEMBE PRIMARY SCHOOL
PS2404206,MHANDE PRIMARY SCHOOL
PS2404088,MHARAMBA PRIMARY SCHOOL
PS2404216,MJIMWEMA PRIMARY SCHOOL
PS2404089,MKAPA PRIMARY SCHOOL
PS2404090,MKOLANI PRIMARY SCHOOL
PS2404091,MLIMANI PRIMARY SCHOOL
PS2404092,MNEKEZI PRIMARY SCHOOL
PS2404167,MNYALA PRIMARY SCHOOL
PS2404093,MSASA PRIMARY SCHOOL
PS2404181,MSUFINI PRIMARY SCHOOL
PS2404193,MTAKUJA PRIMARY SCHOOL
PS2404094,MTONI PRIMARY SCHOOL
PS2404095,MUUNGANO PRIMARY SCHOOL
PS2404241,MWABAGENI PRIMARY SCHOOL
PS2404096,MWALONI PRIMARY SCHOOL
PS2404217,MWALUBELE PRIMARY SCHOOL
PS2404097,MWAMITILWA PRIMARY SCHOOL
PS2404240,MWANGAZA PRIMARY SCHOOL
PS2404098,MWENEGEZA PRIMARY SCHOOL
PS2404099,MWENGE PRIMARY SCHOOL
PS2404100,NDELEMA PRIMARY SCHOOL
PS2404153,NGULA PRIMARY SCHOOL
PS2404101,NG'WABAGALU PRIMARY SCHOOL
PS2404102,NG'WAGULULI PRIMARY SCHOOL
PS2404103,NJINGAMI PRIMARY SCHOOL
PS2404104,NKOME PRIMARY SCHOOL
PS2404207,NTINACHI PRIMARY SCHOOL
PS2404105,NTONO PRIMARY SCHOOL
PS2404165,NUNGWE PRIMARY SCHOOL
PS2404106,NYABALASANA PRIMARY SCHOOL
PS2404107,NYABULOLO PRIMARY SCHOOL
PS2404108,NYACHILULUMA PRIMARY SCHOOL
PS2404109,NYAKADUHA PRIMARY SCHOOL
PS2404168,NYAKAFULO PRIMARY SCHOOL
PS2404110,NYAKAGOMBA PRIMARY SCHOOL
PS2404111,NYAKAGWE PRIMARY SCHOOL
PS2404112,NYAKAMWAGA PRIMARY SCHOOL
PS2404113,NYAKASENYA PRIMARY SCHOOL
PS2404208,NYAKASOMA PRIMARY SCHOOL
PS2404114,NYAKAZEZE PRIMARY SCHOOL
PS2404115,NYALUBANGA PRIMARY SCHOOL
PS2404242,NYALUHAMA PRIMARY SCHOOL
PS2404116,NYALWANZAJA PRIMARY SCHOOL
PS2404169,NYAMALELE PRIMARY SCHOOL
PS2404117,NYAMALIMBE PRIMARY SCHOOL
PS2404118,NYAMALULU PRIMARY SCHOOL
PS2404119,NYAMAZONDOLIMA PRIMARY SCHOOL
PS2404120,NYAMBAYA PRIMARY SCHOOL
PS2404121,NYAMBOGE PRIMARY SCHOOL
PS2404122,NYAMIBOGA PRIMARY SCHOOL
PS2404123,NYAMIGANA PRIMARY SCHOOL
PS2404124,NYAMIGOGO PRIMARY SCHOOL
PS2404125,NYAMIGOTA PRIMARY SCHOOL
PS2404126,NYAMILYANGO PRIMARY SCHOOL
PS2404127,NYAMISEBEI PRIMARY SCHOOL
PS2404128,NYAMSENGA PRIMARY SCHOOL
PS2404209,NYAMTONDO PRIMARY SCHOOL
PS2404129,NYAMTUNDU PRIMARY SCHOOL
PS2404130,NYAMWILOLELWA PRIMARY SCHOOL
PS2404152,NYANDAGO PRIMARY SCHOOL
PS2404131,NYANG'HANGA PRIMARY SCHOOL
PS2404132,NYANKONGOCHORO PRIMARY SCHOOL
PS2404194,NYANSALALA PRIMARY SCHOOL
PS2404133,NYANSALWA PRIMARY SCHOOL
PS2404134,NYANTIKA PRIMARY SCHOOL
PS2404135,NYARUGUSU PRIMARY SCHOOL
PS2404136,NYARUYEYE PRIMARY SCHOOL
PS2404210,NYARUZUGUTI PRIMARY SCHOOL
PS2404137,NYASEKI PRIMARY SCHOOL
PS2404138,NYASHIHIMA PRIMARY SCHOOL
PS2404139,NYAWILIMILWA PRIMARY SCHOOL
PS2404195,NYIHUMBA PRIMARY SCHOOL
PS2404211,NYIKONGA PRIMARY SCHOOL
PS2404140,NZERA PRIMARY SCHOOL
PS2404212,RUBONDO PRIMARY SCHOOL
PS2404234,SAFINA GEITA PRIMARY SCHOOL
PS2404141,SANZA PRIMARY SCHOOL
PS2404142,SARAGULWA PRIMARY SCHOOL
PS2404143,SENGA PRIMARY SCHOOL
PS2404144,SHAHENDE PRIMARY SCHOOL
PS2404145,SHILABELA PRIMARY SCHOOL
PS2404179,SIMBACHAWENE PRIMARY SCHOOL
PS2404170,SONGAMBELE PRIMARY SCHOOL
PS2404171,ST. JOSEPH THE WORKER PRIMARY SCHOOL
PS2404196,SUNGUSILA PRIMARY SCHOOL
PS2404146,TEMBO PRIMARY SCHOOL
PS2404147,TOLOGO PRIMARY SCHOOL
PS2404148,UHURU PRIMARY SCHOOL
PS2404233,UMMY MWALIMU PRIMARY SCHOOL
PS2404197,WEBSONG PRIMARY SCHOOL
PS2404172,WEMA PRIMARY SCHOOL
PS2404149,WIGO PRIMARY SCHOOL
PS2404150,ZAHANATI PRIMARY SCHOOL
PS2404151,ZIWANI PRIMARY SCHOOL
PS2403071,14 KAMBARAGE PRIMARY SCHOOL
PS2403073,AL-HUDA PRIMARY SCHOOL
PS2403069,AL-MTAKUJA PRIMARY SCHOOL
PS2403001,ALOYSIUS PRIMARY SCHOOL
PS2403062,AMASHAK PRIMARY SCHOOL
PS2403089,APEX MWALIMU PRIMARY SCHOOL
PS2403057,AVE MARIA PRIMARY SCHOOL
PS2403093,BIDII PRIMARY SCHOOL
PS2403065,BOMBAMBILI PRIMARY SCHOOL
PS2403002,BUHALAHALA PRIMARY SCHOOL
PS2403003,BULELA PRIMARY SCHOOL
PS2403004,BUMANJI PRIMARY SCHOOL
PS2403005,BUNEGEZI PRIMARY SCHOOL
PS2403006,BUNG'WANGOKO PRIMARY SCHOOL
PS2403007,CHABULONGO PRIMARY SCHOOL
PS2403058,ELISHADAI PRIMARY SCHOOL
PS2403054,EMACO VISION PRIMARY SCHOOL
PS2403008,FTM PRIMARY SCHOOL
PS2403009,GAMASHI PRIMARY SCHOOL
PS2403064,GEITA ADVENTIST PRIMARY SCHOOL
PS2403010,GEITA PRIMARY SCHOOL
PS2403087,GOLDEN VALLEY MODERN PRIMARY SCHOOL
PS2403011,GOLDEN VALLEY PRIMARY SCHOOL
PS2403012,IBANDA PRIMARY SCHOOL
PS2403013,IGENGE PRIMARY SCHOOL
PS2403014,IGWATA PRIMARY SCHOOL
PS2403015,IKULWA PRIMARY SCHOOL
PS2403085,ISENI PRIMARY SCHOOL
PS2403090,JUHUDI PRIMARY SCHOOL
PS2403074,KABUYOMBO PRIMARY SCHOOL
PS2403067,KAKONDA PRIMARY SCHOOL
PS2403016,KALANGALALA PRIMARY SCHOOL
PS2403017,KANYALA PRIMARY SCHOOL
PS2403018,KASAMWA PRIMARY SCHOOL
PS2403075,KASENI PRIMARY SCHOOL
PS2403019,KIVUKONI PRIMARY SCHOOL
PS2403070,KUKULUMA PRIMARY SCHOOL
PS2403020,LUKARANGA PRIMARY SCHOOL
PS2403092,MAGOGO PRIMARY SCHOOL
PS2403072,MAGUZU PRIMARY SCHOOL
PS2403066,MANGA PRIMARY SCHOOL
PS2403021,MBABANI PRIMARY SCHOOL
PS2403022,MBUGANI PRIMARY SCHOOL
PS2403023,MGUSU PRIMARY SCHOOL
PS2403024,MKOANI PRIMARY SCHOOL
PS2403025,MKOBA PRIMARY SCHOOL
PS2403097,MLIMANI PRIMARY SCHOOL
PS2403026,MPOMVU PRIMARY SCHOOL
PS2403052,MRISHO PRIMARY SCHOOL
PS2403027,MSETO PRIMARY SCHOOL
PS2403076,MSHIKAMANO PRIMARY SCHOOL
PS2403028,MSHINDE PRIMARY SCHOOL
PS2403029,MWAGIMAGI PRIMARY SCHOOL
PS2403030,MWATULOLE PRIMARY SCHOOL
PS2403031,MWILIMA PRIMARY SCHOOL
PS2403056,NGUZOMBILI PRIMARY SCHOOL
PS2403032,NOBLE BRIDGE PRIMARY SCHOOL
PS2403033,NYABUBELE PRIMARY SCHOOL
PS2403034,NYAKABALE PRIMARY SCHOOL
PS2403053,NYAKAHENGELE PRIMARY SCHOOL
PS2403035,NYAKAHONGOLA PRIMARY SCHOOL
PS2403036,NYAKATO PRIMARY SCHOOL
PS2403037,NYAMAHUNA PRIMARY SCHOOL
PS2403038,NYAMALEMBO PRIMARY SCHOOL
PS2403039,NYAMBOGO PRIMARY SCHOOL
PS2403040,NYAMPA PRIMARY SCHOOL
PS2403041,NYANGUKU PRIMARY SCHOOL
PS2403042,NYANKUMBU PRIMARY SCHOOL
PS2403077,NYANTINDILI PRIMARY SCHOOL
PS2403043,NYANTOROTORO PRIMARY SCHOOL
PS2403044,NYANZA PRIMARY SCHOOL
PS2403045,NYASEKE PRIMARY SCHOOL
PS2403061,PEMMA ELITE PRIMARY SCHOOL
PS2403050,PRECIOUS BLOOD PRIMARY SCHOOL
PS2403046,RICH HILL PRIMARY SCHOOL
PS2403055,ROYAL FAMILY PRIMARY SCHOOL
PS2403086,SAMANDITO JUNIOR PRIMARY SCHOOL
PS2403060,SAMANDITO PRIMARY SCHOOL
PS2403047,SHINAMWENDWA PRIMARY SCHOOL
PS2403048,SIMBAGUJI PRIMARY SCHOOL
PS2403063,TRUE VISION PRIMARY SCHOOL
PS2403068,TUMAINI PRIMARY SCHOOL
PS2403049,UKOMBOZI PRIMARY SCHOOL
PS2403078,UWANJA PRIMARY SCHOOL
PS2403051,WAJA SPRINGS PRIMARY SCHOOL
PS2403088,YEANA PRIMARY SCHOOL
PS2405083,AARDVARK PRIMARY SCHOOL
PS2405092,AVE MARIA PRIMARY SCHOOL
PS2405084,BRILLIANT PRIMARY SCHOOL
PS2405001,BUDODA PRIMARY SCHOOL
PS2405002,BUGALAGALA PRIMARY SCHOOL
PS2405081,BUGOMBA PRIMARY SCHOOL
PS2405003,BUKANDWE PRIMARY SCHOOL
PS2405004,BULILILA PRIMARY SCHOOL
PS2405005,BULUGALA PRIMARY SCHOOL
PS2405006,BULUHE PRIMARY SCHOOL
PS2405007,BUNIGONZI PRIMARY SCHOOL
PS2405008,BUNYIHUNA PRIMARY SCHOOL
PS2405009,BUSABAGA PRIMARY SCHOOL
PS2405010,BUSAMBILO PRIMARY SCHOOL
PS2405011,BUTIMBA PRIMARY SCHOOL
PS2405012,BUZIGOZIGO PRIMARY SCHOOL
PS2405013,BUZIGULA PRIMARY SCHOOL
PS2405014,BWENDAMWIZO PRIMARY SCHOOL
PS2405015,BWENDASEKO PRIMARY SCHOOL
PS2405016,IBAMBULA PRIMARY SCHOOL
PS2405091,IGALULA PRIMARY SCHOOL
PS2405017,IKOBE PRIMARY SCHOOL
PS2405018,IKUNGUIGAZI PRIMARY SCHOOL
PS2405019,ILANGALE PRIMARY SCHOOL
PS2405020,ILOLANGULU PRIMARY SCHOOL
PS2405021,IPONYA PRIMARY SCHOOL
PS2405022,ISEBYA PRIMARY SCHOOL
PS2405085,ISENENGEJA  PRIMARY SCHOOL
PS2405023,ISHIGAMVA PRIMARY SCHOOL
PS2405024,ISUNGABULA PRIMARY SCHOOL
PS2405025,ITIMBYA PRIMARY SCHOOL
PS2405026,IVUMWA PRIMARY SCHOOL
PS2405095,JAMHURI PRIMARY SCHOOL
PS2405027,KABANGA PRIMARY SCHOOL
PS2405028,KAGERA PRIMARY SCHOOL
PS2405029,KAKOLA-MBOGWE PRIMARY SCHOOL
PS2405030,KAKUMBI PRIMARY SCHOOL
PS2405031,KANEGERE PRIMARY SCHOOL
PS2405032,KASAKA PRIMARY SCHOOL
PS2405080,KASANDALALA PRIMARY SCHOOL
PS2405033,KASHELO PRIMARY SCHOOL
PS2405093,KASOSOBE PRIMARY SCHOOL
PS2405094,KILIMAHEWA PRIMARY SCHOOL
PS2405034,KISEKE PRIMARY SCHOOL
PS2405035,KISUMO PRIMARY SCHOOL
PS2405087,LOEN  PRIMARY SCHOOL
PS2405036,LUBEHO PRIMARY SCHOOL
PS2405037,LUGUNGA PRIMARY SCHOOL
PS2405038,LUHALA PRIMARY SCHOOL
PS2405039,LULEMBELA PRIMARY SCHOOL
PS2405098,MAGUFULI  PRIMARY SCHOOL
PS2405040,MAGUTA PRIMARY SCHOOL
PS2405077,MAJENGO PRIMARY SCHOOL
PS2405041,MAPINDUZI PRIMARY SCHOOL
PS2405042,MASUMBWE PRIMARY SCHOOL
PS2405043,MBOGWE PRIMARY SCHOOL
PS2405044,MGAYA PRIMARY SCHOOL
PS2405045,MKAPA PRIMARY SCHOOL
PS2405046,MLALE PRIMARY SCHOOL
PS2405047,MLANGE PRIMARY SCHOOL
PS2405096,MNARANI PRIMARY SCHOOL
PS2405048,MPAKALI PRIMARY SCHOOL
PS2405049,MPONDA PRIMARY SCHOOL
PS2405050,MSENDAMILA PRIMARY SCHOOL
PS2405090,MTAKUJA PRIMARY SCHOOL
PS2405051,MUBAMBA PRIMARY SCHOOL
PS2405052,MUGELELE PRIMARY SCHOOL
PS2405079,MUUNGANO PRIMARY SCHOOL
PS2405053,MWABUKWALULE PRIMARY SCHOOL
PS2405054,MWAGIMAGI PRIMARY SCHOOL
PS2405055,MWANZA PRIMARY SCHOOL
PS2405056,MWINGILO PRIMARY SCHOOL
PS2405057,NANDA PRIMARY SCHOOL
PS2405058,NGEMO PRIMARY SCHOOL
PS2405059,NGEZI PRIMARY SCHOOL
PS2405060,NHOMOLWA PRIMARY SCHOOL
PS2405061,NHUNGWIZA PRIMARY SCHOOL
PS2405062,NSANGO PRIMARY SCHOOL
PS2405064,NYAKAFULU PRIMARY SCHOOL
PS2405065,NYAKASALUMA PRIMARY SCHOOL
PS2405066,NYAMBUBI PRIMARY SCHOOL
PS2405067,NYAMIMBI PRIMARY SCHOOL
PS2405063,NYANG'HOLONGO PRIMARY SCHOOL
PS2405068,NYANG'HWALE PRIMARY SCHOOL
PS2405069,NYANHWIGA PRIMARY SCHOOL
PS2405070,NYASATO PRIMARY SCHOOL
PS2405071,NYASHIMBA PRIMARY SCHOOL
PS2405072,NYASHINGE PRIMARY SCHOOL
PS2405073,NYERERE PRIMARY SCHOOL
PS2405082,NYIKONGA PRIMARY SCHOOL
PS2405074,NYITUNDU PRIMARY SCHOOL
PS2405099,SAMIA PRIMARY SCHOOL
PS2405089,SHALOM PRIMARY SCHOOL
PS2405075,SHENDA PRIMARY SCHOOL
PS2405086,SONGAMBELE  PRIMARY SCHOOL
PS2405078,UHURU PRIMARY SCHOOL
PS2405076,USHETU-MBOGWE PRIMARY SCHOOL
PS2405088,WIGRARET PRIMARY SCHOOL
PS2406056,ALBERT MNALI PRIMARY SCHOOL
PS2406061,BEYA PRIMARY SCHOOL
PS2406001,BUJULA PRIMARY SCHOOL
PS2406059,BUKULU PRIMARY SCHOOL
PS2406002,BUKUNGU PRIMARY SCHOOL
PS2406003,BUKWIMBA PRIMARY SCHOOL
PS2406004,BULANGALE PRIMARY SCHOOL
PS2406005,BULULU PRIMARY SCHOOL
PS2406006,BUMANDA PRIMARY SCHOOL
PS2406007,BUPAMBA PRIMARY SCHOOL
PS2406066,BUSENGWA PRIMARY SCHOOL
PS2406008,BUSOLWA PRIMARY SCHOOL
PS2406055,GULUMBAI PRIMARY SCHOOL
PS2406060,HUSSEIN NASORO PRIMARY SCHOOL
PS2406009,IBAMBILA PRIMARY SCHOOL
PS2406010,IFUGANDI PRIMARY SCHOOL
PS2406011,IHUSHI PRIMARY SCHOOL
PS2406012,IKANGALA PRIMARY SCHOOL
PS2406058,ISOLABUPINA PRIMARY SCHOOL
PS2406013,ISONDA PRIMARY SCHOOL
PS2406014,ITETEMIA PRIMARY SCHOOL
PS2406015,IYENZE PRIMARY SCHOOL
PS2406016,IYOGELO PRIMARY SCHOOL
PS2406017,IZUNYA PRIMARY SCHOOL
PS2406018,KABOHA PRIMARY SCHOOL
PS2406019,KAFITA PRIMARY SCHOOL
PS2406020,KAKORA PRIMARY SCHOOL
PS2406035,KANEGELE PRIMARY SCHOOL
PS2406021,KASUBUYA PRIMARY SCHOOL
PS2406022,KAYENZE PRIMARY SCHOOL
PS2406023,KHARUMWA PRIMARY SCHOOL
PS2406024,KIKWETE PRIMARY SCHOOL
PS2406025,KITONGO PRIMARY SCHOOL
PS2406026,KONA PRIMARY SCHOOL
PS2406027,LUBANDO PRIMARY SCHOOL
PS2406028,LUSHIMBA PRIMARY SCHOOL
PS2406029,LYULU PRIMARY SCHOOL
PS2406030,MABOGO PRIMARY SCHOOL
PS2406065,MADULU PRIMARY SCHOOL
PS2406064,MAGUFULI PRIMARY SCHOOL
PS2406031,MHAMA PRIMARY SCHOOL
PS2406032,MIMBILI PRIMARY SCHOOL
PS2406033,MWAMAKILIGA PRIMARY SCHOOL
PS2406034,MWINGIRO PRIMARY SCHOOL
PS2406057,NGELELA PRIMARY SCHOOL
PS2406036,NG'WEJA PRIMARY SCHOOL
PS2406037,NHWIGA PRIMARY SCHOOL
PS2406038,NUNDU PRIMARY SCHOOL
PS2406039,NYABULANDA PRIMARY SCHOOL
PS2406040,NYAKASWI PRIMARY SCHOOL
PS2406063,NYAMAKALA PRIMARY SCHOOL
PS2406041,NYAMGOGWA PRIMARY SCHOOL
PS2406042,NYAMIKONZE PRIMARY SCHOOL
PS2406043,NYAMTUKUZA PRIMARY SCHOOL
PS2406044,NYANGALAMILA PRIMARY SCHOOL
PS2406045,NYANG'HOLONGO PRIMARY SCHOOL
PS2406047,NYANG'HWALE-'A' PRIMARY SCHOOL
PS2406046,NYANG'HWALE-'B' PRIMARY SCHOOL
PS2406048,NYARUBELE PRIMARY SCHOOL
PS2406049,NYARUGUGUNA PRIMARY SCHOOL
PS2406050,NYIJUNDU PRIMARY SCHOOL
PS2406051,SHABAKA PRIMARY SCHOOL
PS2406052,SHIBALANGA PRIMARY SCHOOL
PS2406053,SHIBUMBA PRIMARY SCHOOL
PS2406062,SHIGUNGUMULI PRIMARY SCHOOL
PS2406054,WAVU PRIMARY SCHOOL
PS2406067,WENZULA PRIMARY SCHOOL
PS2501043,IBELAMAFIPA PRIMARY SCHOOL
PS2501041,IGOMBE PRIMARY SCHOOL
PS2501004,ILELA PRIMARY SCHOOL
PS2501005,ILUNDE PRIMARY SCHOOL
PS2501003,IMALAUDUKI PRIMARY SCHOOL
PS2501006,INYONGA PRIMARY SCHOOL
PS2501002,IZENGA PRIMARY SCHOOL
PS2501042,KAFULU PRIMARY SCHOOL
PS2501039,KALOVYA PRIMARY SCHOOL
PS2501009,KAMALAMPAKA PRIMARY SCHOOL
PS2501010,KAMSISI PRIMARY SCHOOL
PS2501008,KAMWELWE PRIMARY SCHOOL
PS2501044,KANKELELE PRIMARY SCHOOL
PS2501045,KAULOLO PRIMARY SCHOOL
PS2501015,KUSA PRIMARY SCHOOL
PS2501020,MAPILI PRIMARY SCHOOL
PS2501021,MASIGO PRIMARY SCHOOL
PS2501023,MGOMBE PRIMARY SCHOOL
PS2501014,MLELE PRIMARY SCHOOL
PS2501007,MLOGOLO PRIMARY SCHOOL
PS2501028,MTAKUJA PRIMARY SCHOOL
PS2501031,NSENKWA PRIMARY SCHOOL
PS2501040,SONGAMBELE PRIMARY SCHOOL
PS2501046,UKOMBOZI PRIMARY SCHOOL
PS2501011,ULYAMBOGO PRIMARY SCHOOL
PS2501001,UTENDE PRIMARY SCHOOL
PS2501038,WACHAWASEME PRIMARY SCHOOL
PS2502001,AZIMIO PRIMARY SCHOOL
PS2502027,DIRIFU PRIMARY SCHOOL
PS2502002,ILEMBO PRIMARY SCHOOL
PS2502036,KABWAGA PRIMARY SCHOOL
PS2502003,KAKESE PRIMARY SCHOOL
PS2502004,KAMAKUKA PRIMARY SCHOOL
PS2502048,KAPUFI PRIMARY SCHOOL
PS2502005,KASHATO PRIMARY SCHOOL
PS2502006,KASHAULILI PRIMARY SCHOOL
PS2502007,KASIMBA PRIMARY SCHOOL
PS2502054,KASISIWE PRIMARY SCHOOL
PS2502028,KASOKOLA PRIMARY SCHOOL
PS2502008,KATAVI PRIMARY SCHOOL
PS2502053,KAWAJENSE PRIMARY SCHOOL
PS2502024,KAWANZIGE PRIMARY SCHOOL
PS2502055,KAZIMA PRIMARY SCHOOL
PS2502025,KIVUKONI PRIMARY SCHOOL
PS2502029,MAGAMBA PRIMARY SCHOOL
PS2502009,MAJENGO PRIMARY SCHOOL
PS2502010,MAKANYAGIO PRIMARY SCHOOL
PS2502037,MAKONGOLO PRIMARY SCHOOL
PS2502030,MANGA PRIMARY SCHOOL
PS2502011,MAPINDUZI PRIMARY SCHOOL
PS2502040,MARY IMMACULATE PRIMARY SCHOOL
PS2502012,MBUGANI PRIMARY SCHOOL
PS2502045,MIGAZINI PRIMARY SCHOOL
PS2502031,MILALA PRIMARY SCHOOL
PS2502013,MISUNKUMILO PRIMARY SCHOOL
PS2502026,MIZENGO PINDA PRIMARY SCHOOL
PS2502014,MKAPA PRIMARY SCHOOL
PS2502038,MKOKWA PRIMARY SCHOOL
PS2502047,MKWAJUNI PRIMARY SCHOOL
PS2502015,MPANDA PRIMARY SCHOOL
PS2502016,MSAKILA PRIMARY SCHOOL
PS2502032,MTAKUMBUKA PRIMARY SCHOOL
PS2502017,MUUNGANO PRIMARY SCHOOL
PS2502018,MWAMKULU PRIMARY SCHOOL
PS2502019,MWANGAZA PRIMARY SCHOOL
PS2502039,NSAMBWE PRIMARY SCHOOL
PS2502020,NSEMULWA PRIMARY SCHOOL
PS2502046,NSESO PRIMARY SCHOOL
PS2502021,NYERERE PRIMARY SCHOOL
PS2502034,NZELLA PRIMARY SCHOOL
PS2502035,REIMETA PRIMARY SCHOOL
PS2502041,SAYARI PRIMARY SCHOOL
PS2502022,SHANWE PRIMARY SCHOOL
PS2502042,SOMBIRO PRIMARY SCHOOL
PS2502044,SOMOLA PRIMARY SCHOOL
PS2502033,SUNGAMILA PRIMARY SCHOOL
PS2502056,TULIENI PRIMARY SCHOOL
PS2502023,UHURU PRIMARY SCHOOL
PS2505030,BULA PRIMARY SCHOOL
PS2505001,CHAMALENDI PRIMARY SCHOOL
PS2505002,IKUBA PRIMARY SCHOOL
PS2505003,IKULWE PRIMARY SCHOOL
PS2505004,ILALANGULU PRIMARY SCHOOL
PS2505034,ILUNDA PRIMARY SCHOOL
PS2505005,IZIWASUNGU PRIMARY SCHOOL
PS2505006,KABUNDE PRIMARY SCHOOL
PS2505007,KAKUNI PRIMARY SCHOOL
PS2505008,KANINDI PRIMARY SCHOOL
PS2505009,KASHISHI PRIMARY SCHOOL
PS2505032,KASIMA PRIMARY SCHOOL
PS2505037,KATETE PRIMARY SCHOOL
PS2505048,KAVUU PRIMARY SCHOOL
PS2505047,KIBAONI PRIMARY SCHOOL
PS2505010,KIKONKO PRIMARY SCHOOL
PS2505011,KILIDA PRIMARY SCHOOL
PS2505035,KITUPA PRIMARY SCHOOL
PS2505049,KIVUKONI PRIMARY SCHOOL
PS2505012,LUCHIMA PRIMARY SCHOOL
PS2505031,MAIMBA PRIMARY SCHOOL
PS2505013,MAJIMOTO PRIMARY SCHOOL
PS2505014,MAKUYUGU PRIMARY SCHOOL
PS2505015,MAMBA PRIMARY SCHOOL
PS2505016,MBEDE PRIMARY SCHOOL
PS2505040,MGOLOKA PRIMARY SCHOOL
PS2505033,MIGUNGA PRIMARY SCHOOL
PS2505017,MINYOSO PRIMARY SCHOOL
PS2505018,MIRUMBA PRIMARY SCHOOL
PS2505043,MISISI PRIMARY SCHOOL
PS2505019,MKUYUNI PRIMARY SCHOOL
PS2505020,MKWAJUNI PRIMARY SCHOOL
PS2505021,MSADYA PRIMARY SCHOOL
PS2505022,MWAMAPULI PRIMARY SCHOOL
PS2505023,MWAMATIGA PRIMARY SCHOOL
PS2505024,NTASWA PRIMARY SCHOOL
PS2505025,NYAMBWE PRIMARY SCHOOL
PS2505026,RUNGWA PRIMARY SCHOOL
PS2505027,TUPINDO PRIMARY SCHOOL
PS2505028,UKINGWAMINZI PRIMARY SCHOOL
PS2505029,USEVYA PRIMARY SCHOOL
PS2505036,VILOLO PRIMARY SCHOOL
PS2504001,BARUTI PRIMARY SCHOOL
PS2504063,BULANGWA PRIMARY SCHOOL
PS2504002,BULEMBO PRIMARY SCHOOL
PS2504056,FILIMULE PRIMARY SCHOOL
PS2504004,IBINDI PRIMARY SCHOOL
PS2504005,IKOLONGO PRIMARY SCHOOL
PS2504006,IKONDAMOYO PRIMARY SCHOOL
PS2504007,ISANJANDUGU PRIMARY SCHOOL
PS2504008,ISINDE PRIMARY SCHOOL
PS2504009,ITENKA 'A' PRIMARY SCHOOL
PS2504010,ITENKA 'B' PRIMARY SCHOOL
PS2504011,IVUNGWE PRIMARY SCHOOL
PS2504012,IWIMBI PRIMARY SCHOOL
PS2504013,KABUGA PRIMARY SCHOOL
PS2504014,KABURONGE PRIMARY SCHOOL
PS2504015,KAJEJE PRIMARY SCHOOL
PS2504068,KALELE PRIMARY SCHOOL
PS2504016,KALUNGU PRIMARY SCHOOL
PS2504017,KAMBUZI PRIMARY SCHOOL
PS2504065,KAMINI PRIMARY SCHOOL
PS2504018,KAMINULA PRIMARY SCHOOL
PS2504019,KANOGE PRIMARY SCHOOL
PS2504020,KAPALALA PRIMARY SCHOOL
PS2504022,KATISUNGA PRIMARY SCHOOL
PS2504023,KATUMBA PRIMARY SCHOOL
PS2504067,KAZAROHO PRIMARY SCHOOL
PS2504070,KISESA PRIMARY SCHOOL
PS2504057,LITAPUNGA PRIMARY SCHOOL
PS2504024,LUKAMA PRIMARY SCHOOL
PS2504077,MAKUTANIO PRIMARY SCHOOL
PS2504026,MANDELA PRIMARY SCHOOL
PS2504028,MATANDALANI PRIMARY SCHOOL
PS2504029,MIRAMBO PRIMARY SCHOOL
PS2504071,MKWAWA PRIMARY SCHOOL
PS2504030,MNYAKI PRIMARY SCHOOL
PS2504031,MNYAMASI PRIMARY SCHOOL
PS2504080,MOTOMOTO PRIMARY SCHOOL
PS2504032,MSAGINYA PRIMARY SCHOOL
PS2504079,MSHIHA  PRIMARY SCHOOL
PS2504062,MTAMBALALA PRIMARY SCHOOL
PS2504034,MTAMBO PRIMARY SCHOOL
PS2504035,MTAPENDA PRIMARY SCHOOL
PS2504036,MTISI PRIMARY SCHOOL
PS2504061,MUUNGANO PRIMARY SCHOOL
PS2504037,MWENGE PRIMARY SCHOOL
PS2504038,NDURUMO PRIMARY SCHOOL
PS2504039,NDUWI PRIMARY SCHOOL
PS2504052,NSANDA PRIMARY SCHOOL
PS2504055,NSIMBO PRIMARY SCHOOL
PS2504041,NZAGA PRIMARY SCHOOL
PS2504078,SHELESI PRIMARY SCHOOL
PS2504069,SIKWISI PRIMARY SCHOOL
PS2504042,SITALIKE PRIMARY SCHOOL
PS2504043,SOKOINE PRIMARY SCHOOL
PS2504044,SONGAMBELE PRIMARY SCHOOL
PS2504045,SONJA PRIMARY SCHOOL
PS2504047,TAMBAZI PRIMARY SCHOOL
PS2504048,TUKOMA PRIMARY SCHOOL
PS2504064,TULIENI PRIMARY SCHOOL
PS2504059,TUMAINI PRIMARY SCHOOL
PS2504049,UGALLA PRIMARY SCHOOL
PS2504081,UMOJA PRE AN DPRIMARY SCHOOL
PS2504050,URUWIRA PRIMARY SCHOOL
PS2504060,USENSE PRIMARY SCHOOL
PS2503001,BUGWE PRIMARY SCHOOL
PS2503002,BUJOMBE PRIMARY SCHOOL
PS2503003,BULAMATA PRIMARY SCHOOL
PS2503004,BUSONGOLA PRIMARY SCHOOL
PS2503062,IFINSI PRIMARY SCHOOL
PS2503005,IFUKUTWA PRIMARY SCHOOL
PS2503006,IFUMBULA PRIMARY SCHOOL
PS2503007,IGAGALA PRIMARY SCHOOL
PS2503070,IGALUKILO PRIMARY SCHOOL
PS2503008,IGALULA PRIMARY SCHOOL
PS2503071,IGUNGA PRIMARY SCHOOL
PS2503064,IKAKA PRIMARY SCHOOL
PS2503009,IKOLA PRIMARY SCHOOL
PS2503010,ILANGU PRIMARY SCHOOL
PS2503011,ILEBULA PRIMARY SCHOOL
PS2503061,IMALAUPINA PRIMARY SCHOOL
PS2503012,IPWAGA PRIMARY SCHOOL
PS2503013,ISENGA PRIMARY SCHOOL
PS2503014,ISENGULE PRIMARY SCHOOL
PS2503015,ISUBANGALA PRIMARY SCHOOL
PS2503016,ISUMBWE PRIMARY SCHOOL
PS2503053,ITETEMYA PRIMARY SCHOOL
PS2503017,ITUNYA PRIMARY SCHOOL
PS2503039,ITWANGA PRIMARY SCHOOL
PS2503066,KABAGE PRIMARY SCHOOL
PS2503018,KABANGA PRIMARY SCHOOL
PS2503080,KABATINI PRIMARY SCHOOL
PS2503019,KABUNGU PRIMARY SCHOOL
PS2503020,KAFISHA PRIMARY SCHOOL
PS2503067,KAFULU PRIMARY SCHOOL
PS2503054,KAGUNGA PRIMARY SCHOOL
PS2503081,KAHELELE PRIMARY SCHOOL
PS2503085,KAKOSO PRIMARY SCHOOL
PS2503021,KALILANKULUKULU PRIMARY SCHOOL
PS2503058,KAMBANGA PRIMARY SCHOOL
PS2503022,KAMJELA PRIMARY SCHOOL
PS2503068,KAMLENGA PRIMARY SCHOOL
PS2503023,KAMSANGA PRIMARY SCHOOL
PS2503024,KAPALAMSENGA PRIMARY SCHOOL
PS2503025,KAPANGA PRIMARY SCHOOL
PS2503026,KAPEMBA PRIMARY SCHOOL
PS2503027,KAREMA PRIMARY SCHOOL
PS2503028,KASANGANTONGWE PRIMARY SCHOOL
PS2503059,KASEGANYAMA PRIMARY SCHOOL
PS2503029,KASEKESE PRIMARY SCHOOL
PS2503030,KASINDE PRIMARY SCHOOL
PS2503083,KASUNGA PRIMARY SCHOOL
PS2503057,KATENTE PRIMARY SCHOOL
PS2503078,KATOBO PRIMARY SCHOOL
PS2503082,KATONYAGA PRIMARY SCHOOL
PS2503031,KATUMA PRIMARY SCHOOL
PS2503050,KAYENZE PRIMARY SCHOOL
PS2503065,KONA MNYAGALA PRIMARY SCHOOL
PS2503032,KUSI PRIMARY SCHOOL
PS2503084,LAKE TANGANYIKA 'B' PRIMARY SCHOOL
PS2503033,LAKE TANGANYIKA PRIMARY SCHOOL
PS2503034,LUGONESI PRIMARY SCHOOL
PS2503069,LUHAFWE PRIMARY SCHOOL
PS2503035,LWEGA PRIMARY SCHOOL
PS2503075,MAGOMENI PRIMARY SCHOOL
PS2503072,MAGOROFANI PRIMARY SCHOOL
PS2503063,MANYONYI PRIMARY SCHOOL
PS2503036,MAZWE PRIMARY SCHOOL
PS2503037,MCHAKAMCHAKA PRIMARY SCHOOL
PS2503038,MGANSA PRIMARY SCHOOL
PS2503040,MISHAMO PRIMARY SCHOOL
PS2503055,MLANGALA PRIMARY SCHOOL
PS2503041,MLIBANSI PRIMARY SCHOOL
PS2503042,MNYAGALA PRIMARY SCHOOL
PS2503043,MPANDANDOGO PRIMARY SCHOOL
PS2503044,MPEMBE PRIMARY SCHOOL
PS2503076,MTAKUJA PRIMARY SCHOOL
PS2503073,MTAPENDA PRIMARY SCHOOL
PS2503045,MWESE PRIMARY SCHOOL
PS2503079,MWIKANG'OMBE PRIMARY SCHOOL
PS2503046,NGOMALUSAMBO PRIMARY SCHOOL
PS2503051,NKUNGWI PRIMARY SCHOOL
PS2503060,NTIKIMO PRIMARY SCHOOL
PS2503077,NTIMBA PRIMARY SCHOOL
PS2503052,NTUMBA PRIMARY SCHOOL
PS2503047,RUGUFU PRIMARY SCHOOL
PS2503048,SIBWESA PRIMARY SCHOOL
PS2503056,SILONGE PRIMARY SCHOOL
PS2503074,UMOJA PRIMARY SCHOOL
PS2503049,VIKONGE PRIMARY SCHOOL
PS2601001,AMANI PRIMARY SCHOOL
PS2601002,CHANJALE PRIMARY SCHOOL
PS2601003,FIGANGA PRIMARY SCHOOL
PS2601004,IBIHI PRIMARY SCHOOL
PS2601005,IBUMI PRIMARY SCHOOL
PS2601106,IGALU PRIMARY SCHOOL
PS2601006,IKALO PRIMARY SCHOOL
PS2601007,IKULUNGILO PRIMARY SCHOOL
PS2601008,ILAWA PRIMARY SCHOOL
PS2601009,ILELA PRIMARY SCHOOL
PS2601010,ILININDA PRIMARY SCHOOL
PS2601011,ITUNDU PRIMARY SCHOOL
PS2601012,IWELA PRIMARY SCHOOL
PS2601013,IYUNGUYA PRIMARY SCHOOL
PS2601109,KIBITO PRIMARY SCHOOL
PS2601108,KILAMBO PRIMARY SCHOOL
PS2601014,KILONDO PRIMARY SCHOOL
PS2601015,KIMATA PRIMARY SCHOOL
PS2601016,KIMBILA PRIMARY SCHOOL
PS2601017,KIMELEMBE PRIMARY SCHOOL
PS2601018,KINGOLE PRIMARY SCHOOL
PS2601019,KIPANGALA PRIMARY SCHOOL
PS2601020,KIPINGU PRIMARY SCHOOL
PS2601021,KISAULA PRIMARY SCHOOL
PS2601022,KITEWELE PRIMARY SCHOOL
PS2601023,KIYOGO PRIMARY SCHOOL
PS2601024,KIYOMBO PRIMARY SCHOOL
PS2601025,LIFUA PRIMARY SCHOOL
PS2601026,LIFUMA PRIMARY SCHOOL
PS2601027,LIFUNGULU PRIMARY SCHOOL
PS2601028,LIGANGA PRIMARY SCHOOL
PS2601029,LIGUMBIRO PRIMARY SCHOOL
PS2601030,LIHAGULE PRIMARY SCHOOL
PS2601031,LIPANGARA PRIMARY SCHOOL
PS2601032,LIUGAI PRIMARY SCHOOL
PS2601033,LIUNJI PRIMARY SCHOOL
PS2601034,LUANA PRIMARY SCHOOL
PS2601103,LUBINDI PRIMARY SCHOOL
PS2601035,LUDENDE PRIMARY SCHOOL
PS2601036,LUDEWA-KIJIJINI PRIMARY SCHOOL
PS2601037,LUDEWA-MJINI PRIMARY SCHOOL
PS2601038,LUFUMBU PRIMARY SCHOOL
PS2601039,LUGARAWA PRIMARY SCHOOL
PS2601040,LUHAHA PRIMARY SCHOOL
PS2601041,LUILO PRIMARY SCHOOL
PS2601042,LUMBILA PRIMARY SCHOOL
PS2601043,LUPANDE PRIMARY SCHOOL
PS2601044,LUPANGA PRIMARY SCHOOL
PS2601045,LUPEFU PRIMARY SCHOOL
PS2601046,LUPINGU PRIMARY SCHOOL
PS2601047,LUSALA PRIMARY SCHOOL
PS2601048,LUSITU PRIMARY SCHOOL
PS2601049,LUTALA PRIMARY SCHOOL
PS2601050,LUVUNGO PRIMARY SCHOOL
PS2601051,LUVUYO PRIMARY SCHOOL
PS2601052,MADILU PRIMARY SCHOOL
PS2601053,MADINDO PRIMARY SCHOOL
PS2601054,MADOPE PRIMARY SCHOOL
PS2601055,MADUNDA PRIMARY SCHOOL
PS2601056,MAHOLONG'WA PRIMARY SCHOOL
PS2601057,MAKONDE PRIMARY SCHOOL
PS2601104,MAMALILO PRIMARY SCHOOL
PS2601058,MANDA PRIMARY SCHOOL
PS2601059,MANGA PRIMARY SCHOOL
PS2601060,MANYANYA PRIMARY SCHOOL
PS2601061,MAPOGORO PRIMARY SCHOOL
PS2601102,MASAULA PRIMARY SCHOOL
PS2601062,MASIMAVALAFU PRIMARY SCHOOL
PS2601063,MASIMBWE PRIMARY SCHOOL
PS2601064,MATIKA PRIMARY SCHOOL
PS2601065,MATUNDU PRIMARY SCHOOL
PS2601066,MAVALA PRIMARY SCHOOL
PS2601067,MAVANGA PRIMARY SCHOOL
PS2601068,MAWENGI PRIMARY SCHOOL
PS2601069,MBONGO PRIMARY SCHOOL
PS2601107,MBUGANI PRIMARY SCHOOL
PS2601115,MBWEYA PRIMARY SCHOOL
PS2601070,MBWILA PRIMARY SCHOOL
PS2601071,MCHUCHUMA PRIMARY SCHOOL
PS2601072,MDETE PRIMARY SCHOOL
PS2601073,MFALANYAKI PRIMARY SCHOOL
PS2601074,MFALASI PRIMARY SCHOOL
PS2601110,MHAMBALASI PRIMARY SCHOOL
PS2601075,MHOLO PRIMARY SCHOOL
PS2601076,MILO PRIMARY SCHOOL
PS2601114,MJIMWEMA PRIMARY SCHOOL
PS2601116,MKING'INO PRIMARY SCHOOL
PS2601077,MKIU PRIMARY SCHOOL
PS2601078,MKONGOBAKI PRIMARY SCHOOL
PS2601079,MLANGALI PRIMARY SCHOOL
PS2601111,MORNING STAR PRIMARY SCHOOL
PS2601080,MUHUMBI PRIMARY SCHOOL
PS2601105,MUNDINDI ELIMU MAALUM PRIMARY SCHOOL
PS2601081,MUNDINDI PRIMARY SCHOOL
PS2601083,NDOWA PRIMARY SCHOOL
PS2601113,NGALAWALE PRIMARY SCHOOL
PS2601084,NGELENGE PRIMARY SCHOOL
PS2601085,NINDI PRIMARY SCHOOL
PS2601086,NJELELA PRIMARY SCHOOL
PS2601087,NKANDA PRIMARY SCHOOL
PS2601088,NKOMANG'OMBE PRIMARY SCHOOL
PS2601089,NKWIMBILI PRIMARY SCHOOL
PS2601090,NSELE PRIMARY SCHOOL
PS2601091,NSISI PRIMARY SCHOOL
PS2601092,NTUMBATI PRIMARY SCHOOL
PS2601093,NYAMALAMBA PRIMARY SCHOOL
PS2601094,SAGALU PRIMARY SCHOOL
PS2601112,SAMBALA PRIMARY SCHOOL
PS2601095,SHAURIMOYO PRIMARY SCHOOL
PS2601096,SONGAMBELE PRIMARY SCHOOL
PS2601097,UGERA PRIMARY SCHOOL
PS2601098,ULONGE PRIMARY SCHOOL
PS2601099,USHINDI PRIMARY SCHOOL
PS2601100,UTILILI PRIMARY SCHOOL
PS2601101,WECHA PRIMARY SCHOOL
PS2603001,AZIMIO PRIMARY SCHOOL
PS2603043,BRIGHT STAR PRIMARY SCHOOL
PS2603002,BWAWANI PRIMARY SCHOOL
PS2603003,CHRISTIAAN PRIMARY SCHOOL
PS2603050,DEO SANGA PRIMARY SCHOOL
PS2603004,IBATU PRIMARY SCHOOL
PS2603005,IDOFI PRIMARY SCHOOL
PS2603006,IKELU PRIMARY SCHOOL
PS2603007,IKWETE PRIMARY SCHOOL
PS2603041,ILANGAMOTO PRIMARY SCHOOL
PS2603008,JUHUDI PRIMARY SCHOOL
PS2603036,KAHAWA PRIMARY SCHOOL
PS2603009,KIFUMBE PRIMARY SCHOOL
PS2603053,KIHANGA PRIMARY SCHOOL
PS2603038,KILIMAHEWA PRIMARY SCHOOL
PS2603010,KITANDILILO PRIMARY SCHOOL
PS2603011,KIUMBA PRIMARY SCHOOL
PS2603012,LUNGWA PRIMARY SCHOOL
PS2603013,LYAMKENA PRIMARY SCHOOL
PS2603015,MAENDELEO PRIMARY SCHOOL
PS2603039,MAGEGELE PRIMARY SCHOOL
PS2603051,MAGUVANI PRIMARY SCHOOL
PS2603016,MAHONGOLE PRIMARY SCHOOL
PS2603017,MAJENGO PRIMARY SCHOOL
PS2603018,MAKAMBAKO PRIMARY SCHOOL
PS2603019,MANGA PRIMARY SCHOOL
PS2603020,MASHUJAA PRIMARY SCHOOL
PS2603021,MAWANDE PRIMARY SCHOOL
PS2603022,MBUGANI PRIMARY SCHOOL
PS2603049,MFUMBI PRIMARY SCHOOL
PS2603054,MKOMBOZI PRIMARY SCHOOL
PS2603037,MLENGA PRIMARY SCHOOL
PS2603023,MLOWA PRIMARY SCHOOL
PS2603024,MLUDZA PRIMARY SCHOOL
PS2603025,MSHIKAMANO PRIMARY SCHOOL
PS2603026,MTANGA PRIMARY SCHOOL
PS2603027,MTULINGALA PRIMARY SCHOOL
PS2603048,MUUNGANO PRIMARY SCHOOL
PS2603014,MWEMBETOGWA 'B' PRIMARY SCHOOL
PS2603028,MWEMBETOGWA PRIMARY SCHOOL
PS2603029,NGAMANGA PRIMARY SCHOOL
PS2603030,NYAMANDE PRIMARY SCHOOL
PS2603031,NYAMBOGO PRIMARY SCHOOL
PS2603040,SELENGA PRIMARY SCHOOL
PS2603032,SIGRID PRIMARY SCHOOL
PS2603033,UHURU PRIMARY SCHOOL
PS2603034,UMOJA PRIMARY SCHOOL
PS2603035,USETULE PRIMARY SCHOOL
PS2603044,USHINDI PRIMARY SCHOOL
PS2603047,WANGAMA PRIMARY SCHOOL
PS2603042,ZIGA PRIMARY SCHOOL
PS2602001,BULONGWA PRIMARY SCHOOL
PS2602002,IBAGA PRIMARY SCHOOL
PS2602003,IDENDE PRIMARY SCHOOL
PS2602099,IGENGE PRIMARY SCHOOL
PS2602108,IGHALA PRIMARY SCHOOL
PS2602004,IGOLWA PRIMARY SCHOOL
PS2602005,IGUMBILO PRIMARY SCHOOL
PS2602006,IHANGA PRIMARY SCHOOL
PS2602007,IHELA PRIMARY SCHOOL
PS2602008,IKETE PRIMARY SCHOOL
PS2602009,IKONDA PRIMARY SCHOOL
PS2602010,IKOVO PRIMARY SCHOOL
PS2602011,IKOVOKOVO PRIMARY SCHOOL
PS2602012,IKUNGULA PRIMARY SCHOOL
PS2602013,IKUWO PRIMARY SCHOOL
PS2602014,ILEVELO PRIMARY SCHOOL
PS2602015,ILINDIWE PRIMARY SCHOOL
PS2602016,ILOLO PRIMARY SCHOOL
PS2602017,ILUNGU PRIMARY SCHOOL
PS2602018,IMEHE PRIMARY SCHOOL
PS2602019,INIHO PRIMARY SCHOOL
PS2602107,IPELELE PRIMARY SCHOOL
PS2602020,IPEPO PRIMARY SCHOOL
PS2602021,ISAPULANO PRIMARY SCHOOL
PS2602022,IVALALILA PRIMARY SCHOOL
PS2602023,IVILIKINGE PRIMARY SCHOOL
PS2602024,IWALE PRIMARY SCHOOL
PS2602025,IWAWA PRIMARY SCHOOL
PS2602026,KATENGA PRIMARY SCHOOL
PS2602027,KIDOPE PRIMARY SCHOOL
PS2602103,KIDUGA PRIMARY SCHOOL
PS2602028,KIGALA PRIMARY SCHOOL
PS2602029,KIGULU PRIMARY SCHOOL
PS2602030,KIJYOMBO PRIMARY SCHOOL
PS2602031,KILANJI PRIMARY SCHOOL
PS2602101,KILIMANI PRIMARY SCHOOL
PS2602032,KIMANI PRIMARY SCHOOL
PS2602033,KINYIKA PRIMARY SCHOOL
PS2602034,KISASATU PRIMARY SCHOOL
PS2602035,KISAULA PRIMARY SCHOOL
PS2602036,KISINGA PRIMARY SCHOOL
PS2602037,KITULO PRIMARY SCHOOL
PS2602038,LUDIHANI  PRIMARY SCHOOL
PS2602039,LUDODOLELO PRIMARY SCHOOL
PS2602041,LUGODA PRIMARY SCHOOL
PS2602042,LUPALILO PRIMARY SCHOOL
PS2602043,LUPILA PRIMARY SCHOOL
PS2602044,LUPOMBWE PRIMARY SCHOOL
PS2602102,LUVULUNGE PRIMARY SCHOOL
PS2602045,LUWUMBU PRIMARY SCHOOL
PS2602046,MADIHANI PRIMARY SCHOOL
PS2602047,MAFIGA PRIMARY SCHOOL
PS2602048,MAGO PRIMARY SCHOOL
PS2602049,MAGOYE PRIMARY SCHOOL
PS2602050,MAHANJI PRIMARY SCHOOL
PS2602051,MAHULU PRIMARY SCHOOL
PS2602052,MAKANGALAWE PRIMARY SCHOOL
PS2602053,MAKETE PRIMARY SCHOOL
PS2602054,MAKUSI PRIMARY SCHOOL
PS2602055,MAKWARANGA PRIMARY SCHOOL
PS2602056,MALANDUKU PRIMARY SCHOOL
PS2602057,MALEMBULI PRIMARY SCHOOL
PS2602058,MALEUTSI PRIMARY SCHOOL
PS2602059,MALIWA PRIMARY SCHOOL
PS2602096,MANGA PRIMARY SCHOOL
PS2602060,MANG'OTO PRIMARY SCHOOL
PS2602061,MASISIWE PRIMARY SCHOOL
PS2602062,MATAMBA PRIMARY SCHOOL
PS2602063,MATENGA PRIMARY SCHOOL
PS2602064,MBALACHE PRIMARY SCHOOL
PS2602065,MBELA PRIMARY SCHOOL
PS2602066,MFUMBI PRIMARY SCHOOL
PS2602067,MISSIWA PRIMARY SCHOOL
PS2602097,MLANDA PRIMARY SCHOOL
PS2602069,MLENGU PRIMARY SCHOOL
PS2602070,MLONDWE PRIMARY SCHOOL
PS2602071,MPANGALA PRIMARY SCHOOL
PS2602072,MWAKAUTA PRIMARY SCHOOL
PS2602073,MWALUSA PRIMARY SCHOOL
PS2602074,MWERA PRIMARY SCHOOL
PS2602075,NDULAMO PRIMARY SCHOOL
PS2602076,NGOJE PRIMARY SCHOOL
PS2602077,NG'ONDE PRIMARY SCHOOL
PS2602078,NHUNGU PRIMARY SCHOOL
PS2602100,NKENJA  PRIMARY SCHOOL
PS2602079,NKONDO PRIMARY SCHOOL
PS2602104,RUAHA PRIMARY SCHOOL
PS2602105,ST. JOAKIM PRIMARY SCHOOL
PS2602098,ST. MONICA PRIMARY SCHOOL
PS2602080,SUNJI PRIMARY SCHOOL
PS2602081,TANDALA PRIMARY SCHOOL
PS2602082,UBILUKO PRIMARY SCHOOL
PS2602083,UGABWA PRIMARY SCHOOL
PS2602084,UGANGA PRIMARY SCHOOL
PS2602085,UJUNI PRIMARY SCHOOL
PS2602086,UKANGE PRIMARY SCHOOL
PS2602087,UKWAMA PRIMARY SCHOOL
PS2602088,ULUMBA PRIMARY SCHOOL
PS2602089,UNENAMWA PRIMARY SCHOOL
PS2602090,UNYANGALA PRIMARY SCHOOL
PS2602091,USAGATIKWA PRIMARY SCHOOL
PS2602092,USALIMWANI PRIMARY SCHOOL
PS2602093,USUNGILO PRIMARY SCHOOL
PS2602094,UTENGULE PRIMARY SCHOOL
PS2602095,UTWEVE PRIMARY SCHOOL
PS2602106,UWATA-LUPALILO PRIMARY SCHOOL
PS2605160,COLOMBO PRE    PRIMARY SCHOOL
PS2605158,CONSOLATHA PRIMARY SCHOOL
PS2605162,DZUNGULE PRIMARY SCHOOL
PS2605159,GOD GIVEN PRIMARY SCHOOL
PS2605007,HAVANGA PRIMARY SCHOOL
PS2605008,IBIKI PRIMARY SCHOOL
PS2605009,IBUMILA PRIMARY SCHOOL
PS2605012,IDITIMA PRIMARY SCHOOL
PS2605154,IDONGELA PRIMARY SCHOOL
PS2605021,IGONGOLO PRIMARY SCHOOL
PS2605025,IHANG'ANA PRIMARY SCHOOL
PS2605027,IHANZINYI PRIMARY SCHOOL
PS2605028,IKANDO PRIMARY SCHOOL
PS2605029,IKANG'ASI PRIMARY SCHOOL
PS2605030,IKONDO PRIMARY SCHOOL
PS2605032,IKUNA PRIMARY SCHOOL
PS2605036,ILENGITITU PRIMARY SCHOOL
PS2605039,ILUNDA PRIMARY SCHOOL
PS2605040,IMAGE PRIMARY SCHOOL
PS2605155,INYAMALO PRIMARY SCHOOL
PS2605044,IPANGA PRIMARY SCHOOL
PS2605048,ISITU PRIMARY SCHOOL
PS2605049,ISOLIWAYA PRIMARY SCHOOL
PS2605055,ITIPINGI PRIMARY SCHOOL
PS2605058,ITUNDUMA PRIMARY SCHOOL
PS2605060,IWAFI PRIMARY SCHOOL
PS2605062,IYEMBELA PRIMARY SCHOOL
PS2605065,KANIKELELE PRIMARY SCHOOL
PS2605067,KICHIWA PRIMARY SCHOOL
PS2605068,KIDEGEMBYE PRIMARY SCHOOL
PS2605153,KITOLE PRIMARY SCHOOL
PS2605075,LIMA PRIMARY SCHOOL
PS2605156,LIMAKWALE PRIMARY SCHOOL
PS2605076,LOLE PRIMARY SCHOOL
PS2605080,LUNGUYA PRIMARY SCHOOL
PS2605081,LUPEMBE PRIMARY SCHOOL
PS2605083,LWANZALI PRIMARY SCHOOL
PS2605085,LYALALO PRIMARY SCHOOL
PS2605088,MADEKE PRIMARY SCHOOL
PS2605150,MADUMA PRIMARY SCHOOL
PS2605091,MAGOMATI PRIMARY SCHOOL
PS2605092,MAHALULE PRIMARY SCHOOL
PS2605093,MAKULA PRIMARY SCHOOL
PS2605099,MATEMBWE PRIMARY SCHOOL
PS2605100,MATIGANJOLA PRIMARY SCHOOL
PS2605106,MFRIGA PRIMARY SCHOOL
PS2605157,MHANU PRIMARY SCHOOL
PS2605161,MKONDOA PRIMARY SCHOOL
PS2605118,NINGA PRIMARY SCHOOL
PS2605119,NYAVE PRIMARY SCHOOL
PS2605120,NYOMBO PRIMARY SCHOOL
PS2605126,SOVI PRIMARY SCHOOL
PS2605127,TAGAMENDA PRIMARY SCHOOL
PS2605134,UKALAWA PRIMARY SCHOOL
PS2605138,UPAMI PRIMARY SCHOOL
PS2605146,WANGINYI PRIMARY SCHOOL
PS2605148,WELELA PRIMARY SCHOOL
PS2604001,AMANI PRIMARY SCHOOL
PS2604002,BOIMANDA PRIMARY SCHOOL
PS2604003,CHALIMA PRIMARY SCHOOL
PS2604076,COMPASSION PRIMARY SCHOOL
PS2604098,DEO MWANYIKA PRIMARY SCHOOL
PS2604088,GILGAL PRIMARY SCHOOL
PS2604004,IBOYA PRIMARY SCHOOL
PS2604005,IDIHANI PRIMARY SCHOOL
PS2604006,IDUCHU PRIMARY SCHOOL
PS2604007,IDUNDA PRIMARY SCHOOL
PS2604008,IGOLA PRIMARY SCHOOL
PS2604009,IGOMA PRIMARY SCHOOL
PS2604010,IGOMINYI PRIMARY SCHOOL
PS2604011,IHALULA PRIMARY SCHOOL
PS2604012,IHANGA PRIMARY SCHOOL
PS2604013,IKISA PRIMARY SCHOOL
PS2604090,ILOWOLA PRIMARY SCHOOL
PS2604014,ITIPULA PRIMARY SCHOOL
PS2604015,ITULIKE PRIMARY SCHOOL
PS2604016,IWUNGILO PRIMARY SCHOOL
PS2604017,KAMBARAGE PRIMARY SCHOOL
PS2604018,KIBENA PRIMARY SCHOOL
PS2604019,KIFANYA PRIMARY SCHOOL
PS2604020,KILENZI PRIMARY SCHOOL
PS2604021,KILIMANI PRIMARY SCHOOL
PS2604022,KISILO PRIMARY SCHOOL
PS2604023,KITULILA PRIMARY SCHOOL
PS2604024,KIYAULA PRIMARY SCHOOL
PS2604025,KKKT VIZIWI PRIMARY SCHOOL
PS2604026,KONA PRIMARY SCHOOL
PS2604027,LIHOGOSA PRIMARY SCHOOL
PS2604028,LILOMBWI PRIMARY SCHOOL
PS2604029,LIMAGE PRIMARY SCHOOL
PS2604030,LIVINGSTONE PRIMARY SCHOOL
PS2604031,LIWENGI PRIMARY SCHOOL
PS2604032,LUGENGE PRIMARY SCHOOL
PS2604033,LUPONDE PRIMARY SCHOOL
PS2604034,LUSITU PRIMARY SCHOOL
PS2604035,LWANGU PRIMARY SCHOOL
PS2604036,MABATINI PRIMARY SCHOOL
PS2604037,MADOBOLE PRIMARY SCHOOL
PS2604038,MAGODA PRIMARY SCHOOL
PS2604094,MAGUFULI PRIMARY SCHOOL
PS2604039,MAHEVE PRIMARY SCHOOL
PS2604040,MAKANJAULA PRIMARY SCHOOL
PS2604041,MAKOWO PRIMARY SCHOOL
PS2604042,MAMONGORO PRIMARY SCHOOL
PS2604100,MAPINDUZI PRIMARY SCHOOL
PS2604087,MARIAN NUNDU PRIMARY SCHOOL
PS2604043,MATOLA PRIMARY SCHOOL
PS2604044,MBEGA PRIMARY SCHOOL
PS2604045,MDETE PRIMARY SCHOOL
PS2604046,MFEREKE PRIMARY SCHOOL
PS2604047,MGALA PRIMARY SCHOOL
PS2604048,MGODECHI PRIMARY SCHOOL
PS2604049,MIKONGO PRIMARY SCHOOL
PS2604050,MIVA PRIMARY SCHOOL
PS2604051,MJIMWEMA PRIMARY SCHOOL
PS2604052,MKELA PRIMARY SCHOOL
PS2604091,MKOMBOZI PRIMARY SCHOOL
PS2604082,MOTHER TERESA PRIMARY SCHOOL
PS2604053,MPECHI PRIMARY SCHOOL
PS2604085,MPETO PRIMARY SCHOOL
PS2604054,MSINDU PRIMARY SCHOOL
PS2604077,MT BAKITA PRIMARY SCHOOL
PS2604055,MTILA PRIMARY SCHOOL
PS2604056,MUUNGANO PRIMARY SCHOOL
PS2604084,MWEMBETOGWA PRIMARY SCHOOL
PS2604078,NAZARETH PRIMARY SCHOOL
PS2604058,NGALANGA PRIMARY SCHOOL
PS2604057,NG'ELAMO PRIMARY SCHOOL
PS2604089,NJOMBE DAY PRIMARY SCHOOL
PS2604093,NJOMBE JUNIOR PRIMARY SCHOOL
PS2604059,NJOMBE PRIMARY SCHOOL
PS2604060,NJOOMLOLE PRIMARY SCHOOL
PS2604061,NOLE PRIMARY SCHOOL
PS2604062,NUNDU PRIMARY SCHOOL
PS2604063,NYAMUYUYA PRIMARY SCHOOL
PS2604064,PELUHANDA PRIMARY SCHOOL
PS2604065,RAMADHANI PRIMARY SCHOOL
PS2604086,RUHUJI B PRIMARY SCHOOL
PS2604066,RUHUJI PRIMARY SCHOOL
PS2604067,SABASABA PRIMARY SCHOOL
PS2604068,SENGA PRIMARY SCHOOL
PS2604099,SINAI PRIMARY SCHOOL
PS2604101,SOVELO PRIMARY SCHOOL
PS2604069,ST BENEDICT PRIMARY SCHOOL
PS2604079,ST DONBOSCO PRIMARY SCHOOL
PS2604083,ST GETRUDE IMILIWAHA PRIMARY SCHOOL
PS2604081,ST MARY'S ANGLICAN PRIMARY SCHOOL
PS2604070,UJAMAA PRIMARY SCHOOL
PS2604071,ULIWA PRIMARY SCHOOL
PS2604096,UMAGO PRIMARY SCHOOL
PS2604080,UMOJA PRIMARY SCHOOL
PS2604072,UTALINGORO PRIMARY SCHOOL
PS2604073,UWEMBA PRIMARY SCHOOL
PS2604074,WIKICHI PRIMARY SCHOOL
PS2604075,YAKOBI PRIMARY SCHOOL
PS2606001,ANGAZA PRIMARY SCHOOL
PS2606002,BANAWANU PRIMARY SCHOOL
PS2606003,CHALOWE PRIMARY SCHOOL
PS2606004,DULAMU PRIMARY SCHOOL
PS2606108,ELLY'S PRIMARY SCHOOL
PS2606005,GONELAMAFUTA PRIMARY SCHOOL
PS2606006,HANJAWANU PRIMARY SCHOOL
PS2606007,IDENYIMEMBE  PRIMARY SCHOOL
PS2606008,IDINDILIMUNYO PRIMARY SCHOOL
PS2606105,IDUNDA PRIMARY SCHOOL
PS2606009,IGAGALA PRIMARY SCHOOL
PS2606010,IGANDO PRIMARY SCHOOL
PS2606011,IGELANGO PRIMARY SCHOOL
PS2606012,IGELEHEDZA PRIMARY SCHOOL
PS2606013,IGENGE PRIMARY SCHOOL
PS2606014,IGIMA PRIMARY SCHOOL
PS2606015,IGODIVAHA PRIMARY SCHOOL
PS2606016,IGOMBA PRIMARY SCHOOL
PS2606017,IGOSI PRIMARY SCHOOL
PS2606018,IGULA PRIMARY SCHOOL
PS2606019,IGWACHANYA PRIMARY SCHOOL
PS2606020,IHANJA PRIMARY SCHOOL
PS2606106,IHANZUTWA PRIMARY SCHOOL
PS2606103,IKANGA PRIMARY SCHOOL
PS2606021,IKULIMAMBO PRIMARY SCHOOL
PS2606022,IKWAVILA PRIMARY SCHOOL
PS2606023,IKWEGA PRIMARY SCHOOL
PS2606024,ILEMBULA PRIMARY SCHOOL
PS2606025,ILOVI PRIMARY SCHOOL
PS2606026,ILULU PRIMARY SCHOOL
PS2606027,IMALILO PRIMARY SCHOOL
PS2606028,IMALINYI PRIMARY SCHOOL
PS2606029,ING'ENYANGO PRIMARY SCHOOL
PS2606030,IPONDA PRIMARY SCHOOL
PS2606031,ISIMIKE PRIMARY SCHOOL
PS2606032,ISINDAGOSI PRIMARY SCHOOL
PS2606033,ITAMBO PRIMARY SCHOOL
PS2606034,ITANANA PRIMARY SCHOOL
PS2606035,ITANDULA PRIMARY SCHOOL
PS2606036,ITENGELO PRIMARY SCHOOL
PS2606037,ITENI PRIMARY SCHOOL
PS2606038,ITOWO PRIMARY SCHOOL
PS2606124,ITULA PRIMARY SCHOOL
PS2606039,ITULAHUMBA PRIMARY SCHOOL
PS2606040,IVIGO PRIMARY SCHOOL
PS2606041,IYAYI PRIMARY SCHOOL
PS2606115,JITEGEMEE PRIMARY SCHOOL
PS2606042,KANAMALENGA PRIMARY SCHOOL
PS2606043,KANANI PRIMARY SCHOOL
PS2606102,KASAGALA PRIMARY SCHOOL
PS2606044,KATENGE PRIMARY SCHOOL
PS2606045,KIDUGALA PRIMARY SCHOOL
PS2606046,KIJOMBE PRIMARY SCHOOL
PS2606047,KINENULO PRIMARY SCHOOL
PS2606048,KIPENGERE PRIMARY SCHOOL
PS2606049,KITUMBIKA PRIMARY SCHOOL
PS2606050,KORINTO PRIMARY SCHOOL
PS2606127,LITUNDU PRIMARY SCHOOL
PS2606051,LUDUGA PRIMARY SCHOOL
PS2606052,LUGODA PRIMARY SCHOOL
PS2606053,LULANZI PRIMARY SCHOOL
PS2606054,LUSISI PRIMARY SCHOOL
PS2606113,LUTEGELO PRIMARY SCHOOL
PS2606055,LYADEBWE PRIMARY SCHOOL
PS2606056,LYAMULUKI PRIMARY SCHOOL
PS2606057,MADASI PRIMARY SCHOOL
PS2606058,MAFINGA PRIMARY SCHOOL
PS2606059,MALANGALI PRIMARY SCHOOL
PS2606060,MAMBEGU PRIMARY SCHOOL
PS2606061,MASAGE PRIMARY SCHOOL
PS2606062,MASAULWA PRIMARY SCHOOL
PS2606063,MASILU PRIMARY SCHOOL
PS2606064,MATOWO PRIMARY SCHOOL
PS2606065,MAWINDI PRIMARY SCHOOL
PS2606066,MAYALE PRIMARY SCHOOL
PS2606114,MBEMBE PRIMARY SCHOOL
PS2606067,MDANDU PRIMARY SCHOOL
PS2606068,MDASI PRIMARY SCHOOL
PS2606109,MDZOMBE PRIMARY SCHOOL
PS2606069,MHAJI PRIMARY SCHOOL
PS2606112,MKEHA PRIMARY SCHOOL
PS2606070,MLEVELA PRIMARY SCHOOL
PS2606071,MNGATE PRIMARY SCHOOL
PS2606072,MORONGA PRIMARY SCHOOL
PS2606073,MPANGA PRIMARY SCHOOL
PS2606074,MPULULU PRIMARY SCHOOL
PS2606126,MSHIKAMANO PRIMARY SCHOOL
PS2606110,MSIMBAZI PRIMARY SCHOOL
PS2606075,MTAPA PRIMARY SCHOOL
PS2606076,MTEWELE PRIMARY SCHOOL
PS2606077,MUNG'ELENGE PRIMARY SCHOOL
PS2606111,MUUNGANO PRIMARY SCHOOL
PS2606078,MWILAMBA PRIMARY SCHOOL
PS2606079,NG'ANDA PRIMARY SCHOOL
PS2606080,NYUMBANITU PRIMARY SCHOOL
PS2606081,PALANGAWANU PRIMARY SCHOOL
PS2606120,ROSELIGHT PRIMARY SCHOOL
PS2606082,SAJA PRIMARY SCHOOL
PS2606083,SAKALENGA PRIMARY SCHOOL
PS2606084,SAMARIA PRIMARY SCHOOL
PS2606119,ST.ELIZABETH PRE-PRIMARY SCHOOL
PS2606085,UDONJA PRIMARY SCHOOL
PS2606086,UFWALA PRIMARY SCHOOL
PS2606087,UHAMBULE PRIMARY SCHOOL
PS2606088,UHEKULE PRIMARY SCHOOL
PS2606089,UHENGA PRIMARY SCHOOL
PS2606104,UJANGE PRIMARY SCHOOL
PS2606090,UJINDILE PRIMARY SCHOOL
PS2606091,UKOMBOZI PRIMARY SCHOOL
PS2606092,UKOMOLA PRIMARY SCHOOL
PS2606093,ULEMBWE PRIMARY SCHOOL
PS2606094,USALULE PRIMARY SCHOOL
PS2606095,USITA PRIMARY SCHOOL
PS2606096,USUKA PRIMARY SCHOOL
PS2606097,UTELEWE PRIMARY SCHOOL
PS2606098,UTIGA PRIMARY SCHOOL
PS2606099,WANGAMA PRIMARY SCHOOL
PS2606107,WANGAMIKO PRIMARY SCHOOL
PS2606100,WANGING'OMBE PRIMARY SCHOOL
PS2606101,WANGUTWA PRIMARY SCHOOL
PS2702001,BANEMHI PRIMARY SCHOOL
PS2702075,BUKILIGULU PRIMARY SCHOOL
PS2702002,BYUNA PRIMARY SCHOOL
PS2702003,CHUNGU CHA BAWAWA PRIMARY SCHOOL
PS2702070,DAMIDAMI PRIMARY SCHOOL
PS2702074,DILANDA PRIMARY SCHOOL
PS2702004,GAMBOSI PRIMARY SCHOOL
PS2702005,GASUMA 'A' PRIMARY SCHOOL
PS2702006,GASUMA 'B' PRIMARY SCHOOL
PS2702007,GIBISHI PRIMARY SCHOOL
PS2702008,GIYUKI PRIMARY SCHOOL
PS2702009,HALAWA PRIMARY SCHOOL
PS2702010,IBULYU PRIMARY SCHOOL
PS2702011,IGAGANULWA PRIMARY SCHOOL
PS2702012,IGEGU PRIMARY SCHOOL
PS2702013,IHUSI 'A' PRIMARY SCHOOL
PS2702014,IHUSI 'B' PRIMARY SCHOOL
PS2702015,IKINABUSHU PRIMARY SCHOOL
PS2702016,IKUNGULYABASHASHI PRIMARY SCHOOL
PS2702017,IKUNGULYAMBESHI PRIMARY SCHOOL
PS2702018,IKUNGULYANDILI PRIMARY SCHOOL
PS2702019,ISUYU PRIMARY SCHOOL
PS2702021,ITUBUKILO `B` PRIMARY SCHOOL
PS2702020,ITUBUKILO 'A' PRIMARY SCHOOL
PS2702022,KASOLI PRIMARY SCHOOL
PS2702023,KILABELA 'A' PRIMARY SCHOOL
PS2702024,KILABELA 'B' PRIMARY SCHOOL
PS2702025,KILALO 'A' PRIMARY SCHOOL
PS2702026,KILALO 'B' PRIMARY SCHOOL
PS2702027,LUBAGA PRIMARY SCHOOL
PS2702028,LULAYU PRIMARY SCHOOL
PS2702103,MADUKANI PRIMARY SCHOOL
PS2702078,MAGUTANO PRIMARY SCHOOL
PS2702029,MASEWA 'A' PRIMARY SCHOOL
PS2702030,MASEWA 'B' PRIMARY SCHOOL
PS2702077,MASEWA 'C' PRIMARY SCHOOL
PS2702031,MATONGO 'A' PRIMARY SCHOOL
PS2702032,MATONGO 'B' PRIMARY SCHOOL
PS2702033,MISWAKI PRIMARY SCHOOL
PS2702102,MLIMANI PRIMARY SCHOOL
PS2702071,MWABALIZI PRIMARY SCHOOL
PS2702034,MWABASABI PRIMARY SCHOOL
PS2702035,MWADOBANA PRIMARY SCHOOL
PS2702076,MWAGABATE PRIMARY SCHOOL
PS2702036,MWAMIJONDO PRIMARY SCHOOL
PS2702037,MWAMLAPA PRIMARY SCHOOL
PS2702038,MWAMONDI PRIMARY SCHOOL
PS2702039,MWAMOTO PRIMARY SCHOOL
PS2702040,MWANGIMU PRIMARY SCHOOL
PS2702041,MWANZOYA PRIMARY SCHOOL
PS2702042,MWASHAGATA PRIMARY SCHOOL
PS2702043,MWASINASI PRIMARY SCHOOL
PS2702044,MWASUBUYA 'A' PRIMARY SCHOOL
PS2702045,MWASUBUYA 'B' PRIMARY SCHOOL
PS2702046,MWAUBINGI PRIMARY SCHOOL
PS2702072,MWAUCHUMU PRIMARY SCHOOL
PS2702047,MWAUMATONDO PRIMARY SCHOOL
PS2702073,NDUHA PRIMARY SCHOOL
PS2702048,NGALA PRIMARY SCHOOL
PS2702049,NG'ALITA 'A' PRIMARY SCHOOL
PS2702050,NG'ALITA 'B' PRIMARY SCHOOL
PS2702097,NG'HESHA PRIMARY SCHOOL
PS2702051,NGULYATI PRIMARY SCHOOL
PS2702052,NKINDWABIYE PRIMARY SCHOOL
PS2702053,NKOLOLO 'A' PRIMARY SCHOOL
PS2702054,NKOLOLO 'B' PRIMARY SCHOOL
PS2702055,NYAMAGANA PRIMARY SCHOOL
PS2702056,NYAMIKOMA PRIMARY SCHOOL
PS2702057,NYAMSWA PRIMARY SCHOOL
PS2702058,NYANGUGE 'A' PRIMARY SCHOOL
PS2702059,NYANGUGE 'B' PRIMARY SCHOOL
PS2702060,NYASOSI PRIMARY SCHOOL
PS2702061,NYAWA 'A' PRIMARY SCHOOL
PS2702062,NYAWA 'B' PRIMARY SCHOOL
PS2702063,SAKWE PRIMARY SCHOOL
PS2702069,SANGIDA PRIMARY SCHOOL
PS2702064,SAPIWI 'A' PRIMARY SCHOOL
PS2702065,SAPIWI 'B' PRIMARY SCHOOL
PS2702066,SAPIWI 'C' PRIMARY SCHOOL
PS2702067,SENGEREMA PRIMARY SCHOOL
PS2702079,SONGAMBELE PRIMARY SCHOOL
PS2702099,ST.THOMAS AQUINAS PRIMARY SCHOOL
PS2702068,TUNGE PRIMARY SCHOOL
PS2701002,BARIADI ALLIANCE PRIMARY SCHOOL
PS2701001,BARIADI PRIMARY SCHOOL
PS2701003,BUNAMHALA-UFUNDI PRIMARY SCHOOL
PS2701042,BUPANDAGILA ADVENTIST PRIMARY SCHOOL
PS2701004,BUPANDAGILA PRIMARY SCHOOL
PS2701005,DITIMA PRIMARY SCHOOL
PS2701006,GAMONDO 'A' PRIMARY SCHOOL
PS2701007,GAMONDO 'B' PRIMARY SCHOOL
PS2701008,GIRIKU-'A' PRIMARY SCHOOL
PS2701009,GIRIKU-'B' PRIMARY SCHOOL
PS2701010,GUDUWI-'A' PRIMARY SCHOOL
PS2701011,GUDUWI-MLIMANI PRIMARY SCHOOL
PS2701040,HERBERT GAPPA PRIMARY SCHOOL
PS2701012,IMALILO PRIMARY SCHOOL
PS2701015,ISANGA 'C' PRIMARY SCHOOL
PS2701013,ISANGA-'A' PRIMARY SCHOOL
PS2701014,ISANGA-'B' PRIMARY SCHOOL
PS2701016,KIDALIMANDA PRIMARY SCHOOL
PS2701017,KIDINDA PRIMARY SCHOOL
PS2701018,KILULU PRIMARY SCHOOL
PS2701053,KUSEKWA MEMORIAL PRIMARY SCHOOL
PS2701019,MAHAHA PRIMARY SCHOOL
PS2701020,MAJAHIDA PRIMARY SCHOOL
PS2701021,MATALE PRIMARY SCHOOL
PS2701022,MBITI PRIMARY SCHOOL
PS2701023,MHANGO PRIMARY SCHOOL
PS2701052,MWAHABI PRIMARY SCHOOL
PS2701024,MWAKIBUGA-'A' PRIMARY SCHOOL
PS2701025,MWAKIBUGA-'B' PRIMARY SCHOOL
PS2701026,NGASHANDA PRIMARY SCHOOL
PS2701027,NG'WANG'WALI 'A' PRIMARY SCHOOL
PS2701028,NG'WANG'WALI 'B' PRIMARY SCHOOL
PS2701047,NKULI PRIMARY SCHOOL
PS2701029,NYAKABINDI PRIMARY SCHOOL
PS2701055,NYANGAKA PRIMARY SCHOOL
PS2701030,NYAUMATA PRIMARY SCHOOL
PS2701031,OLD-MASWA PRIMARY SCHOOL
PS2701032,SALUNDA PRIMARY SCHOOL
PS2701033,SANUNGU PRIMARY SCHOOL
PS2701034,SHIMBALE PRIMARY SCHOOL
PS2701035,SIMA 'A' PRIMARY SCHOOL
PS2701036,SIMA 'B' PRIMARY SCHOOL
PS2701037,SOMANDA 'A' PRIMARY SCHOOL
PS2701038,SOMANDA 'B' PRIMARY SCHOOL
PS2701050,TEMBO PRIMARY SCHOOL
PS2701041,TUMAINI PRIMARY SCHOOL
PS2701039,YEYA PRIMARY SCHOOL
PS2701049,ZINA PRIMARY SCHOOL
PS2703001,BADUGU PRIMARY SCHOOL
PS2703092,BUCHELA PRIMARY SCHOOL
PS2703002,BULIMA PRIMARY SCHOOL
PS2703003,BUNYANYEMBE PRIMARY SCHOOL
PS2703004,BUSAMI PRIMARY SCHOOL
PS2703005,BUSEGA PRIMARY SCHOOL
PS2703006,BUSHIGWAMHALA PRIMARY SCHOOL
PS2703007,BUTENGE PRIMARY SCHOOL
PS2703008,CHAMGASA PRIMARY SCHOOL
PS2703009,CHANELA PRIMARY SCHOOL
PS2703010,CHUMVE PRIMARY SCHOOL
PS2703011,FOGOFOGO PRIMARY SCHOOL
PS2703012,GININIGA PRIMARY SCHOOL
PS2703013,GUSAMA PRIMARY SCHOOL
PS2703014,IGABULILO PRIMARY SCHOOL
PS2703015,IGALUKILO PRIMARY SCHOOL
PS2703016,IHALE PRIMARY SCHOOL
PS2703017,IJITU PRIMARY SCHOOL
PS2703018,ILAMBO PRIMARY SCHOOL
PS2703019,ILUMYA PRIMARY SCHOOL
PS2703020,IMALANZALA PRIMARY SCHOOL
PS2703021,ISUKA PRIMARY SCHOOL
PS2703022,ITONGO PRIMARY SCHOOL
PS2703023,JISESA PRIMARY SCHOOL
PS2703024,KABITA PRIMARY SCHOOL
PS2703025,KABUJAJA PRIMARY SCHOOL
PS2703026,KALAGO PRIMARY SCHOOL
PS2703027,KIJILISHI PRIMARY SCHOOL
PS2703028,KILOLELI PRIMARY SCHOOL
PS2703029,LAMADI PRIMARY SCHOOL
PS2703093,LAMBONI PRIMARY SCHOOL
PS2703030,LUKUNGU PRIMARY SCHOOL
PS2703031,LUNALA PRIMARY SCHOOL
PS2703032,LUTUBIGA PRIMARY SCHOOL
PS2703033,LWANGWE PRIMARY SCHOOL
PS2703034,MALANGALE PRIMARY SCHOOL
PS2703035,MALILI PRIMARY SCHOOL
PS2703036,MANALA PRIMARY SCHOOL
PS2703037,MASANGANI PRIMARY SCHOOL
PS2703038,MASANZA PRIMARY SCHOOL
PS2703039,MAYEGA PRIMARY SCHOOL
PS2703040,MBUGANI PRIMARY SCHOOL
PS2703041,MILAMBI PRIMARY SCHOOL
PS2703042,MIZWALE PRIMARY SCHOOL
PS2703043,MKULA PRIMARY SCHOOL
PS2703044,MLIMANI PRIMARY SCHOOL
PS2703045,MTONI PRIMARY SCHOOL
PS2703046,MUUNGANO PRIMARY SCHOOL
PS2703047,MWABASABI PRIMARY SCHOOL
PS2703048,MWABAYANDA PRIMARY SCHOOL
PS2703049,MWABONJI PRIMARY SCHOOL
PS2703050,MWABUDULI PRIMARY SCHOOL
PS2703051,MWABUJOSE PRIMARY SCHOOL
PS2703052,MWAGINDI PRIMARY SCHOOL
PS2703053,MWAKILOBA PRIMARY SCHOOL
PS2703054,MWAMACHIBYA PRIMARY SCHOOL
PS2703055,MWAMAGIGISI PRIMARY SCHOOL
PS2703056,MWAMAGULU PRIMARY SCHOOL
PS2703057,MWAMAJAWA PRIMARY SCHOOL
PS2703058,MWAMANYILI PRIMARY SCHOOL
PS2703059,MWAMAYOMBO PRIMARY SCHOOL
PS2703060,MWAMIGONGWA PRIMARY SCHOOL
PS2703061,MWAMJULILA PRIMARY SCHOOL
PS2703062,MWAMKALA PRIMARY SCHOOL
PS2703063,MWAMKINGA PRIMARY SCHOOL
PS2703064,MWAMUGOBA PRIMARY SCHOOL
PS2703065,MWANANGI PRIMARY SCHOOL
PS2703066,MWANIGA PRIMARY SCHOOL
PS2703067,MWASAMBA 'A' PRIMARY SCHOOL
PS2703068,MWASAMBA 'B' PRIMARY SCHOOL
PS2703069,NASSA PRIMARY SCHOOL
PS2703070,NGASAMO PRIMARY SCHOOL
PS2703071,NGUNGA 'A' PRIMARY SCHOOL
PS2703072,NGUNGA 'B' PRIMARY SCHOOL
PS2703073,NG'WAMALWILO PRIMARY SCHOOL
PS2703074,NG'WANGIKA PRIMARY SCHOOL
PS2703075,NG'WANG'WENGE PRIMARY SCHOOL
PS2703076,NG'WANHALE PRIMARY SCHOOL
PS2703077,NYALUHANDE PRIMARY SCHOOL
PS2703078,NYAMAGANA PRIMARY SCHOOL
PS2703098,NYAMAJASHI  'A ' PRIMARY SCHOOL
PS2703079,NYAMAJASHI PRIMARY SCHOOL
PS2703080,NYAMATEMBE PRIMARY SCHOOL
PS2703081,NYAMIKOMA PRIMARY SCHOOL
PS2703082,NYANG'HUMBI PRIMARY SCHOOL
PS2703083,NYASHIMO PRIMARY SCHOOL
PS2703084,SANGA PRIMARY SCHOOL
PS2703085,SHIGALA PRIMARY SCHOOL
PS2703086,SIMBA WA YUDA PRIMARY SCHOOL
PS2703091,THE BETHANY PRIMARY SCHOOL
PS2703087,YITWIMILA PRIMARY SCHOOL
PS2703088,YORDAN PRIMARY SCHOOL
PS2703090,ZARIKI PRIMARY SCHOOL
PS2704001,BUDALABUJIGA 'A' PRIMARY SCHOOL
PS2704002,BUDALABUJIGA 'B' PRIMARY SCHOOL
PS2704003,BULOLAMBESHI PRIMARY SCHOOL
PS2704004,BUMERA PRIMARY SCHOOL
PS2704005,BUNAMHALA ITILIMA PRIMARY SCHOOL
PS2704006,BUNAMHALA MB PRIMARY SCHOOL
PS2704007,CHINAMILI PRIMARY SCHOOL
PS2704008,DASINA 'A' PRIMARY SCHOOL
PS2704009,DASINA 'B' PRIMARY SCHOOL
PS2704010,GAMBASINGU 'A' PRIMARY SCHOOL
PS2704011,GAMBASINGU 'B' PRIMARY SCHOOL
PS2704012,GASWA PRIMARY SCHOOL
PS2704013,HABIYA PRIMARY SCHOOL
PS2704014,IDOSELO PRIMARY SCHOOL
PS2704015,IKINDILO PRIMARY SCHOOL
PS2704016,IKUNGULIPU 'A' PRIMARY SCHOOL
PS2704017,IKUNGULIPU 'B' PRIMARY SCHOOL
PS2704018,INALO PRIMARY SCHOOL
PS2704084,IPILILI PRIMARY SCHOOL
PS2704019,ISENGWA PRIMARY SCHOOL
PS2704020,ITUBILO PRIMARY SCHOOL
PS2704021,KABALE PRIMARY SCHOOL
PS2704022,KASHISHI PRIMARY SCHOOL
PS2704023,KIDULA PRIMARY SCHOOL
PS2704024,KIMALI PRIMARY SCHOOL
PS2704025,KINANG'WELI PRIMARY SCHOOL
PS2704026,LAGANGABILILI PRIMARY SCHOOL
PS2704027,LAINI 'A' PRIMARY SCHOOL
PS2704028,LAINI 'B' PRIMARY SCHOOL
PS2704029,LALANG'OMBE PRIMARY SCHOOL
PS2704089,LALI PRIMARY SCHOOL
PS2704030,LONGALOMBOGO PRIMARY SCHOOL
PS2704031,LUGURU PRIMARY SCHOOL
PS2704032,LUNG'WA PRIMARY SCHOOL
PS2704033,MADILANA PRIMARY SCHOOL
PS2704034,MAHEMBE PRIMARY SCHOOL
PS2704105,MAKUTANO PRIMARY SCHOOL
PS2704090,MANASUBI PRIMARY SCHOOL
PS2704035,MHUNZE PRIMARY SCHOOL
PS2704036,MIGATO PRIMARY SCHOOL
PS2704037,MITOBO PRIMARY SCHOOL
PS2704082,MUSOMA PRIMARY SCHOOL
PS2704038,MWAGIMAGI PRIMARY SCHOOL
PS2704039,MWAKILANGI PRIMARY SCHOOL
PS2704040,MWAMAPALALA MSETO PRIMARY SCHOOL
PS2704042,MWAMIGAGANI PRIMARY SCHOOL
PS2704043,MWAMTANI 'A' PRIMARY SCHOOL
PS2704044,MWAMTANI 'B' PRIMARY SCHOOL
PS2704045,MWAMUNEMHA PRIMARY SCHOOL
PS2704046,MWAMUNGESHA PRIMARY SCHOOL
PS2704047,MWAMUNHU PRIMARY SCHOOL
PS2704041,MWANHUNDA PRIMARY SCHOOL
PS2704048,MWANUNUI PRIMARY SCHOOL
PS2704083,MWANYITANGA PRIMARY SCHOOL
PS2704080,MWAOGAMA PRIMARY SCHOOL
PS2704049,MWASWALE PRIMARY SCHOOL
PS2704050,NANGA 'A' PRIMARY SCHOOL
PS2704051,NANGA 'B' PRIMARY SCHOOL
PS2704052,NANGALE PRIMARY SCHOOL
PS2704053,NDOLELEJI PRIMARY SCHOOL
PS2704054,NGEME PRIMARY SCHOOL
PS2704055,NG'HESHA PRIMARY SCHOOL
PS2704085,NG'HOMANGO PRIMARY SCHOOL
PS2704056,NGUNO PRIMARY SCHOOL
PS2704057,NG'WABUKI PRIMARY SCHOOL
PS2704058,NG'WAGINDU PRIMARY SCHOOL
PS2704059,NG'WALALI PRIMARY SCHOOL
PS2704060,NG'WALUSHU PRIMARY SCHOOL
PS2704061,NG'WANG'WITA 'A' PRIMARY SCHOOL
PS2704062,NG'WANG'WITA 'B' PRIMARY SCHOOL
PS2704063,NHOBORA 'A' PRIMARY SCHOOL
PS2704064,NHOBORA 'B' PRIMARY SCHOOL
PS2704088,NJALU-MWANDULU PRIMARY SCHOOL
PS2704065,NKOLOLO ITILIMA PRIMARY SCHOOL
PS2704066,NKOMA 'A' PRIMARY SCHOOL
PS2704067,NKOMA 'B' PRIMARY SCHOOL
PS2704068,NKUYU PRIMARY SCHOOL
PS2704069,NTENGA PRIMARY SCHOOL
PS2704070,NYAMALAPA PRIMARY SCHOOL
PS2704087,NYANG'OMBE PRIMARY SCHOOL
PS2704081,NYANTUGUTU PRIMARY SCHOOL
PS2704071,SAGATA PRIMARY SCHOOL
PS2704086,SALI  PRIMARY SCHOOL
PS2704072,SAWIDA 'A' PRIMARY SCHOOL
PS2704073,SAWIDA 'B' PRIMARY SCHOOL
PS2704074,SENANI PRIMARY SCHOOL
PS2704075,SHISHANI PRIMARY SCHOOL
PS2704103,SIMIYU PRIMARY SCHOOL
PS2704076,SUNZULA 'A' PRIMARY SCHOOL
PS2704077,SUNZULA 'B' PRIMARY SCHOOL
PS2704078,ZAGAYU PRIMARY SCHOOL
PS2704079,ZANZUI PRIMARY SCHOOL
PS2705001,AZIMIO PRIMARY SCHOOL
PS2705002,BINZA PRIMARY SCHOOL
PS2705003,BUDEKWA PRIMARY SCHOOL
PS2705004,BUGARAMA PRIMARY SCHOOL
PS2705005,BUHANGIJA PRIMARY SCHOOL
PS2705006,BUHUNGUKILA PRIMARY SCHOOL
PS2705007,BUKANGILIJA PRIMARY SCHOOL
PS2705008,BUKIGI PRIMARY SCHOOL
PS2705009,BUSAMUDA PRIMARY SCHOOL
PS2705010,BUSHASHI PRIMARY SCHOOL
PS2705011,BUSHITARA PRIMARY SCHOOL
PS2705136,BUTALWA PRIMARY SCHOOL
PS2705012,BUYUBI PRIMARY SCHOOL
PS2705134,CASSAJO PRIMARY SCHOOL
PS2705013,DEKAPOLI PRIMARY SCHOOL
PS2705014,DODOMA PRIMARY SCHOOL
PS2705015,DULUNG'WA PRIMARY SCHOOL
PS2705016,FUNIKA PRIMARY SCHOOL
PS2705017,GULA PRIMARY SCHOOL
PS2705018,GUMALI PRIMARY SCHOOL
PS2705019,HINDUKI-'M' PRIMARY SCHOOL
PS2705020,HINDUKI-'S' PRIMARY SCHOOL
PS2705021,IGONGWA PRIMARY SCHOOL
PS2705119,IGUMANGOBO PRIMARY SCHOOL
PS2705022,IGUNYA PRIMARY SCHOOL
PS2705023,IGWATA PRIMARY SCHOOL
PS2705024,IKUNGU PRIMARY SCHOOL
PS2705025,IKUNGULYANKOMA PRIMARY SCHOOL
PS2705026,ILAMATA PRIMARY SCHOOL
PS2705027,ILAMBAMBASA PRIMARY SCHOOL
PS2705123,INENWA PRIMARY SCHOOL
PS2705028,IPILILO-'A' PRIMARY SCHOOL
PS2705029,IPILILO-'B' PRIMARY SCHOOL
PS2705030,ISAGENG'HE PRIMARY SCHOOL
PS2705031,ISANGA PRIMARY SCHOOL
PS2705032,ISHIMA PRIMARY SCHOOL
PS2705033,ISULILO PRIMARY SCHOOL
PS2705034,IWELIMO PRIMARY SCHOOL
PS2705035,IYOGELO PRIMARY SCHOOL
PS2705036,JIHU PRIMARY SCHOOL
PS2705037,JIJA-'A' PRIMARY SCHOOL
PS2705038,JIJA-'B' PRIMARY SCHOOL
PS2705039,JILAGO PRIMARY SCHOOL
PS2705040,KADOTO PRIMARY SCHOOL
PS2705041,KAKOLA PRIMARY SCHOOL
PS2705042,KIDABU PRIMARY SCHOOL
PS2705043,KIDAGANDA PRIMARY SCHOOL
PS2705044,KIDEMA PRIMARY SCHOOL
PS2705045,KILOLELI PRIMARY SCHOOL
PS2705046,KINAMWIGULU PRIMARY SCHOOL
PS2705047,KIZUNGU PRIMARY SCHOOL
PS2705048,KULIMI PRIMARY SCHOOL
PS2705049,LALAGO-NJE PRIMARY SCHOOL
PS2705050,LALAGO-UFUNDI PRIMARY SCHOOL
PS2705051,LALI PRIMARY SCHOOL
PS2705138,MAJENGO PRIMARY SCHOOL
PS2705129,MALAMPAKA 'B' PRIMARY SCHOOL
PS2705052,MALAMPAKA PRIMARY SCHOOL
PS2705053,MALITA PRIMARY SCHOOL
PS2705054,MANDANG'OMBE PRIMARY SCHOOL
PS2705055,MASANWA PRIMARY SCHOOL
PS2705056,MASELA PRIMARY SCHOOL
PS2705057,MASWA PRIMARY SCHOOL
PS2705058,MATALAMBULI PRIMARY SCHOOL
PS2705059,MBARAGANE PRIMARY SCHOOL
PS2705060,MKAPA PRIMARY SCHOOL
PS2705061,MLIMANI PRIMARY SCHOOL
PS2705062,MPINDO PRIMARY SCHOOL
PS2705063,MUHIDA PRIMARY SCHOOL
PS2705064,MWABADIMI PRIMARY SCHOOL
PS2705065,MWABAGALU-'S' PRIMARY SCHOOL
PS2705066,MWABARATURU PRIMARY SCHOOL
PS2705067,MWABAYANDA PRIMARY SCHOOL
PS2705068,MWABOMBA PRIMARY SCHOOL
PS2705121,MWABUJIKU PRIMARY SCHOOL
PS2705069,MWABUKI PRIMARY SCHOOL
PS2705070,MWABULIMBU PRIMARY SCHOOL
PS2705071,MWADILA-'A' PRIMARY SCHOOL
PS2705072,MWADILA-'B' PRIMARY SCHOOL
PS2705073,MWAFA PRIMARY SCHOOL
PS2705074,MWAFUMBUKA PRIMARY SCHOOL
PS2705124,MWAKABEYA PRIMARY SCHOOL
PS2705075,MWAKIDIGA PRIMARY SCHOOL
PS2705132,MWAKULILIMA PRIMARY SCHOOL
PS2705076,MWALIGA PRIMARY SCHOOL
PS2705078,MWAMANENGE-'A' PRIMARY SCHOOL
PS2705077,MWAMANENGE-'B' PRIMARY SCHOOL
PS2705079,MWAMASHINDIKE PRIMARY SCHOOL
PS2705080,MWAMIHANZA PRIMARY SCHOOL
PS2705081,MWAMITUMAI PRIMARY SCHOOL
PS2705082,MWANDETE PRIMARY SCHOOL
PS2705083,MWANDU PRIMARY SCHOOL
PS2705084,MWANG'ANDA PRIMARY SCHOOL
PS2705085,MWANG'HONOLI PRIMARY SCHOOL
PS2705086,MWANHEGELE PRIMARY SCHOOL
PS2705087,MWANINDO PRIMARY SCHOOL
PS2705088,MWANUNDI PRIMARY SCHOOL
PS2705089,MWASAYI PRIMARY SCHOOL
PS2705090,MWASHEGESHI PRIMARY SCHOOL
PS2705091,MWASITA PRIMARY SCHOOL
PS2705092,MWATIGI PRIMARY SCHOOL
PS2705093,MWATUMBE PRIMARY SCHOOL
PS2705125,MWAWAYI PRIMARY SCHOOL
PS2705094,NG'HAMI PRIMARY SCHOOL
PS2705095,NG'HAYA PRIMARY SCHOOL
PS2705131,NG'HUNGU PRIMARY SCHOOL
PS2705120,NGONGWA PRIMARY SCHOOL
PS2705126,NGUDU PRIMARY SCHOOL
PS2705096,NGULIGULI PRIMARY SCHOOL
PS2705122,NHELELA PRIMARY SCHOOL
PS2705097,NJIAPANDA PRIMARY SCHOOL
PS2705098,NTUZU PRIMARY SCHOOL
PS2705099,NYABUBINZA PRIMARY SCHOOL
PS2705100,NYALIKUNGU PRIMARY SCHOOL
PS2705101,NYANGUGANWA PRIMARY SCHOOL
PS2705102,NYASHIMBA PRIMARY SCHOOL
PS2705137,NZAGAMO PRIMARY SCHOOL
PS2705103,SANGAMWALUGESHA PRIMARY SCHOOL
PS2705104,SANGAMWAMPUYA PRIMARY SCHOOL
PS2705105,SAYUSAYU PRIMARY SCHOOL
PS2705106,SENANI PRIMARY SCHOOL
PS2705107,SENG'WA PRIMARY SCHOOL
PS2705108,SHANWA PRIMARY SCHOOL
PS2705109,SHINYANGA PRIMARY SCHOOL
PS2705110,SHISHIYU PRIMARY SCHOOL
PS2705111,SOLA PRIMARY SCHOOL
PS2705128,SOMANDA PRIMARY SCHOOL
PS2705112,ST JOSEPHINE BAKHITA PRIMARY SCHOOL
PS2705127,SULIGI PRIMARY SCHOOL
PS2705113,SULU PRIMARY SCHOOL
PS2705114,WIGELEKELO PRIMARY SCHOOL
PS2705115,ZABAZABA PRIMARY SCHOOL
PS2705116,ZANZUI PRIMARY SCHOOL
PS2705118,ZAWA PRIMARY SCHOOL
PS2705117,ZEBEYA PRIMARY SCHOOL
PS2706001,BALULI PRIMARY SCHOOL
PS2706125,BOMANI PRIMARY SCHOOL
PS2706002,BUHANGIJA PRIMARY SCHOOL
PS2706003,BUKUNDI PRIMARY SCHOOL
PS2706004,BULYASHI-'A' PRIMARY SCHOOL
PS2706005,BULYASHI-'B' PRIMARY SCHOOL
PS2706006,BUSIA PRIMARY SCHOOL
PS2706007,BUTULI PRIMARY SCHOOL
PS2706008,CHAMBALA PRIMARY SCHOOL
PS2706009,DAKAMA PRIMARY SCHOOL
PS2706117,DUMANANG PRIMARY SCHOOL
PS2706010,IGOBE PRIMARY SCHOOL
PS2706011,IGUSHILU PRIMARY SCHOOL
PS2706012,IKIGIJO PRIMARY SCHOOL
PS2706013,IKIGIJO-NKOMA PRIMARY SCHOOL
PS2706014,IKONDO PRIMARY SCHOOL
PS2706015,IMALASEKO PRIMARY SCHOOL
PS2706016,INONELWA PRIMARY SCHOOL
PS2706017,IRAMBA-NDOGO PRIMARY SCHOOL
PS2706018,ISANGA PRIMARY SCHOOL
PS2706019,ISANGIJO PRIMARY SCHOOL
PS2706020,ISEBANDA PRIMARY SCHOOL
PS2706021,ISENGWA PRIMARY SCHOOL
PS2706022,ITABA PRIMARY SCHOOL
PS2706023,ITONGOLYANGAMBA PRIMARY SCHOOL
PS2706024,JINAMO PRIMARY SCHOOL
PS2706025,KABONDO PRIMARY SCHOOL
PS2706124,KASALA PRIMARY SCHOOL
PS2706026,KISESA PRIMARY SCHOOL
PS2706027,LATA PRIMARY SCHOOL
PS2706028,LINGEKA PRIMARY SCHOOL
PS2706029,LONGALONHIGA PRIMARY SCHOOL
PS2706030,LUBIGA PRIMARY SCHOOL
PS2706031,LUKALE PRIMARY SCHOOL
PS2706032,MABAMBASI PRIMARY SCHOOL
PS2706033,MAKAO PRIMARY SCHOOL
PS2706034,MAKOMANGWA PRIMARY SCHOOL
PS2706035,MALUGALA PRIMARY SCHOOL
PS2706036,MALWILO PRIMARY SCHOOL
PS2706037,MALWILO-MNADANI PRIMARY SCHOOL
PS2706114,MANG'WINA PRIMARY SCHOOL
PS2706038,MASANGA PRIMARY SCHOOL
PS2706039,MATALE PRIMARY SCHOOL
PS2706040,MBALAGANE PRIMARY SCHOOL
PS2706041,MBUGAYABANG'HYA PRIMARY SCHOOL
PS2706042,MBUSHI PRIMARY SCHOOL
PS2706118,MBUYUNI PRIMARY SCHOOL
PS2706043,MHUMUNU PRIMARY SCHOOL
PS2706044,MING'ONGWA PRIMARY SCHOOL
PS2706045,MINYANDA PRIMARY SCHOOL
PS2706115,MSHIKAMANO 'B' PRIMARY SCHOOL
PS2706046,MSHIKAMANO PRIMARY SCHOOL
PS2706047,MUUNGANO PRIMARY SCHOOL
PS2706048,MWABAGALU PRIMARY SCHOOL
PS2706049,MWABAGIMU PRIMARY SCHOOL
PS2706050,MWABAGOSHA PRIMARY SCHOOL
PS2706051,MWABALEBI PRIMARY SCHOOL
PS2706052,MWABULUTAGO PRIMARY SCHOOL
PS2706053,MWABUMA PRIMARY SCHOOL
PS2706054,MWABUSALU PRIMARY SCHOOL
PS2706055,MWABUZO PRIMARY SCHOOL
PS2706056,MWAFUGUJI PRIMARY SCHOOL
PS2706057,MWAGAYI PRIMARY SCHOOL
PS2706058,MWAGENI PRIMARY SCHOOL
PS2706059,MWAGWILA PRIMARY SCHOOL
PS2706060,MWAJIDALALA PRIMARY SCHOOL
PS2706122,MWAJIMOSO PRIMARY SCHOOL
PS2706061,MWAKALUBA PRIMARY SCHOOL
PS2706062,MWAKASUMBI PRIMARY SCHOOL
PS2706063,MWAKIPOPO PRIMARY SCHOOL
PS2706064,MWAKIPUGILA PRIMARY SCHOOL
PS2706065,MWAKISANDU-'A' PRIMARY SCHOOL
PS2706066,MWAKISANDU-'B' PRIMARY SCHOOL
PS2706067,MWAMAGEMBE PRIMARY SCHOOL
PS2706068,MWAMALOLE PRIMARY SCHOOL
PS2706069,MWAMANIMBA PRIMARY SCHOOL
PS2706070,MWAMANONGU PRIMARY SCHOOL
PS2706071,MWAMANONI PRIMARY SCHOOL
PS2706116,MWAMASHIMBA PRIMARY SCHOOL
PS2706072,MWAMATIGA PRIMARY SCHOOL
PS2706073,MWAMBEGWA PRIMARY SCHOOL
PS2706074,MWAMBITI PRIMARY SCHOOL
PS2706075,MWAMHONGO PRIMARY SCHOOL
PS2706076,MWAMISHALI PRIMARY SCHOOL
PS2706077,MWANDOYA PRIMARY SCHOOL
PS2706126,MWANDU IKINDILO PRIMARY SCHOOL
PS2706078,MWANDU-ITINJE PRIMARY SCHOOL
PS2706079,MWANDU-KISESA PRIMARY SCHOOL
PS2706080,MWANG'HUMBI PRIMARY SCHOOL
PS2706081,MWANGIKULU PRIMARY SCHOOL
PS2706082,MWANGUDO PRIMARY SCHOOL
PS2706083,MWANHUZI PRIMARY SCHOOL
PS2706084,MWANINDWA PRIMARY SCHOOL
PS2706085,MWANJOLO PRIMARY SCHOOL
PS2706086,MWANYAGULA PRIMARY SCHOOL
PS2706087,MWANYAHINA PRIMARY SCHOOL
PS2706088,MWANZAGAMBA PRIMARY SCHOOL
PS2706089,MWANZUGI PRIMARY SCHOOL
PS2706090,MWASENGELA PRIMARY SCHOOL
PS2706091,MWASHATA PRIMARY SCHOOL
PS2706092,MWAUKOLI PRIMARY SCHOOL
PS2706093,NATA PRIMARY SCHOOL
PS2706094,NG'HANGA PRIMARY SCHOOL
PS2706095,NG'HOBOKO PRIMARY SCHOOL
PS2706113,NG'HUNGULU PRIMARY SCHOOL
PS2706096,NGUGUNU PRIMARY SCHOOL
PS2706097,NKOMA PRIMARY SCHOOL
PS2706098,NTOBO PRIMARY SCHOOL
PS2706099,NYANZA PRIMARY SCHOOL
PS2706100,NZANZA PRIMARY SCHOOL
PS2706101,PAJI PRIMARY SCHOOL
PS2706112,PANAEL PRIMARY SCHOOL
PS2706102,SAKASAKA-'A' PRIMARY SCHOOL
PS2706103,SAKASAKA-'B' PRIMARY SCHOOL
PS2706104,SANGA-ITINJE PRIMARY SCHOOL
PS2706105,SAPA PRIMARY SCHOOL
PS2706106,SEMU PRIMARY SCHOOL
PS2706107,SHUSHUNI PRIMARY SCHOOL
PS2706108,SUNGU PRIMARY SCHOOL
PS2706109,TINDABULIGI PRIMARY SCHOOL
PS2706110,USIULIZE PRIMARY SCHOOL
PS2706111,WITAMHIYA PRIMARY SCHOOL
PS3102001,BANJI PRIMARY SCHOOL
PS3102002,BUFULA PRIMARY SCHOOL
PS3102071,BULANGA PRIMARY SCHOOL
PS3102003,BUPIGU PRIMARY SCHOOL
PS3102004,BWENDA PRIMARY SCHOOL
PS3102005,CHABU PRIMARY SCHOOL
PS3102006,CHEMBE PRIMARY SCHOOL
PS3102007,CHIBILA PRIMARY SCHOOL
PS3102008,CHIKUMBULU PRIMARY SCHOOL
PS3102009,CHILEMBA PRIMARY SCHOOL
PS3102010,CHITETE PRIMARY SCHOOL
PS3102076,HASONGWA PRIMARY SCHOOL
PS3102011,IBABA PRIMARY SCHOOL
PS3102012,IBETA PRIMARY SCHOOL
PS3102013,IBEZYA PRIMARY SCHOOL
PS3102014,IBUNGU PRIMARY SCHOOL
PS3102015,IGUMILA PRIMARY SCHOOL
PS3102085,IGWILIZYA PRIMARY SCHOOL
PS3102016,IKINGA PRIMARY SCHOOL
PS3102019,IKUMBILO PRIMARY SCHOOL
PS3102017,ILANGA PRIMARY SCHOOL
PS3102068,ILEYA PRIMARY SCHOOL
PS3102073,ILOMBA PRIMARY SCHOOL
PS3102018,ILULU PRIMARY SCHOOL
PS3102020,IPANDE PRIMARY SCHOOL
PS3102078,IPANGA PRIMARY SCHOOL
PS3102089,IPAPA PRIMARY SCHOOL
PS3102021,IPOKA PRIMARY SCHOOL
PS3102066,ISHENTA PRIMARY SCHOOL
PS3102069,ISHINGA PRIMARY SCHOOL
PS3102022,ISOKO PRIMARY SCHOOL
PS3102023,ISONGOLE PRIMARY SCHOOL
PS3102090,ITABA PRIMARY SCHOOL
PS3102024,ITALE PRIMARY SCHOOL
PS3102025,ITEGA PRIMARY SCHOOL
PS3102026,ITUMBA PRIMARY SCHOOL
PS3102063,IWALA PRIMARY SCHOOL
PS3102027,IZUBA PRIMARY SCHOOL
PS3102028,KABALE PRIMARY SCHOOL
PS3102072,KAGURU PRIMARY SCHOOL
PS3102029,KALEMBO PRIMARY SCHOOL
PS3102030,KAPETA PRIMARY SCHOOL
PS3102032,KASANGA PRIMARY SCHOOL
PS3102031,KISALALA PRIMARY SCHOOL
PS3102033,KISYESYE PRIMARY SCHOOL
PS3102034,LALI PRIMARY SCHOOL
PS3102035,LUPANDO PRIMARY SCHOOL
PS3102036,LUPASO PRIMARY SCHOOL
PS3102037,LUSALALA PRIMARY SCHOOL
PS3102087,LUSUNGO PRIMARY SCHOOL
PS3102038,LUSWISI PRIMARY SCHOOL
PS3102039,MABULA PRIMARY SCHOOL
PS3102040,MAKOGA PRIMARY SCHOOL
PS3102041,MALANGALI PRIMARY SCHOOL
PS3102042,MAPOGORO PRIMARY SCHOOL
PS3102074,MBALULA PRIMARY SCHOOL
PS3102075,MBANGALA PRIMARY SCHOOL
PS3102043,MBEBE PRIMARY SCHOOL
PS3102044,MBEMBATI PRIMARY SCHOOL
PS3102077,MCHALA PRIMARY SCHOOL
PS3102045,MFULU PRIMARY SCHOOL
PS3102046,MGAYA PRIMARY SCHOOL
PS3102081,MKOMBOZI PRIMARY SCHOOL
PS3102047,MKUMBUKWA PRIMARY SCHOOL
PS3102048,MLALE PRIMARY SCHOOL
PS3102084,MPAKANI PRIMARY SCHOOL
PS3102049,MSIA PRIMARY SCHOOL
PS3102062,MTIMA PRIMARY SCHOOL
PS3102050,MTULA PRIMARY SCHOOL
PS3102082,MUUNGANO PRIMARY SCHOOL
PS3102051,NAMASELE PRIMARY SCHOOL
PS3102079,NDAPWA PRIMARY SCHOOL
PS3102052,NDOLA PRIMARY SCHOOL
PS3102053,NGULILO PRIMARY SCHOOL
PS3102054,NGULUGULU PRIMARY SCHOOL
PS3102065,NTEMBO PRIMARY SCHOOL
PS3102080,NYERERE PRIMARY SCHOOL
PS3102055,RUNGWA PRIMARY SCHOOL
PS3102056,SANGE PRIMARY SCHOOL
PS3102057,SAPANDA PRIMARY SCHOOL
PS3102058,SHEYO PRIMARY SCHOOL
PS3102067,SHIKUNGA PRIMARY SCHOOL
PS3102059,SHINJI PRIMARY SCHOOL
PS3102060,SHIRINGA PRIMARY SCHOOL
PS3102064,SHUBA PRIMARY SCHOOL
PS3102083,UMOJA PRIMARY SCHOOL
PS3102061,YENZEBWE PRIMARY SCHOOL
PS3102070,YULI PRIMARY SCHOOL
PS3103001,BARA PRIMARY SCHOOL
PS3103002,BONDENI PRIMARY SCHOOL
PS3103166,CANAAN MLOWO PRIMARY SCHOOL
PS3103003,CHIMBUYA PRIMARY SCHOOL
PS3103004,CHIZUMBI PRIMARY SCHOOL
PS3103203,DR. SAMIA S.H PRIMARY SCHOOL
PS3103188,EPHATA PRIMARY SCHOOL
PS3103193,GOD'S BRIDGE SONGWE PRIMARY SCHOOL
PS3103005,HALAMBO PRIMARY SCHOOL
PS3103006,HALOLI PRIMARY SCHOOL
PS3103007,HALUNGU PRIMARY SCHOOL
PS3103008,HAMPANGALA PRIMARY SCHOOL
PS3103009,HAMWELO PRIMARY SCHOOL
PS3103010,HANGOMBA PRIMARY SCHOOL
PS3103161,HANKALAGWA PRIMARY SCHOOL
PS3103143,HANKOMO PRIMARY SCHOOL
PS3103011,HANSEKETWA PRIMARY SCHOOL
PS3103012,HANTESYA PRIMARY SCHOOL
PS3103013,HARAKA PRIMARY SCHOOL
PS3103014,HASANGA PRIMARY SCHOOL
PS3103015,HATELELE PRIMARY SCHOOL
PS3103016,HATETE PRIMARY SCHOOL
PS3103172,HAYUNYI PRIMARY SCHOOL
PS3103017,HEZYA PRIMARY SCHOOL
PS3103144,HOLYWOOD PRIMARY SCHOOL
PS3103018,IBEMBWA PRIMARY SCHOOL
PS3103019,ICHENJEZYA PRIMARY SCHOOL
PS3103020,ICHESA PRIMARY SCHOOL
PS3103021,IDIBILA PRIMARY SCHOOL
PS3103022,IDIWILI PRIMARY SCHOOL
PS3103023,IDUNDA PRIMARY SCHOOL
PS3103024,IFUNGO PRIMARY SCHOOL
PS3103025,IGAMBA PRIMARY SCHOOL
PS3103026,IGANDUKA PRIMARY SCHOOL
PS3103027,IGUNDA PRIMARY SCHOOL
PS3103173,IGWILA PRIMARY SCHOOL
PS3103028,IHANDA PRIMARY SCHOOL
PS3103029,IHOWA PRIMARY SCHOOL
PS3103030,IKOMELA PRIMARY SCHOOL
PS3103031,IKONYA PRIMARY SCHOOL
PS3103145,IKUKWA PRIMARY SCHOOL
PS3103165,ILALANGURU PRIMARY SCHOOL
PS3103032,ILASI PRIMARY SCHOOL
PS3103033,ILEMBO PRIMARY SCHOOL
PS3103034,ILENGO PRIMARY SCHOOL
PS3103035,ILEYA PRIMARY SCHOOL
PS3103141,ILINDI PRIMARY SCHOOL
PS3103036,ILOLO PRIMARY SCHOOL
PS3103037,ILOMBA PRIMARY SCHOOL
PS3103038,ILYIKA PRIMARY SCHOOL
PS3103039,INSANI PRIMARY SCHOOL
PS3103040,IPANZYA PRIMARY SCHOOL
PS3103041,IPAPA PRIMARY SCHOOL
PS3103042,IPOROTO PRIMARY SCHOOL
PS3103043,IPUNGA PRIMARY SCHOOL
PS3103044,IPYANA PRIMARY SCHOOL
PS3103045,ISALALO PRIMARY SCHOOL
PS3103046,ISANDULA PRIMARY SCHOOL
PS3103047,ISANGU PRIMARY SCHOOL
PS3103146,ISANSA PRIMARY SCHOOL
PS3103048,ISELA PRIMARY SCHOOL
PS3103049,ISENZANYA PRIMARY SCHOOL
PS3103050,ISOWEZYA PRIMARY SCHOOL
PS3103051,ITAKA PRIMARY SCHOOL
PS3103052,ITEMBA PRIMARY SCHOOL
PS3103053,ITENTULA PRIMARY SCHOOL
PS3103054,ITEPULA PRIMARY SCHOOL
PS3103055,ITETE PRIMARY SCHOOL
PS3103056,ITUMPI PRIMARY SCHOOL
PS3103057,IVUGULA PRIMARY SCHOOL
PS3103058,IVWANGA PRIMARY SCHOOL
PS3103059,IWALANJE PRIMARY SCHOOL
PS3103060,IWEZI PRIMARY SCHOOL
PS3103184,IWEZYA PRIMARY SCHOOL
PS3103061,IYENGA PRIMARY SCHOOL
PS3103062,IYULA PRIMARY SCHOOL
PS3103147,IZIWILA PRIMARY SCHOOL
PS3103162,IZUMBI PRIMARY SCHOOL
PS3103063,IZYANICHE PRIMARY SCHOOL
PS3103174,JUHUDI PRIMARY SCHOOL
PS3103191,KABALE PRIMARY SCHOOL
PS3103176,KALOLENI PRIMARY SCHOOL
PS3103064,KILIMAMPIMBI PRIMARY SCHOOL
PS3103182,KIMONDO PRIMARY SCHOOL
PS3103148,LONDON PRIMARY SCHOOL
PS3103163,LUEMBA PRIMARY SCHOOL
PS3103149,LUKULULU PRIMARY SCHOOL
PS3103065,LUNGWA PRIMARY SCHOOL
PS3103066,LUSUNGO PRIMARY SCHOOL
PS3103067,LUTUMBI PRIMARY SCHOOL
PS3103068,LWATI PRIMARY SCHOOL
PS3103192,MABATINI PRIMARY SCHOOL
PS3103150,MAENDELEO PRIMARY SCHOOL
PS3103142,MAFUMBO PRIMARY SCHOOL
PS3103069,MAGAMBA PRIMARY SCHOOL
PS3103070,MAHENJE PRIMARY SCHOOL
PS3103151,MAJENGO PRIMARY SCHOOL
PS3103071,MAJIMOTO PRIMARY SCHOOL
PS3103072,MAKUA PRIMARY SCHOOL
PS3103175,MALEMA PRIMARY SCHOOL
PS3103073,MALINGO PRIMARY SCHOOL
PS3103074,MALOLO PRIMARY SCHOOL
PS3103075,MALONJI PRIMARY SCHOOL
PS3103076,MANINGA PRIMARY SCHOOL
PS3103160,MANYALA PRIMARY SCHOOL
PS3103077,MASANGULA PRIMARY SCHOOL
PS3103078,MASOKO PRIMARY SCHOOL
PS3103079,MBEWE PRIMARY SCHOOL
PS3103152,MBOJI PRIMARY SCHOOL
PS3103080,MBOZI PRIMARY SCHOOL
PS3103081,MBUGA PRIMARY SCHOOL
PS3103082,MBULU PRIMARY SCHOOL
PS3103083,MIMBI PRIMARY SCHOOL
PS3103084,MLANGALI PRIMARY SCHOOL
PS3103183,MLENJE PRIMARY SCHOOL
PS3103085,MLOWO PRIMARY SCHOOL
PS3103086,MPANDA PRIMARY SCHOOL
PS3103087,MPELA PRIMARY SCHOOL
PS3103088,MPITO PRIMARY SCHOOL
PS3103089,MPONELA PRIMARY SCHOOL
PS3103090,MSAMBA-I PRIMARY SCHOOL
PS3103091,MSANYILA PRIMARY SCHOOL
PS3103092,MSENSE PRIMARY SCHOOL
PS3103093,MSIYA PRIMARY SCHOOL
PS3103094,MSUNTE PRIMARY SCHOOL
PS3103095,MTUMBO PRIMARY SCHOOL
PS3103096,MTUNDURU PRIMARY SCHOOL
PS3103097,MUUNGANO PRIMARY SCHOOL
PS3103153,MWANDA PRIMARY SCHOOL
PS3103185,MWANJELWA PRIMARY SCHOOL
PS3103098,MWEMBE PRIMARY SCHOOL
PS3103099,MWENGE PRIMARY SCHOOL
PS3103100,MYOVIZI PRIMARY SCHOOL
PS3103101,NAMBALA PRIMARY SCHOOL
PS3103102,NAMBINZO PRIMARY SCHOOL
PS3103154,NAMILE PRIMARY SCHOOL
PS3103103,NAMLONGA PRIMARY SCHOOL
PS3103155,NAMPANJI PRIMARY SCHOOL
PS3103104,NAMWANGWA PRIMARY SCHOOL
PS3103105,NANSAMA PRIMARY SCHOOL
PS3103106,NANYALA PRIMARY SCHOOL
PS3103107,NANYUNYI PRIMARY SCHOOL
PS3103156,NAULONGO PRIMARY SCHOOL
PS3103108,NDOLEZI PRIMARY SCHOOL
PS3103164,NDYUDA PRIMARY SCHOOL
PS3103180,NJIAPANDA PRIMARY SCHOOL
PS3103109,NKANGA PRIMARY SCHOOL
PS3103171,NSALA PRIMARY SCHOOL
PS3103110,NSENGA PRIMARY SCHOOL
PS3103111,NSOGA PRIMARY SCHOOL
PS3103112,NSWIGA PRIMARY SCHOOL
PS3103157,NURU PRIMARY SCHOOL
PS3103113,NYIMBILI PRIMARY SCHOOL
PS3103114,NZOVU PRIMARY SCHOOL
PS3103168,OSWE PRIMARY SCHOOL
PS3103169,QUEEN OF THE APOSTLES PRIMARY SCHOOL
PS3103186,RADA PRIMARY SCHOOL
PS3103115,RUANDA PRIMARY SCHOOL
PS3103158,SAI PRIMARY SCHOOL
PS3103116,SAKAMWELA PRIMARY SCHOOL
PS3103117,SAMBEWE PRIMARY SCHOOL
PS3103118,SASENGA PRIMARY SCHOOL
PS3103119,SENJELE PRIMARY SCHOOL
PS3103120,SHASYA PRIMARY SCHOOL
PS3103121,SHIDUNDA PRIMARY SCHOOL
PS3103122,SHIHANDO PRIMARY SCHOOL
PS3103123,SHILANGA PRIMARY SCHOOL
PS3103124,SHITITI PRIMARY SCHOOL
PS3103125,SHITUNGURU PRIMARY SCHOOL
PS3103167,SHIWANDA PRIMARY SCHOOL
PS3103126,SHIWINGA PRIMARY SCHOOL
PS3103127,SHOMOLA PRIMARY SCHOOL
PS3103128,SIYA PRIMARY SCHOOL
PS3103129,SONGWE PRIMARY SCHOOL
PS3103170,SONGWE SUNRISE PRIMARY SCHOOL
PS3103130,ST THOMAS MORE PRIMARY SCHOOL
PS3103131,SUMBALWELA PRIMARY SCHOOL
PS3103159,TAZARA PRIMARY SCHOOL
PS3103132,TWINZI PRIMARY SCHOOL
PS3103181,ULANDI PRIMARY SCHOOL
PS3103133,ULULU PRIMARY SCHOOL
PS3103177,USUNJE PRIMARY SCHOOL
PS3103134,UTAMBALILA PRIMARY SCHOOL
PS3103135,UYOLE PRIMARY SCHOOL
PS3103136,VWAWA PRIMARY SCHOOL
PS3103137,WASA PRIMARY SCHOOL
PS3103138,WELU-I PRIMARY SCHOOL
PS3103139,WELU-II PRIMARY SCHOOL
PS3103140,ZELEZETA PRIMARY SCHOOL
PS3104068,CHAFUMA  PRIMARY SCHOOL
PS3104001,CHILANGU PRIMARY SCHOOL
PS3104002,CHILULUMO PRIMARY SCHOOL
PS3104003,CHINDI PRIMARY SCHOOL
PS3104004,CHIPUMPU PRIMARY SCHOOL
PS3104005,CHISITU PRIMARY SCHOOL
PS3104006,CHITETE PRIMARY SCHOOL
PS3104086,CHIULA PRIMARY SCHOOL
PS3104007,CHIWANDA PRIMARY SCHOOL
PS3104008,CHOLE PRIMARY SCHOOL
PS3104009,CHUO PRIMARY SCHOOL
PS3104010,IKANA PRIMARY SCHOOL
PS3104069,ILENGO  PRIMARY SCHOOL
PS3104011,IPANGA PRIMARY SCHOOL
PS3104012,IPATA PRIMARY SCHOOL
PS3104013,IPATIKANA PRIMARY SCHOOL
PS3104014,ISANGA PRIMARY SCHOOL
PS3104015,ISUNDA PRIMARY SCHOOL
PS3104016,ITELEFYA PRIMARY SCHOOL
PS3104080,ITUMBA PRIMARY SCHOOL
PS3104017,ITUMBULA PRIMARY SCHOOL
PS3104018,IVUNA PRIMARY SCHOOL
PS3104019,IYENDWE PRIMARY SCHOOL
PS3104020,KAKOZI PRIMARY SCHOOL
PS3104070,KALUNGU  PRIMARY SCHOOL
PS3104021,KAMSAMBA PRIMARY SCHOOL
PS3104022,KAMWALA PRIMARY SCHOOL
PS3104023,KAPELE PRIMARY SCHOOL
PS3104024,KASANU PRIMARY SCHOOL
PS3104025,KASINDE PRIMARY SCHOOL
PS3104026,KITETE PRIMARY SCHOOL
PS3104071,LOZI  PRIMARY SCHOOL
PS3104072,LWASHO PRIMARY SCHOOL
PS3104027,LWATWE PRIMARY SCHOOL
PS3104028,MACHINDO PRIMARY SCHOOL
PS3104029,MAKAMBA PRIMARY SCHOOL
PS3104081,MALANGWA PRIMARY SCHOOL
PS3104030,MALOLI PRIMARY SCHOOL
PS3104088,MANG'ULA PRIMARY SCHOOL
PS3104031,MASANYINTA PRIMARY SCHOOL
PS3104078,MATETE PRIMARY SCHOOL
PS3104082,MBALWA PRIMARY SCHOOL
PS3104073,MBAO PRIMARY SCHOOL
PS3104096,MBUYUNI PRIMARY SCHOOL
PS3104032,MENGO PRIMARY SCHOOL
PS3104033,MFUTO PRIMARY SCHOOL
PS3104034,MKOMBA PRIMARY SCHOOL
PS3104035,MKONKO PRIMARY SCHOOL
PS3104036,MKULWE PRIMARY SCHOOL
PS3104085,MKUMBA PRIMARY SCHOOL
PS3104037,MKUTANO PRIMARY SCHOOL
PS3104038,MLOMBA PRIMARY SCHOOL
PS3104039,MNYUZI PRIMARY SCHOOL
PS3104076,MORAVIANI PRIMARY SCHOOL
PS3104040,MPAPA PRIMARY SCHOOL
PS3104041,MPUI PRIMARY SCHOOL
PS3104079,MSAMARIA MWEMA PRIMARY SCHOOL
PS3104042,MSANGANO PRIMARY SCHOOL
PS3104084,MSIA PRIMARY SCHOOL
PS3104043,MSUNGWE PRIMARY SCHOOL
PS3104083,MUUNGANO PRIMARY SCHOOL
PS3104044,MWENEEMBA PRIMARY SCHOOL
PS3104045,MYUNGA PRIMARY SCHOOL
PS3104077,NAIMBA PRIMARY SCHOOL
PS3104046,NAKAWALE PRIMARY SCHOOL
PS3104047,NAMCHINKA PRIMARY SCHOOL
PS3104048,NAMING'ONGO PRIMARY SCHOOL
PS3104074,NAMITOO PRIMARY SCHOOL
PS3104049,NAMSINDE I PRIMARY SCHOOL
PS3104050,NAMSINDE II PRIMARY SCHOOL
PS3104051,NAMTAMBALALA PRIMARY SCHOOL
PS3104052,NDALAMBO PRIMARY SCHOOL
PS3104053,NKALA PRIMARY SCHOOL
PS3104054,NKANGAMO PRIMARY SCHOOL
PS3104055,NSANZYA PRIMARY SCHOOL
PS3104056,NTEMBO PRIMARY SCHOOL
PS3104057,NTINGA PRIMARY SCHOOL
PS3104058,NTUNGWA PRIMARY SCHOOL
PS3104059,NYENJELE PRIMARY SCHOOL
PS3104060,NZOKA PRIMARY SCHOOL
PS3104061,SAMANG'OMBE PRIMARY SCHOOL
PS3104062,SANTE PRIMARY SCHOOL
PS3104063,SENGA PRIMARY SCHOOL
PS3104075,SILIWITI PRIMARY SCHOOL
PS3104064,TINDINGOMA PRIMARY SCHOOL
PS3104065,TONTELA PRIMARY SCHOOL
PS3104066,USOCHE PRIMARY SCHOOL
PS3104067,YALA PRIMARY SCHOOL
PS3101005,CHANG`OMBE PRIMARY SCHOOL
PS3101056,CHOTA PRIMARY SCHOOL
PS3101009,GALULA PRIMARY SCHOOL
PS3101017,GUA PRIMARY SCHOOL
PS3101024,IBOMA PRIMARY SCHOOL
PS3101006,IFUKO PRIMARY SCHOOL
PS3101061,IFWENKENYA PRIMARY SCHOOL
PS3101010,ILASILO PRIMARY SCHOOL
PS3101037,ILEYA PRIMARY SCHOOL
PS3101062,IPALA PRIMARY SCHOOL
PS3101043,ISANZU PRIMARY SCHOOL
PS3101012,ITINDI PRIMARY SCHOOL
PS3101050,ITIZIRO PRIMARY SCHOOL
PS3101041,IYOVYO PRIMARY SCHOOL
PS3101035,KABONDE PRIMARY SCHOOL
PS3101018,KAKOMA PRIMARY SCHOOL
PS3101057,KALANDA PRIMARY SCHOOL
PS3101003,KALOLENI PRIMARY SCHOOL
PS3101028,KAMBARAGE PRIMARY SCHOOL
PS3101051,KANGA PRIMARY SCHOOL
PS3101021,KAPALALA PRIMARY SCHOOL
PS3101034,KIKONDO PRIMARY SCHOOL
PS3101022,KININGA PRIMARY SCHOOL
PS3101054,MAGADINI PRIMARY SCHOOL
PS3101026,MAGAMBA PRIMARY SCHOOL
PS3101046,MALEZA PRIMARY SCHOOL
PS3101020,MANDA JUU PRIMARY SCHOOL
PS3101044,MANDA PRIMARY SCHOOL
PS3101002,MAWENI PRIMARY SCHOOL
PS3101033,MBALA PRIMARY SCHOOL
PS3101045,MBANGALA PRIMARY SCHOOL
PS3101030,MBUYUNI PRIMARY SCHOOL
PS3101014,MHEZA PRIMARY SCHOOL
PS3101001,MKWAJUNI PRIMARY SCHOOL
PS3101042,MPONA PRIMARY SCHOOL
PS3101032,MWAGALA PRIMARY SCHOOL
PS3101036,MWAMBANI PRIMARY SCHOOL
PS3101029,NAHALYONGO PRIMARY SCHOOL
PS3101039,NAMAMBO PRIMARY SCHOOL
PS3101013,NAMKUKWE PRIMARY SCHOOL
PS3101031,NDANGA PRIMARY SCHOOL
PS3101048,NGWALA K PRIMARY SCHOOL
PS3101049,NGWALA M PRIMARY SCHOOL
PS3101059,NJELENJE PRIMARY SCHOOL
PS3101004,OSTERBAY PRIMARY SCHOOL
PS3101016,PATAMELA PRIMARY SCHOOL
PS3101025,RUKWA PRIMARY SCHOOL
PS3101052,SAWI PRIMARY SCHOOL
PS3101015,SAZA PRIMARY SCHOOL
PS3101047,SAZAFALLS PRIMARY SCHOOL
PS3101019,SOME PRIMARY SCHOOL
PS3101027,SONGAMBELE PRIMARY SCHOOL
PS3101011,SONGWE PRIMARY SCHOOL
PS3101008,SWELA PRIMARY SCHOOL
PS3101053,TETE PRIMARY SCHOOL
PS3101040,TOTOWE PRIMARY SCHOOL
PS3101023,UDINDE PRIMARY SCHOOL
PS3101007,WANZANI PRIMARY SCHOOL
PS3101038,ZIRA PRIMARY SCHOOL
PS3105037,ADVENT PRIMARY SCHOOL
PS3105009,AZIMIO PRIMARY SCHOOL
PS3105060,BOAM PRIMARY SCHOOL
PS3105031,CHAPWA A PRIMARY SCHOOL
PS3105001,CHAPWA PRIMARY SCHOOL
PS3105004,CHIPAKA PRIMARY SCHOOL
PS3105011,CHIWEZI PRIMARY SCHOOL
PS3105040,HAISOJA PRIMARY SCHOOL
PS3105064,HIGH QUALITY PRIMARY SCHOOL
PS3105032,IPITO PRIMARY SCHOOL
PS3105068,ISANZO PRIMARY SCHOOL
PS3105051,ISENTI PRIMARY SCHOOL
PS3105033,KAPEMBE PRIMARY SCHOOL
PS3105012,KATENJELE PRIMARY SCHOOL
PS3105013,KATETE PRIMARY SCHOOL
PS3105059,KISANGANI PRIMARY SCHOOL
PS3105067,KOKOTO PRIMARY SCHOOL
PS3105008,MAENDELEO PRIMARY SCHOOL
PS3105005,MAJENGO PRIMARY SCHOOL
PS3105034,MAKAMBINI PRIMARY SCHOOL
PS3105014,MANGA PRIMARY SCHOOL
PS3105010,MAPOROMOKO PRIMARY SCHOOL
PS3105061,MATES PRIMARY SCHOOL
PS3105050,MBASSA PRIMARY SCHOOL
PS3105057,MELELANI PRIMARY SCHOOL
PS3105015,MIGOMBANI PRIMARY SCHOOL
PS3105007,MKOMBOZI PRIMARY SCHOOL
PS3105016,MLIMANI PRIMARY SCHOOL
PS3105019,MPAKANI PRIMARY SCHOOL
PS3105017,MPANDE PRIMARY SCHOOL
PS3105018,MPEMBA PRIMARY SCHOOL
PS3105020,MSAMBA II PRIMARY SCHOOL
PS3105038,MSINDE PRIMARY SCHOOL
PS3105021,MWAKA PRIMARY SCHOOL
PS3105056,NAJOJO PRIMARY SCHOOL
PS3105069,NAMANZYANZYA PRIMARY SCHOOL
PS3105022,NAMOLE PRIMARY SCHOOL
PS3105023,NANDANGA PRIMARY SCHOOL
PS3105035,NANSELE PRIMARY SCHOOL
PS3105046,NEW DREAM PRIMARY SCHOOL
PS3105047,NEW HOPE PRIMARY SCHOOL
PS3105024,NIUMBA PRIMARY SCHOOL
PS3105062,NIZA PRIMARY SCHOOL
PS3105002,SILVESTER PRIMARY SCHOOL
PS3105025,SOGEA PRIMARY SCHOOL
PS3105036,TANGANYIKA PRIMARY SCHOOL
PS3105030,TAZARA PRIMARY SCHOOL
PS3105029,TULONGWE PRIMARY SCHOOL
PS3105026,TUNDUMA PRIMARY SCHOOL
PS3105006,UHURU PRIMARY SCHOOL
PS3105027,UMOJA PRIMARY SCHOOL
PS3105055,WILLIAM BRANHAM PRIMARY SCHOOL
PS3105028,WISDOM PRIMARY SCHOOL
