code,name
S.0101,AZANIA SECONDARY SCHOOL
S.0104,BWIRU BOYS' SECONDARY SCHOOL
S.0105,CHIDYA SECONDARY SCHOOL
S.0106,DUNG''UNYI SEMINARY
S.0107,LUTHERAN JUNIOR SEMINARY
S.0108,IFUNDA TECHNICAL SECONDARY SCHOOL
S.0110,ILBORU SECONDARY SCHOOL
S.0111,ITAGA SEMINARY
S.0112,IYUNGA TECHNICAL SECONDARY SCHOOL
S.0113,MAFINGA SEMINARY
S.0114,KAENGESA SEMINARY
S.0116,KANTALAMBA SECONDARY SCHOOL
S.0117,KASITA SEMINARY
S.0118,KATOKE SEMINARY
S.0119,KIBAHA SECONDARY SCHOOL
S.0121,ST. JAMES SEMINARY
S.0122,ST. PAUL THE APOSTLE SECONDARY SCHOOL
S.0124,LIKONDE SEMINARY
S.0127,MAKOKO SEMINARY
S.0128,MALANGALI SECONDARY SCHOOL
S.0130,MAUA SEMINARY
S.0134,MOSHI SECONDARY SCHOOL
S.0135,MOSHI TECHNICAL SECONDARY SCHOOL
S.0136,MUSOMA SECONDARY SCHOOL
S.0138,MPWAPWA SECONDARY SCHOOL
S.0139,MTWARA TECHNICAL SECONDARY SCHOOL
S.0140,MZUMBE SECONDARY SCHOOL
S.0141,NAMUPA SEMINARY
S.0146,NYEGEZI SEMINARY
S.0147,PUGU SECONDARY SCHOOL
S.0148,RUBYA SEMINARY
S.0152,SHINYANGA SECONDARY SCHOOL
S.0153,SONGEA BOYS' SECONDARY SCHOOL
S.0154,ST. PETER'S SEMINARY
S.0155,TABORA BOYS' SECONDARY SCHOOL
S.0156,TANGA TECHNICAL SECONDARY SCHOOL
S.0157,HANGA SEMINARY
S.0159,ST. JOSEPH'S ITERAMBOGO SEMINARY
S.0164,USA SEMINARY
S.0165,URU SEMINARY
S.0167,KIDUGALA LUTHERAN SEMINARY
S.0168,SANU SEMINARY
S.0169,BIHAWANA JUNIOR SEMINARY
S.0171,ARUSHA CATHOLIC SEMINARY
S.0172,DON BOSCO SEMINARY
S.0173,NYAMILAMA SECONDARY SCHOOL
S.0174,CONSOLATA SEMINARY
S.0176,LUSANGI MORAVIAN JUNIOR SEMINARY
S.0177,ST. MARY'S JUNIOR SEMINARY
S.0178,MANOW LUTHERAN JUNIOR SEMINARY
S.0179,ST. MARY'S SEMINARY MBALIZI
S.0180,ST. FRANCIS DE SALES SEMINARY
S.0181,KISARAWE LUTHERAN JUNIOR SEMINARY
S.0182,AL-FAROUQ SEMINARY
S.0183,STELLA MATUTINA LIGHANO SEMINARY
S.0184,AGAPE LUTHERAN J SEMINARY
S.0185,SENGEREMA SEMINARY
S.0186,RONDO JUNIOR SEMINARY
S.0187,AN-NOOR ISLAMIC BOYS' SEMINARY
S.0188,KIRINJIKO ISLAMIC SEMINARY
S.0189,FEZA BOYS' SECONDARY SCHOOL
S.0190,ST. JOSEPH-KILOCHA SEMINARY
S.0191,ST. MATHIAS MULUMBA SECONDARY SCHOOL
S.0192,ST. JOHN'S SEMINARY
S.0194,FARAJA SEMINARY
S.0195,ST. CAROLI SECONDARY SCHOOL
S.0196,ST. THOMAS MORE KIBOGORA SECONDARY SCHOOL
S.0197,MATANGINI ISLAMIC SEMINARY
S.0198,AILANGA LUTHERAN JUNIOR SEMINARY
S.0199,MSAMALA MUSLIM SEMINARY
S.0203,IRINGA GIRLS' SECONDARY SCHOOL
S.0204,JANGWANI SECONDARY SCHOOL
S.0205,KIBOSHO GIRLS' SECONDARY SCHOOL
S.0206,KILAKALA SECONDARY SCHOOL
S.0207,KIRAENI GIRLS' SECONDARY SCHOOL
S.0209,KOROGWE GIRLS' SECONDARY SCHOOL
S.0210,BIGWA SISTERS SEMINARY
S.0214,MSALATO SECONDARY SCHOOL
S.0217,PERAMIHO GIRLS' SECONDARY SCHOOL
S.0218,RUGAMBWA SECONDARY SCHOOL
S.0220,TABORA GIRLS' SECONDARY SCHOOL
S.0222,ZANAKI SECONDARY SCHOOL
S.0223,MASAMA GIRLS' SECONDARY SCHOOL
S.0224,KIFUNGILO GIRLS' SECONDARY SCHOOL
S.0225,CAGLIERO GIRLS' SECONDARY SCHOOL
S.0226,KAGUNGULI SECONDARY SCHOOL
S.0231,SUMVE GIRLS' SECONDARY SCHOOL
S.0232,HEKIMA GIRLS' SECONDARY SCHOOL
S.0233,ST. MARY'S MAZINDE JUU SECONDARY SCHOOL
S.0234,ST. LUISE MBINGA GIRLS' SECONDARY SCHOOL
S.0235,BUKUMBI SECONDARY SCHOOL
S.0236,KILIMANJARO ACADEMY SECONDARY SCHOOL
S.0237,ST. AGNES CHIPOLE SECONDARY SCHOOL
S.0238,MRUMA GIRLS' SECONDARY SCHOOL
S.0239,ST. FRANCIS GIRLS' SECONDARY SCHOOL
S.0240,ST. JOSEPH GIRLS' SEMINARY
S.0241,KOWAK GIRLS' SECONDARY SCHOOL
S.0242,ST. MARGARET SECONDARY SCHOOL
S.0243,USANGI GIRLS' SECONDARY SCHOOL
S.0244,MTWARA SISTERS SEMINARY
S.0245,PALLOTI GIRLS' SECONDARY SCHOOL
S.0246,MAASAE GIRLS' LUTHERAN SECONDARY SCHOOL
S.0247,BONICONSILI MABAMBA GIRLS' SECONDARY SCHOOL
S.0248,MARIAN GIRLS' SECONDARY SCHOOL
S.0249,LORETO GIRLS' SECONDARY SCHOOL
S.0250,ST. THERESE MURIGHA GIRLS' SECONDARY SCHOOL
S.0251,AT-TAAUN ISLAMIC GIRLS' SEMINARY
S.0252,AL-KHEIR ISLAMIC GIRLS' SEMINARY
S.0254,WALI UL ASR SEMINARY
S.0255,ST. CHRISTINA GIRLS' SECONDARY SCHOOL
S.0256,HURUMA GIRLS' SECONDARY SCHOOL
S.0257,MCF-MAKAMBAKO GIRLS' SECONDARY SCHOOL
S.0258,BARAMBA GIRLS' SECONDARY SCHOOL
S.0260,ST. ANN'S GIRLS' SEMINARY
S.0261,MLIMBA GIRLS' HIGH SECONDARY SCHOOL
S.0262,AMANI GIRLS' SECONDARY SCHOOL
S.0263,VISITATION GIRLS' SECONDARY SCHOOL
S.0264,BARBRO-JOHANSSON SECONDARY SCHOOL
S.0266,REGINA MUNDI GIRLS' SECONDARY SCHOOL
S.0267,ROSE MARIE GIRLS' HIGH SCHOOL
S.0268,BETHEL SABS GIRLS' SECONDARY SCHOOL
S.0269,ANWARITE GIRLS' SECONDARY SCHOOL
S.0270,ST. GETRUDE GIRLS' SECONDARY SCHOOL
S.0271,MANYUNYU SECONDARY SCHOOL
S.0273,ST. AGNES KWIRO GIRLS' SECONDARY SCHOOL
S.0274,SUNSHINE SECONDARY SCHOOL
S.0275,GLENRONS GIRLS' SECONDARY SCHOOL
S.0277,SPRING VALLEY GIRLS' SECONDARY SCHOOL
S.0278,IGUMBILO SECONDARY SCHOOL
S.0279,EMMABERG GIRLS' SECONDARY SCHOOL
S.0280,UMMU-SALAMA SECONDARY SCHOOL
S.0282,MISSION NJOMBE GIRLS' SECONDARY SCHOOL
S.0283,JOHN THE BAPTIST SECONDARY SCHOOL
S.0284,RONECA GIRLS' SECONDARY SCHOOL
S.0285,ST. THERESIA GIRLS'' SECONDARY SCHOOL
S.0286,JAMES SANGU SECONDARY SCHOOL
S.0287,KIPOK GIRLS' SECONDARY SCHOOL
S.0289,SOLACE GIRLS' SECONDARY SCHOOL
S.0291,GHOMME SECONDARY SCHOOL
S.0293,ATHENA SECONDARY SCHOOL
S.0294,MT. CARMEL SECONDARY SCHOOL
S.0295,PRECIOUS BLOOD SECONDARY SCHOOL
S.0296,BWERANYANGE GIRLS' SECONDARY SCHOOL
S.0297,QUEEN OF FAMILY SECONDARY SCHOOL
S.0298,FEZA GIRLS' SECONDARY SCHOOL
S.0302,ARUSHA SECONDARY SCHOOL
S.0304,BUKOBA SECONDARY SCHOOL
S.0305,BULUBA SECONDARY SCHOOL
S.0306,DODOMA SECONDARY SCHOOL
S.0307,DODOMA CENTRAL SECONDARY SCHOOL
S.0308,ENABOISHU SECONDARY SCHOOL
S.0310,FOREST HILL SECONDARY SCHOOL
S.0312,HIGHLANDS SECONDARY SCHOOL
S.0313,IKIZU SECONDARY SCHOOL
S.0314,KAZIMA SECONDARY SCHOOL
S.0316,KIBASILA SECONDARY SCHOOL
S.0318,KIBOHEHE SECONDARY SCHOOL
S.0323,LAKE SECONDARY SCHOOL
S.0324,LINDI SECONDARY SCHOOL
S.0325,LUGALO SECONDARY SCHOOL
S.0328,MAWENZI SECONDARY SCHOOL
S.0329,MAKUMIRA SECONDARY SCHOOL
S.0330,MBEYA SECONDARY SCHOOL
S.0331,MKONGE SECONDARY SCHOOL
S.0332,MOROGORO SECONDARY SCHOOL
S.0333,MWANZA SECONDARY SCHOOL
S.0335,MZIZIMA SECONDARY SCHOOL
S.0340,POPATLAL SECONDARY SCHOOL
S.0341,SANGU SECONDARY SCHOOL
S.0342,SHAABAN ROBERT SECONDARY SCHOOL
S.0345,USAGARA SECONDARY SCHOOL
S.0346,UYUI SECONDARY SCHOOL
S.0348,TUMAINI SECONDARY SCHOOL
S.0349,MANKA SECONDARY SCHOOL
S.0353,PARANE SECONDARY SCHOOL
S.0354,JITENGENI SECONDARY SCHOOL
S.0355,LOMWE SECONDARY SCHOOL
S.0356,VUNJO SECONDARY SCHOOL
S.0357,URU SECONDARY SCHOOL
S.0358,SHIGHATINI SECONDARY SCHOOL
S.0359,KIGURUNYEMBE SECONDARY SCHOOL
S.0360,KISHOJU SECONDARY SCHOOL
S.0361,SINGE SECONDARY SCHOOL
S.0362,IHANJA SECONDARY SCHOOL
S.0363,MWADUI SECONDARY SCHOOL
S.0367,KILOSA SECONDARY SCHOOL
S.0368,IMBORU SECONDARY SCHOOL
S.0371,LOMBETA SECONDARY SCHOOL
S.0372,KIRUA SECONDARY SCHOOL
S.0373,ITOPE SECONDARY SCHOOL
S.0374,LUPATA SECONDARY SCHOOL
S.0375,JUMUIYA SECONDARY SCHOOL
S.0376,SONI SEMINARY
S.0378,HEGONGO HOLY CROSS SECONDARY SCHOOL
S.0380,UCHAMA SECONDARY SCHOOL
S.0385,UJIJI SECONDARY SCHOOL
S.0386,GEITA SECONDARY SCHOOL
S.0387,KARAGWE SECONDARY SCHOOL
S.0388,MARANGU SECONDARY SCHOOL
S.0389,SHAURITANGA SECONDARY SCHOOL
S.0397,RULENGE SECONDARY SCHOOL
S.0401,NAMFUA SECONDARY SCHOOL
S.0405,BIHARAMULO SECONDARY SCHOOL
S.0406,KASHOZI SECONDARY SCHOOL
S.0407,MUGEZA SECONDARY SCHOOL
S.0409,MORINGE SOKOINE SECONDARY SCHOOL
S.0414,IAMBI SECONDARY SCHOOL
S.0417,MWAKALELI SECONDARY SCHOOL
S.0418,LUTENGANO SECONDARY SCHOOL
S.0419,CHOME SECONDARY SCHOOL
S.0420,CHANJALE SEMINARY
S.0426,WANGING'OMBE SECONDARY SCHOOL
S.0427,MAKAMBAKO SECONDARY SCHOOL
S.0428,MPECHI SECONDARY SCHOOL
S.0429,LUPEMBE SECONDARY SCHOOL
S.0430,UWEMBA SECONDARY SCHOOL
S.0431,MTWANGO SECONDARY SCHOOL
S.0432,JABAL-HIRA MUSLIM JUNIOR SEMINARY
S.0435,BISHOP MOSHI SECONDARY SCHOOL
S.0436,KAFULE SECONDARY SCHOOL
S.0439,BUPANDAGILA ADVENTIST SECONDARY SCHOOL
S.0441,KILWA SECONDARY SCHOOL
S.0442,BUHANGIJA SECONDARY SCHOOL
S.0443,META SECONDARY SCHOOL
S.0444,ITAMBA SECONDARY SCHOOL
S.0445,MWEMBETOGWA SECONDARY SCHOOL
S.0446,MGOLOLO SECONDARY SCHOOL
S.0447,MDABULO SECONDARY SCHOOL
S.0448,SADANI SECONDARY SCHOOL
S.0449,J.J. MUNGAI SECONDARY SCHOOL
S.0450,USOKE SECONDARY SCHOOL
S.0451,ENDAROFTA SECONDARY SCHOOL
S.0452,MADUNGA SECONDARY SCHOOL
S.0453,DONGOBESH SECONDARY SCHOOL
S.0454,ST. JOSEPH NGARENARO SECONDARY SCHOOL
S.0455,TWEYAMBE SECONDARY SCHOOL
S.0456,KINANGO SECONDARY SCHOOL
S.0457,IGAWILO SECONDARY SCHOOL
S.0459,NATIRO SECONDARY SCHOOL
S.0460,IRAMBO SECONDARY SCHOOL
S.0461,JOHN PAUL II KAHAMA SECONDARY SCHOOL
S.0463,NGOREME SECONDARY SCHOOL
S.0464,KILOMBERO SECONDARY SCHOOL
S.0465,JAMHURI SECONDARY SCHOOL
S.0468,KIRIKI SECONDARY SCHOOL
S.0471,MBOZI SECONDARY SCHOOL
S.0472,IPINDA SECONDARY SCHOOL
S.0473,KANYIGO SECONDARY SCHOOL
S.0474,KISOMACHI SECONDARY SCHOOL
S.0475,KIDIA SECONDARY SCHOOL
S.0476,MWANGAZA SECONDARY SCHOOL
S.0477,CHIMALA SECONDARY SCHOOL
S.0478,KIPOKE SECONDARY SCHOOL
S.0479,NRONGA SECONDARY SCHOOL
S.0480,NSOO SECONDARY SCHOOL
S.0482,ILUHYA SECONDARY SCHOOL
S.0484,MKINGA SECONDARY SCHOOL
S.0485,MAJENGO SECONDARY SCHOOL
S.0486,UOMBONI SECONDARY SCHOOL
S.0487,MADUNDA SECONDARY SCHOOL
S.0488,RUTABO SECONDARY SCHOOL
S.0489,SUJI SECONDARY SCHOOL
S.0490,SHEMSANGA SECONDARY SCHOOL
S.0491,ST.IGNAS BOYS SECONDARY SCHOOL
S.0492,KISHUMUNDU SECONDARY SCHOOL
S.0493,AL-HARAMAIN ISLAMIC SEMINARY
S.0496,JITEGEMEE SECONDARY SCHOOL
S.0499,OLALENI SECONDARY SCHOOL
S.0500,WANIKE SECONDARY SCHOOL
S.0503,LYAKIRIMU SECONDARY SCHOOL
S.0504,MRIKE SECONDARY SCHOOL
S.0506,UNGWASI SECONDARY SCHOOL
S.0507,ITENGULE SECONDARY SCHOOL
S.0508,MLAMA SECONDARY SCHOOL
S.0509,UCHIRA SECONDARY SCHOOL
S.0510,HOROMBO SECONDARY SCHOOL
S.0511,HANDENI SECONDARY SCHOOL
S.0513,MIHAYO SECONDARY SCHOOL
S.0514,UROKI SECONDARY SCHOOL
S.0515,ILULA SECONDARY SCHOOL
S.0516,MOMBO SECONDARY SCHOOL
S.0517,KILI SECONDARY SCHOOL
S.0518,KANAWA SECONDARY SCHOOL
S.0519,LALAGO SECONDARY SCHOOL
S.0520,BUYANGO SECONDARY SCHOOL
S.0521,MATOMBO SECONDARY SCHOOL
S.0523,NAMTUMBO SECONDARY SCHOOL
S.0524,RUJEWA SECONDARY SCHOOL
S.0525,MKONOWAMARA SECONDARY SCHOOL
S.0526,MRINGA SECONDARY SCHOOL
S.0527,ULAYASI SECONDARY SCHOOL
S.0528,SABA SABA SECONDARY SCHOOL
S.0531,RUAHA SECONDARY SCHOOL
S.0533,SARWATT SECONDARY SCHOOL
S.0534,ST. ANTHONY'S SECONDARY SCHOOL
S.0535,MAKOGA SECONDARY SCHOOL
S.0536,KINDOROKO SECONDARY SCHOOL
S.0537,ST. PAUL'S LIULI SECONDARY SCHOOL
S.0538,VWAWA SECONDARY SCHOOL
S.0539,MAGU SECONDARY SCHOOL
S.0540,MAPOSENI SECONDARY SCHOOL
S.0541,MARAMBA SECONDARY SCHOOL
S.0542,OLDADAI SECONDARY SCHOOL
S.0543,MANEROMANGO SECONDARY SCHOOL
S.0544,MKUU SECONDARY SCHOOL
S.0545,KIAGATA SECONDARY SCHOOL
S.0546,PAMBA SECONDARY SCHOOL
S.0547,MAZWI SECONDARY SCHOOL
S.0548,SHAMBALAI SECONDARY SCHOOL
S.0549,LUGOBA SECONDARY SCHOOL
S.0550,BUGENE SECONDARY SCHOOL
S.0551,NACHINGWEA SECONDARY SCHOOL
S.0552,MAGOTO SECONDARY SCHOOL
S.0553,NEWALA SECONDARY SCHOOL
S.0554,NGUDU SECONDARY SCHOOL
S.0555,BUNGU SECONDARY SCHOOL
S.0556,MAKONGORO SECONDARY SCHOOL
S.0557,NARUMU SECONDARY SCHOOL
S.0558,MWANGA SECONDARY SCHOOL
S.0559,BWABUKI SECONDARY SCHOOL
S.0560,KASULU SECONDARY SCHOOL
S.0561,MONTFORT SECONDARY SCHOOL
S.0562,USSERI SECONDARY SCHOOL
S.0564,BUSWELU SECONDARY SCHOOL
S.0565,BWASI SECONDARY SCHOOL
S.0577,AL-HIKMA GIRLS' SECONDARY SCHOOL
S.0578,TAQWA SECONDARY SCHOOL
S.0579,KATUNGURU SECONDARY SCHOOL
S.0580,IGOWOLE SECONDARY SCHOOL
S.0581,ILEJE SECONDARY SCHOOL
S.0583,MAZINYUNGU SECONDARY SCHOOL
S.0584,LWANDAI SECONDARY SCHOOL
S.0585,MUNANILA SECONDARY SCHOOL
S.0586,KAISHO SECONDARY SCHOOL
S.0588,CHUMVI WAZAZI SECONDARY SCHOOL
S.0589,NYABIHORE SECONDARY SCHOOL
S.0590,WILIMA SECONDARY SCHOOL
S.0591,RUANDA SECONDARY SCHOOL
S.0592,LUNDO DAY SECONDARY SCHOOL
S.0593,HAGATI SECONDARY SCHOOL
S.0594,FRANKWESTON SECONDARY SCHOOL
S.0595,RUVUMA SECONDARY SCHOOL
S.0596,LIWALE DAY SECONDARY SCHOOL
S.0597,KIPATIMU SECONDARY SCHOOL
S.0598,MTAMA SECONDARY SCHOOL
S.0599,MNERO SECONDARY SCHOOL
S.0600,BUNDA SECONDARY SCHOOL
S.0601,SERENGETI DAY SECONDARY SCHOOL
S.0602,MANDA SECONDARY SCHOOL
S.0603,KWAPAKACHA SECONDARY SCHOOL
S.0604,KIBAKWE SECONDARY SCHOOL
S.0605,UHURU SECONDARY SCHOOL
S.0606,ZUNZULI SECONDARY SCHOOL
S.0607,LULUMBA SECONDARY SCHOOL
S.0608,NANYAMBA SECONDARY SCHOOL
S.0609,MATAI SECONDARY SCHOOL
S.0610,NKASI SECONDARY SCHOOL
S.0611,KABANGA SECONDARY SCHOOL
S.0612,KAGANGO SECONDARY SCHOOL
S.0613,NYAMPULUKANO SECONDARY SCHOOL
S.0614,NYERERE SECONDARY SCHOOL
S.0615,KIRANGARE SECONDARY SCHOOL
S.0616,MWANDIGA SECONDARY SCHOOL
S.0617,LUSANGA SECONDARY SCHOOL
S.0618,LUPALILO SECONDARY SCHOOL
S.0619,MGETA SECONDARY SCHOOL
S.0622,KUNDUCHI GIRLS' ISLAMIC HIGH SCHOOL
S.0624,RUBALE SECONDARY SCHOOL
S.0625,BALANGDALALU SECONDARY SCHOOL
S.0627,KIDELEKO SECONDARY SCHOOL
S.0628,KIRONGAYA SECONDARY SCHOOL
S.0629,EDMUND-RICE-SINON SECONDARY SCHOOL
S.0630,NYEGINA SECONDARY SCHOOL
S.0631,UMOJA SECONDARY SCHOOL
S.0632,BONDENI SECONDARY SCHOOL
S.0633,TALLO SECONDARY SCHOOL
S.0635,MSUFINI SECONDARY SCHOOL
S.0636,ZOISSA SECONDARY SCHOOL
S.0637,NYABIYONZA SECONDARY SCHOOL
S.0638,BUNAZI SECONDARY SCHOOL
S.0639,UDZUNGWA SECONDARY SCHOOL
S.0640,MBALIZI SECONDARY SCHOOL
S.0641,MEATU SECONDARY SCHOOL
S.0643,DAREDA SECONDARY SCHOOL
S.0645,VITUKA SECONDARY SCHOOL
S.0647,NGARENANYUKI SECONDARY SCHOOL
S.0648,MASASI DAY SECONDARY SCHOOL
S.0649,MKWESE SECONDARY SCHOOL
S.0651,UKUMBI SECONDARY SCHOOL
S.0652,POMERINI SECONDARY SCHOOL
S.0653,MWAKAVUTA SECONDARY SCHOOL
S.0654,RWAMBAIZI SECONDARY SCHOOL
S.0655,KIFANYA SECONDARY SCHOOL
S.0656,LYAMAHORO SECONDARY SCHOOL
S.0657,NYANSHENYE SECONDARY SCHOOL
S.0658,MWAMAPALALA SECONDARY SCHOOL
S.0659,KIBENGU SECONDARY SCHOOL
S.0661,ISENYE SECONDARY SCHOOL
S.0662,MWANZI SECONDARY SCHOOL
S.0663,SANGITI SECONDARY SCHOOL
S.0664,MANGIO SECONDARY SCHOOL
S.0665,MWEMBENI SECONDARY SCHOOL
S.0666,BADRI SECONDARY SCHOOL
S.0667,NYAISHOZI SECONDARY SCHOOL
S.0669,UTETE SECONDARY SCHOOL
S.0670,NYANG'HWALE SECONDARY SCHOOL
S.0671,UBUNGO ISLAMIC HIGH SCHOOL
S.0672,MKWAKWANI SECONDARY SCHOOL
S.0675,MBUGWE SECONDARY SCHOOL
S.0676,MABIRA SECONDARY SCHOOL
S.0677,TANDAHIMBA SECONDARY SCHOOL
S.0678,MUGANGO SECONDARY SCHOOL
S.0679,KIMANDOLU SECONDARY SCHOOL
S.0680,MWAZYE SECONDARY SCHOOL
S.0681,IVUMWE SECONDARY SCHOOL
S.0682,MPOROTO SECONDARY SCHOOL
S.0683,KALENGA SECONDARY SCHOOL
S.0685,NAMABENGO SECONDARY SCHOOL
S.0686,CHATO SECONDARY SCHOOL
S.0687,KIKATITI SECONDARY SCHOOL
S.0688,MSAKILA SECONDARY SCHOOL
S.0689,ENDASAK SECONDARY SCHOOL
S.0690,ITUNDU SECONDARY SCHOOL
S.0692,ROSMINI SECONDARY SCHOOL
S.0693,MANYARA SECONDARY SCHOOL
S.0694,KANGA SECONDARY SCHOOL
S.0696,TUNDUMA SECONDARY SCHOOL
S.0697,KIGWE SECONDARY SCHOOL
S.0701,KARANGAI SECONDARY SCHOOL
S.0702,IKWIRIRI SECONDARY SCHOOL
S.0704,NSHAMBA SECONDARY SCHOOL
S.0705,LUPILA SECONDARY SCHOOL
S.0706,KALANGALALA SECONDARY SCHOOL
S.0707,KITETO SECONDARY SCHOOL
S.0708,KIPINGO SECONDARY SCHOOL
S.0709,BUKONGO SECONDARY SCHOOL
S.0710,BINZA SECONDARY SCHOOL
S.0711,KITOMONDO SECONDARY SCHOOL
S.0712,BARIADI SECONDARY SCHOOL
S.0713,IGUNGA SECONDARY SCHOOL
S.0714,KABUKU SECONDARY SCHOOL
S.0715,ILONGERO SECONDARY SCHOOL
S.0716,MALECELA SECONDARY SCHOOL
S.0717,LAELA SECONDARY SCHOOL
S.0718,NYANSINCHA SECONDARY SCHOOL
S.0719,MASONGA SECONDARY SCHOOL
S.0720,MPITIMBI SECONDARY SCHOOL
S.0722,SAHARE SECONDARY SCHOOL
S.0723,BOLOTI SECONDARY SCHOOL
S.0725,ST. NEWMAN SECONDARY SCHOOL
S.0726,MBEKENYERA SECONDARY SCHOOL
S.0727,MKWAJUNI SECONDARY SCHOOL
S.0729,MSOLWA ST. GASPARE BERTONI SECONDARY SCHOOL
S.0731,MAKONGO SECONDARY SCHOOL
S.0732,MAHILO SECONDARY SCHOOL
S.0733,IGURUSI SECONDARY SCHOOL
S.0734,MATEKWE SECONDARY SCHOOL
S.0735,KATUMBA SECONDARY SCHOOL
S.0738,RIDHWAA SEMINARY
S.0739,HIJRA SEMINARY
S.0740,ALI HASSAN MWINYI ISL. SECONDARY SCHOOL
S.0741,ITENDE SECONDARY SCHOOL
S.0742,BULONGWA SECONDARY SCHOOL
S.0743,KAMBARAGE SECONDARY SCHOOL
S.0744,NANGA SECONDARY SCHOOL
S.0745,TEMBELA SECONDARY SCHOOL
S.0746,MNYAMBE SECONDARY SCHOOL
S.0747,MLALO SECONDARY SCHOOL
S.0748,KAWAWA SECONDARY SCHOOL
S.0749,KAMSAMBA SECONDARY SCHOOL
S.0750,OSHARA SECONDARY SCHOOL
S.0751,RUHUWIKO SECONDARY SCHOOL
S.0752,RUNZEWE SECONDARY SCHOOL
S.0753,BIIRABO SECONDARY SCHOOL
S.0754,URAMBO DAY SECONDARY SCHOOL
S.0755,MUKULAT SECONDARY SCHOOL
S.0756,MURUTUNGURU SECONDARY SCHOOL
S.0757,KYELA SECONDARY SCHOOL
S.0758,KIJOTA SECONDARY SCHOOL
S.0759,GAIRO SECONDARY SCHOOL
S.0760,BUKOLI SECONDARY SCHOOL
S.0761,BWISYA SECONDARY SCHOOL
S.0762,KOME SECONDARY SCHOOL
S.0763,NGANA SECONDARY SCHOOL
S.0764,IZIGO SECONDARY SCHOOL
S.0765,UNYANYEMBE SECONDARY SCHOOL
S.0766,KIMAMBA SECONDARY SCHOOL
S.0767,MVOMERO SECONDARY SCHOOL
S.0768,ST. BENEDICT SECONDARY SCHOOL
S.0769,MALAGARASI SECONDARY SCHOOL
S.0770,SUMVE SECONDARY SCHOOL
S.0771,ASKOFU ADRIAN MKOBA SECONDARY SCHOOL
S.0772,ISEVYA SECONDARY SCHOOL
S.0774,LUPA SECONDARY SCHOOL
S.0775,DUMILA SECONDARY SCHOOL
S.0776,MITOLE SECONDARY SCHOOL
S.0778,SONGE SECONDARY SCHOOL
S.0779,RUKINDO SECONDARY SCHOOL
S.0780,KALOLENI ISLAMIC SEMINARY
S.0781,ARUSHA DAY SECONDARY SCHOOL
S.0782,MWIKA SECONDARY SCHOOL
S.0783,BEREKO SECONDARY SCHOOL
S.0784,AIRWING SECONDARY SCHOOL
S.0786,NDONO SECONDARY SCHOOL
S.0787,MSANGENI SECONDARY SCHOOL
S.0788,BUTURI SECONDARY SCHOOL
S.0789,NGULU SECONDARY SCHOOL
S.0791,KIGAMBONI SECONDARY SCHOOL
S.0792,MANGAKA SECONDARY SCHOOL
S.0793,MALINDI SECONDARY SCHOOL
S.0794,KINYALA SECONDARY SCHOOL
S.0795,KISALE SECONDARY SCHOOL
S.0799,MONDO SECONDARY SCHOOL
S.0800,LOYOLA SECONDARY SCHOOL
S.0801,MATOLA SECONDARY SCHOOL
S.0802,MAKANYA SECONDARY SCHOOL
S.0803,IYULA SECONDARY SCHOOL
S.0804,D.C.T. MVUMI SECONDARY SCHOOL
S.0805,LUKULEDI SECONDARY SCHOOL
S.0806,CITY SECONDARY SCHOOL
S.0808,MAZINDE DAY SECONDARY SCHOOL
S.0809,MAMBA SECONDARY SCHOOL
S.0810,CHARYA SECONDARY SCHOOL
S.0811,KIFARU SECONDARY SCHOOL
S.0812,MAHIWA SECONDARY SCHOOL
S.0813,MAHIDA SECONDARY SCHOOL
S.0815,MBINGA SECONDARY SCHOOL
S.0816,KISELU SECONDARY SCHOOL
S.0817,PAUL BOMANI SECONDARY SCHOOL
S.0818,TARAKEA SECONDARY SCHOOL
S.0819,KIBAO SECONDARY SCHOOL
S.0820,MKUZI SECONDARY SCHOOL
S.0821,NYANDUGA SECONDARY SCHOOL
S.0824,IDETE SECONDARY SCHOOL
S.0825,MUDIO ISLAMIC SEMINARY
S.0826,MALAMPAKA SECONDARY SCHOOL
S.0827,MASONYA SECONDARY SCHOOL
S.0828,MUBONDO SECONDARY SCHOOL
S.0829,MAARIFA TANDIKA SECONDARY SCHOOL
S.0830,MASIMBWE SECONDARY SCHOOL
S.0831,NANGWANDA GIRLS' SECONDARY SCHOOL
S.0836,KILUVYA SECONDARY SCHOOL
S.0837,SELOUS SECONDARY SCHOOL
S.0838,KANYIGO MUSLIM SEMINARY
S.0839,NGERENGERE DAY SECONDARY SCHOOL
S.0840,ISMANI SECONDARY SCHOOL
S.0841,HUMURA SECONDARY SCHOOL
S.0842,LITEMBO SECONDARY SCHOOL
S.0843,SOTELE SECONDARY SCHOOL
S.0844,THAQALAIN ISLAMIC SEMINARY
S.0845,KIGONIGONI SECONDARY SCHOOL
S.0846,UKOMBOZI SECONDARY SCHOOL
S.0847,MOGABIRI SECONDARY SCHOOL
S.0848,DAUDI SECONDARY SCHOOL
S.0849,MOREMBE DAY SECONDARY SCHOOL
S.0850,MKOMBOZI SECONDARY SCHOOL
S.0851,USANGI DAY SECONDARY SCHOOL
S.0852,EMANYATA SECONDARY SCHOOL
S.0853,KIZWITE SECONDARY SCHOOL
S.0854,NYANGAO SECONDARY SCHOOL
S.0857,LONGIDO SECONDARY SCHOOL
S.0858,NYAMASANDA SECONDARY SCHOOL
S.0859,RANGWI SECONDARY SCHOOL
S.0860,SEUTA SECONDARY SCHOOL
S.0861,NELSON-MANDELA SECONDARY SCHOOL
S.0862,KONGEI SECONDARY SCHOOL
S.0863,MWADUI TECHNICAL SECONDARY SCHOOL
S.0864,NAHIMBA SECONDARY SCHOOL
S.0865,IGOTA SECONDARY SCHOOL
S.0866,NTENGA SECONDARY SCHOOL
S.0867,PANDAHILL SECONDARY SCHOOL
S.0868,AWET SECONDARY SCHOOL
S.0869,MBONI SECONDARY SCHOOL
S.0870,KILANGALANGA SECONDARY SCHOOL
S.0871,KABALE SECONDARY SCHOOL
S.0872,NDUNGU SECONDARY SCHOOL
S.0873,MAKOMU SECONDARY SCHOOL
S.0874,MURRAY SECONDARY SCHOOL
S.0875,GONJA SECONDARY SCHOOL
S.0877,KILIMANGWIDO SECONDARY SCHOOL
S.0878,MILENGWELENGWE SECONDARY SCHOOL
S.0879,KATURU SECONDARY SCHOOL
S.0880,KAIGARA SECONDARY SCHOOL
S.0881,MANGA SECONDARY SCHOOL
S.0882,SONGEA MUSLIM SEMINARY
S.0883,DONBOSCO-DIDIA SECONDARY SCHOOL
S.0884,MAMBWE SECONDARY SCHOOL
S.0885,KANADI SECONDARY SCHOOL
S.0886,SEMKIWA SECONDARY SCHOOL
S.0887,INYONGA SECONDARY SCHOOL
S.0888,LANG'ATABORA SECONDARY SCHOOL
S.0890,IWALANJE SECONDARY SCHOOL
S.0891,KUKIRANGO SECONDARY SCHOOL
S.0892,MELELA SECONDARY SCHOOL
S.0893,MAGILA SECONDARY SCHOOL
S.0894,MATYAZO SECONDARY SCHOOL
S.0895,MWAYA SECONDARY SCHOOL
S.0896,KIZUKA SECONDARY SCHOOL
S.0897,KILIMANJARO MAHADIL ISLAMIYYA SEMINARY
S.0900,MWIGO SECONDARY SCHOOL
S.0901,KISIWANI SECONDARY SCHOOL
S.0903,MIKUMI SECONDARY SCHOOL
S.0904,KONGWA SECONDARY SCHOOL
S.0905,SONI SECONDARY SCHOOL
S.0906,VUDOI SECONDARY SCHOOL
S.0907,ZINGIBARI SECONDARY SCHOOL
S.0908,LANZONI SECONDARY SCHOOL
S.0909,NAZARENE SECONDARY SCHOOL
S.0910,INCHUGU SECONDARY SCHOOL
S.0911,TAMOTA SECONDARY SCHOOL
S.0912,BOGWE SECONDARY SCHOOL
S.0913,USONGWE SECONDARY SCHOOL
S.0914,MUYAMA SECONDARY SCHOOL
S.0915,MWELI SECONDARY SCHOOL
S.0916,CHALAO SECONDARY SCHOOL
S.0917,IHEMBE SECONDARY SCHOOL
S.0918,KIMNYAKI SECONDARY SCHOOL
S.0919,NDURUMA SECONDARY SCHOOL
S.0920,PAKULA SECONDARY SCHOOL
S.0921,DR SALMIN AMOUR SECONDARY SCHOOL
S.0922,MWINYI SECONDARY SCHOOL
S.0924,IKUNGI SECONDARY SCHOOL
S.0925,KASOMA SECONDARY SCHOOL
S.0926,KOMAKYA SECONDARY SCHOOL
S.0927,LANGASANI SECONDARY SCHOOL
S.0928,GIDAS SECONDARY SCHOOL
S.0929,FUNGUNI SECONDARY SCHOOL
S.0930,NGATEU SECONDARY SCHOOL
S.0931,ILKIDING'A SECONDARY SCHOOL
S.0932,KITULI SECONDARY SCHOOL
S.0933,BASHNET SECONDARY SCHOOL
S.0934,MAKALEMA SECONDARY SCHOOL
S.0935,MWANDOYA SECONDARY SCHOOL
S.0936,KALIUA SECONDARY SCHOOL
S.0938,MBEZI BEACH SECONDARY SCHOOL
S.0939,NKOKASHU SECONDARY SCHOOL
S.0940,NDAGO SECONDARY SCHOOL
S.0941,MADIVENI SECONDARY SCHOOL
S.0943,IFATI SECONDARY SCHOOL
S.0945,KWIZU SECONDARY SCHOOL
S.0947,DR. OLSEN SECONDARY SCHOOL
S.0948,BUMANGI SECONDARY SCHOOL
S.0949,IRKISONGO SECONDARY SCHOOL
S.0950,GUMANGA SECONDARY SCHOOL
S.0951,MLOWA BARABARANI SECONDARY SCHOOL
S.0952,MANG'ULA SECONDARY SCHOOL
S.0954,MKONGO SECONDARY SCHOOL
S.0955,ISAGEHE SECONDARY SCHOOL
S.0956,ILEMBO SECONDARY SCHOOL
S.0957,NYAMONGO SECONDARY SCHOOL
S.0958,KIWANJA CHA NDEGE SECONDARY SCHOOL
S.0959,MLALI SECONDARY SCHOOL
S.0960,BENJAMIN WILLIAM MKAPA HIGH SCHOOL
S.0961,MAGOMA SECONDARY SCHOOL
S.0962,ST. CAROLUS SECONDARY SCHOOL
S.0963,HANDALI SECONDARY SCHOOL
S.0964,HOMBOLO SECONDARY SCHOOL
S.0965,USHIROMBO SECONDARY SCHOOL
S.0966,MLINGANO SECONDARY SCHOOL
S.0967,MLOLE SECONDARY SCHOOL
S.0968,MATAKA SECONDARY SCHOOL
S.0969,UFANA SECONDARY SCHOOL
S.0970,DUTWA SECONDARY SCHOOL
S.0972,CHILONWA SECONDARY SCHOOL
S.0973,EINOTI SECONDARY SCHOOL
S.0974,NELA SECONDARY SCHOOL
S.0975,NGURUKA SECONDARY SCHOOL
S.0976,OLJORO SECONDARY SCHOOL
S.0977,OLDONYOSAMBU SECONDARY SCHOOL
S.0978,DIGODIGO SECONDARY SCHOOL
S.0979,MATOLO SECONDARY SCHOOL
S.0980,KING'ORI SECONDARY SCHOOL
S.0981,CHEMCHEM SECONDARY SCHOOL
S.0982,SEPUKA SECONDARY SCHOOL
S.0983,TUMAINI LUTHERAN SEMINARY
S.0984,BUKAMA SECONDARY SCHOOL
S.0985,MZINDAKAYA SECONDARY SCHOOL
S.0986,AKERI SECONDARY SCHOOL
S.0987,KIPILI SECONDARY SCHOOL
S.0988,MUNDEMU SECONDARY SCHOOL
S.0996,NANSIMO SECONDARY SCHOOL
S.0997,MBUGUNI SECONDARY SCHOOL
S.0998,NG'UNI SECONDARY SCHOOL
S.1001,MBESA SECONDARY SCHOOL
S.1002,AL MADRASA TUS SAIFIYA TUL BURHANIYAH SEMINARY
S.1004,MNINI SECONDARY SCHOOL
S.1005,KISHIMBA SECONDARY SCHOOL
S.1008,ST. MAURUS CHEMCHEMI SECONDARY SCHOOL
S.1009,BABATI DAY SECONDARY SCHOOL
S.1011,CHANG'OMBE SECONDARY SCHOOL
S.1012,SHIMBWE SECONDARY SCHOOL
S.1013,CHIEF DODO DAY SECONDARY SCHOOL
S.1014,GALLAPO SECONDARY SCHOOL
S.1015,DR. OMAR ALI JUMA SECONDARY SCHOOL
S.1017,KIDATU SECONDARY SCHOOL
S.1018,PUGE SECONDARY SCHOOL
S.1019,KISANGURA SECONDARY SCHOOL
S.1020,MACHOCHWE SECONDARY SCHOOL
S.1021,RING'WANI SECONDARY SCHOOL
S.1022,KAMBANGWA SECONDARY SCHOOL
S.1023,NALIENDELE SECONDARY SCHOOL
S.1025,INTELA SECONDARY SCHOOL
S.1026,PUMA SECONDARY SCHOOL
S.1027,CHAMWINO SECONDARY SCHOOL
S.1028,BUTUNDWE SECONDARY SCHOOL
S.1029,NASSA SECONDARY SCHOOL
S.1030,IZIMBYA SECONDARY SCHOOL
S.1031,MARUKU SECONDARY SCHOOL
S.1032,ITIGI SECONDARY SCHOOL
S.1033,AMANI ABEID KARUME SECONDARY SCHOOL
S.1034,ITILIMA SECONDARY SCHOOL
S.1035,KWEDIBOMA SECONDARY SCHOOL
S.1036,LUBANDA SECONDARY SCHOOL
S.1037,AYA SECONDARY SCHOOL
S.1038,J.K. NYERERE SECONDARY SCHOOL
S.1039,GITTING SECONDARY SCHOOL
S.1041,LONGOI SECONDARY SCHOOL
S.1042,MUNGAA SECONDARY SCHOOL
S.1043,TUKUYU SECONDARY SCHOOL
S.1045,DAR-ES-SALAAM SECONDARY SCHOOL
S.1049,ST. THOMAS AQUINAS' SECONDARY SCHOOL
S.1051,MKOLANI SECONDARY SCHOOL
S.1052,IBUNGILA SECONDARY SCHOOL
S.1053,RAFSANJANI-SOGA SECONDARY SCHOOL
S.1054,NYAMIREMBE SECONDARY SCHOOL
S.1055,SOUTHERN HIGHLANDS SECONDARY SCHOOL
S.1056,BANGALALA SECONDARY SCHOOL
S.1060,ST. MARY'S SECONDARY SCHOOL
S.1061,MAKIBA SECONDARY SCHOOL
S.1062,MALENGA SECONDARY SCHOOL
S.1063,MULBADAW SECONDARY SCHOOL
S.1065,MWEMA SECONDARY SCHOOL
S.1066,NTUZU SECONDARY SCHOOL
S.1067,BISHOP ALPHA MEMORIAL HIGH SCHOOL
S.1068,NASIBUGANI SECONDARY SCHOOL
S.1069,MLANGALI SECONDARY SCHOOL
S.1070,CHAANGAJA CLEOPA MSUYA SECONDARY SCHOOL
S.1071,ST. MATTHEW'S SECONDARY SCHOOL
S.1072,KAMENE SECONDARY SCHOOL
S.1073,NYANUNGU SECONDARY SCHOOL
S.1074,KITANGIRI SECONDARY SCHOOL
S.1075,DARAJANI SECONDARY SCHOOL
S.1076,MBUNGA SECONDARY SCHOOL
S.1077,OCEAN SECONDARY SCHOOL
S.1078,NUR ISLAMIC SEMINARY
S.1079,CHIKUYU SECONDARY SCHOOL
S.1080,MUHEZA MUSLIM SECONDARY SCHOOL
S.1082,MTII SECONDARY SCHOOL
S.1083,BUMBULI SECONDARY SCHOOL
S.1084,VUMA SECONDARY SCHOOL
S.1086,LUDEWA SECONDARY SCHOOL
S.1088,TUMBI SECONDARY SCHOOL
S.1089,KILIMATINDE SECONDARY SCHOOL
S.1090,CHALA SECONDARY SCHOOL
S.1091,BUNGURERE SECONDARY SCHOOL
S.1092,KWEMARAMBA SECONDARY SCHOOL
S.1093,ALDERSGATE SECONDARY SCHOOL
S.1094,JIHAD SECONDARY SCHOOL
S.1095,WOTTA SECONDARY SCHOOL
S.1096,MITUNDU SECONDARY SCHOOL
S.1097,NSHUPU SECONDARY SCHOOL
S.1098,MAJI YA CHAI SECONDARY SCHOOL
S.1099,NYEHUNGE SECONDARY SCHOOL
S.1100,RUIWA SECONDARY SCHOOL
S.1101,LUAGALA SECONDARY SCHOOL
S.1102,MAHUTA T D F SECONDARY SCHOOL
S.1103,BUSONGO SECONDARY SCHOOL
S.1104,IDODI SECONDARY SCHOOL
S.1105,SUBA SECONDARY SCHOOL
S.1106,KIKARO SECONDARY SCHOOL
S.1107,MWAMASHIMBA SECONDARY SCHOOL
S.1108,MYAMBA SECONDARY SCHOOL
S.1109,ST. DORCAS SEMINARY
S.1110,KALOLENI SECONDARY SCHOOL
S.1111,MASHINGIA SECONDARY SCHOOL
S.1112,ARCHANGELS SECONDARY SCHOOL
S.1113,CHANJAGAA SECONDARY SCHOOL
S.1114,SHELUI SECONDARY SCHOOL
S.1115,BUKANDWE SECONDARY SCHOOL
S.1116,MTIPE SECONDARY SCHOOL
S.1117,DABALO SECONDARY SCHOOL
S.1118,MLONGWEMA SECONDARY SCHOOL
S.1120,MOITA SECONDARY SCHOOL
S.1121,MAWELLA SECONDARY SCHOOL
S.1122,CHIKANAMLILO SECONDARY SCHOOL
S.1123,MZENGA SECONDARY SCHOOL
S.1124,KIGARAMA SECONDARY SCHOOL
S.1125,ENYOITO SECONDARY SCHOOL
S.1126,MINZIRO SECONDARY SCHOOL
S.1127,BUGANDO SECONDARY SCHOOL
S.1128,IMALILO SECONDARY SCHOOL
S.1129,IGUGUNO SECONDARY SCHOOL
S.1130,KIZAGA SECONDARY SCHOOL
S.1131,ITOBO SECONDARY SCHOOL
S.1132,SIMANJIRO SECONDARY SCHOOL
S.1133,BOMBO SECONDARY SCHOOL
S.1135,MSANGANO SECONDARY SCHOOL
S.1136,KASANGEZI SECONDARY SCHOOL
S.1137,ITANDULA SECONDARY SCHOOL
S.1139,SOYA SECONDARY SCHOOL
S.1140,MWALIMU NYERERE SECONDARY SCHOOL
S.1141,SWILLA SECONDARY SCHOOL
S.1142,MKINDO SECONDARY SCHOOL
S.1143,BUTIMBA DAY SECONDARY SCHOOL
S.1144,ISIMILA SECONDARY SCHOOL
S.1146,ISANSA SECONDARY SCHOOL
S.1147,SINON SECONDARY SCHOOL
S.1148,MADIBIRA SECONDARY SCHOOL
S.1149,CHOLE SECONDARY SCHOOL
S.1150,MUUNGANO SECONDARY SCHOOL
S.1152,SUMAYE BUZIKU SECONDARY SCHOOL
S.1153,BUSERESERE SECONDARY SCHOOL
S.1154,MNAZI SECONDARY SCHOOL
S.1155,SONGA SECONDARY SCHOOL
S.1157,IWAWA SECONDARY SCHOOL
S.1158,LUGARAWA SECONDARY SCHOOL
S.1159,EMBARWAY SECONDARY SCHOOL
S.1160,MUYENZI SECONDARY SCHOOL
S.1161,MAWELEWELE SECONDARY SCHOOL
S.1162,IGURUBI SECONDARY SCHOOL
S.1163,UJENZI SECONDARY SCHOOL
S.1164,MISSUNGWI SECONDARY SCHOOL
S.1165,BISHOP JOSEPH JALI LUTHERAN JUNIOR SEMINARY
S.1166,MLIMBA DAY SECONDARY SCHOOL
S.1167,KWAMKONO SECONDARY SCHOOL
S.1168,MKUYUNI SECONDARY SCHOOL
S.1169,KWABUTU SECONDARY SCHOOL
S.1172,MARGERY WOLF KUHN SECONDARY SCHOOL
S.1173,MGUGU SECONDARY SCHOOL
S.1174,COASTAL SECONDARY SCHOOL
S.1175,HANETI SECONDARY SCHOOL
S.1176,BUSOLWA SECONDARY SCHOOL
S.1177,MAMIRE SECONDARY SCHOOL
S.1179,ITWELELE SECONDARY SCHOOL
S.1180,MSIA SECONDARY SCHOOL
S.1181,SENGE SECONDARY SCHOOL
S.1182,ULYANKULU SECONDARY SCHOOL
S.1183,SANYA JUU SECONDARY SCHOOL
S.1185,DAR-ES-SALAAM BAPTIST SECONDARY SCHOOL
S.1186,MAKITA SECONDARY SCHOOL
S.1187,ST. MARY GORETI SECONDARY SCHOOL
S.1190,LUGUNGA SECONDARY SCHOOL
S.1192,MAAWAL SECONDARY SCHOOL
S.1193,MWITIKIRA SECONDARY SCHOOL
S.1194,BISMARCK SECONDARY SCHOOL
S.1196,KIKUYU SECONDARY SCHOOL
S.1197,GREEN ACRES SECONDARY SCHOOL
S.1198,TANZANIA ADVENTIST SECONDARY SCHOOL
S.1199,MADABA SECONDARY SCHOOL
S.1201,LUFILYO SECONDARY SCHOOL
S.1202,MTERA SECONDARY SCHOOL
S.1203,IGANZO SECONDARY SCHOOL
S.1204,UYOLE SECONDARY SCHOOL
S.1205,GEHANDU SECONDARY SCHOOL
S.1206,LUKOZI SECONDARY SCHOOL
S.1207,MAKUTUPORA SECONDARY SCHOOL
S.1208,KISHOGO SECONDARY SCHOOL
S.1209,SANZA SECONDARY SCHOOL
S.1211,KATESH SECONDARY SCHOOL
S.1212,IKOMA SECONDARY SCHOOL
S.1215,ENGUSERO SECONDARY SCHOOL
S.1216,MIPA SECONDARY SCHOOL
S.1217,MWASAYI SECONDARY SCHOOL
S.1220,MSAMALA SECONDARY SCHOOL
S.1221,MUHANGE SECONDARY SCHOOL
S.1222,KIHONDA SECONDARY SCHOOL
S.1223,KIMALI SECONDARY SCHOOL
S.1225,MATANDA SECONDARY SCHOOL
S.1226,BUKWE SECONDARY SCHOOL
S.1227,MISASI SECONDARY SCHOOL
S.1228,MTAPIKA SECONDARY SCHOOL
S.1229,URAKI SECONDARY SCHOOL
S.1230,MAGHANG SECONDARY SCHOOL
S.1231,MBABALA SECONDARY SCHOOL
S.1232,KATE SECONDARY SCHOOL
S.1233,KOROMIJE SECONDARY SCHOOL
S.1235,MPERA SECONDARY SCHOOL
S.1236,BANGATA SECONDARY SCHOOL
S.1237,MCHINGA SECONDARY SCHOOL
S.1238,MKULA SECONDARY SCHOOL
S.1239,SAMUYE SECONDARY SCHOOL
S.1240,DAKAMA SECONDARY SCHOOL
S.1241,JUHUDI SECONDARY SCHOOL
S.1242,VUMARI SECONDARY SCHOOL
S.1243,BISHOP KISANJI SECONDARY SCHOOL
S.1244,MOYOWOSI SECONDARY SCHOOL
S.1245,KAINAM SECONDARY SCHOOL
S.1246,THEODORA SECONDARY SCHOOL
S.1247,ST. MARKS SECONDARY SCHOOL
S.1249,SIMBEGA SECONDARY SCHOOL
S.1250,ST. MARY'S MPANDA SECONDARY SCHOOL
S.1251,ZIBA SECONDARY SCHOOL
S.1253,ULAYA SECONDARY SCHOOL
S.1255,NKOWE SECONDARY SCHOOL
S.1256,TEDEO SECONDARY SCHOOL
S.1257,ARAFAH ISLAMIC SEMINARY
S.1258,TUMATI SECONDARY SCHOOL
S.1259,NZEGA SECONDARY SCHOOL
S.1260,SIMA SECONDARY SCHOOL
S.1261,MERRIWA SECONDARY SCHOOL
S.1262,MATEMA BEACH SECONDARY SCHOOL
S.1263,MKUYU SECONDARY SCHOOL
S.1264,BWAWANI SECONDARY SCHOOL
S.1265,NKOANRUA SECONDARY SCHOOL
S.1266,MARETADU SECONDARY SCHOOL
S.1268,KISIMIRI SECONDARY SCHOOL
S.1269,MAKUZANI SECONDARY SCHOOL
S.1270,NYARUBANDA SECONDARY SCHOOL
S.1271,ULUNGU SECONDARY SCHOOL
S.1272,KISARIKA SECONDARY SCHOOL
S.1273,IKUTI SECONDARY SCHOOL
S.1274,LOLIONDO SECONDARY SCHOOL
S.1275,NYERERE MEMORIAL SECONDARY SCHOOL
S.1277,BEMKO SECONDARY SCHOOL
S.1278,MBEZI SECONDARY SCHOOL
S.1279,LUEGU SECONDARY SCHOOL
S.1280,USANGU SECONDARY SCHOOL
S.1281,NGARA SECONDARY SCHOOL
S.1282,UBIRI SECONDARY SCHOOL
S.1283,OLDUVAI SECONDARY SCHOOL
S.1284,NORTHERN HIGHLANDS SECONDARY SCHOOL
S.1285,FLORIAN SECONDARY SCHOOL
S.1287,RUDI SECONDARY SCHOOL
S.1288,HAI SECONDARY SCHOOL
S.1289,RAJANI SECONDARY SCHOOL
S.1290,MUBUKA SECONDARY SCHOOL
S.1292,SINGIDA SECONDARY SCHOOL
S.1293,IKORONGO SECONDARY SCHOOL
S.1294,MSANGANI SECONDARY SCHOOL
S.1311,SINZA TOWER SECONDARY SCHOOL
S.1312,KWIRAMBA SECONDARY SCHOOL
S.1314,KINANA SECONDARY SCHOOL
S.1315,LAKE TANGANYIKA SECONDARY SCHOOL
S.1316,MOSHONO SECONDARY SCHOOL
S.1317,MISHAMO SECONDARY SCHOOL
S.1318,NANDEMBO SECONDARY SCHOOL
S.1319,UPENDO SECONDARY SCHOOL
S.1320,MERERANI B W MKAPA SECONDARY SCHOOL
S.1321,ISANGE SECONDARY SCHOOL
S.1322,NTABA SECONDARY SCHOOL
S.1323,JAPAN SECONDARY SCHOOL
S.1324,HARAMBEE SECONDARY SCHOOL
S.1325,IGWACHANYA SECONDARY SCHOOL
S.1327,MAZOEZI KLERRUU SECONDARY SCHOOL
S.1328,PIO SECONDARY SCHOOL
S.1329,MISSION KITUNDA SECONDARY SCHOOL
S.1331,IKUNA SECONDARY SCHOOL
S.1332,MAHONGOLE SECONDARY SCHOOL
S.1333,KAHAMA MUSLIM SECONDARY SCHOOL
S.1334,MHONGOLO PROGRESSIVE SECONDARY SCHOOL
S.1335,KINDIKATI SECONDARY SCHOOL
S.1336,BITALE SECONDARY SCHOOL
S.1337,SUMAYE SECONDARY SCHOOL
S.1338,CHIUNGUTWA SECONDARY SCHOOL
S.1339,KYERWA BRIGHT STAR SECONDARY SCHOOL
S.1340,LWANGWA SECONDARY SCHOOL
S.1341,NAKAGURU SECONDARY SCHOOL
S.1342,AMBASSADOR SECONDARY SCHOOL
S.1343,ANNE MARIE SECONDARY SCHOOL
S.1344,MWALIMU J K NYERERE SECONDARY SCHOOL
S.1346,MIKALANGA SECONDARY SCHOOL
S.1347,TINGI SECONDARY SCHOOL
S.1348,KIGANGO SECONDARY SCHOOL
S.1349,NYAKAHURA SECONDARY SCHOOL
S.1350,AL QAEM SEMINARY
S.1351,BURONGE SECONDARY SCHOOL
S.1353,ZAKIA MEGHJI SECONDARY SCHOOL
S.1354,BUSANGI SECONDARY SCHOOL
S.1356,KAMENA SECONDARY SCHOOL
S.1357,AHLULBAYT ISLAMIC SEMINARY
S.1358,DABIL SECONDARY SCHOOL
S.1359,MBANGAMAO SECONDARY SCHOOL
S.1361,SAMORA MACHEL SECONDARY SCHOOL
S.1362,KONGOWE POLYTECHNIC SECONDARY SCHOOL
S.1363,TEMBONI SECONDARY SCHOOL
S.1364,ILEMBULA SECONDARY SCHOOL
S.1367,HALE SECONDARY SCHOOL
S.1369,MAGAMBA KWALUKONGE SECONDARY SCHOOL
S.1370,WEL WEL SECONDARY SCHOOL
S.1372,KIWANGWA SECONDARY SCHOOL
S.1373,MBELEI SECONDARY SCHOOL
S.1374,KICHANGACHUI SECONDARY SCHOOL
S.1375,NEW ERA SECONDARY SCHOOL
S.1376,RUARUKE SECONDARY SCHOOL
S.1381,MALIBWI SECONDARY SCHOOL
S.1382,LAKE VIEW SECONDARY SCHOOL
S.1383,MZINGA SECONDARY SCHOOL
S.1384,MATEMANGA SECONDARY SCHOOL
S.1385,SONGORO SECONDARY SCHOOL
S.1386,LYASIKIKA SECONDARY SCHOOL
S.1387,JANGUO SECONDARY SCHOOL
S.1389,MGWASHI SECONDARY SCHOOL
S.1392,NATTA SECONDARY SCHOOL
S.1394,KATORO ISLAMIC SEMINARY
S.1395,TAIFA FOUNDATION SECONDARY SCHOOL
S.1396,CHANZIGE SECONDARY SCHOOL
S.1397,KATORO SECONDARY SCHOOL
S.1398,MWINGIRO SECONDARY SCHOOL
S.1399,VUGABAZO SECONDARY SCHOOL
S.1400,KAMHANGA SECONDARY SCHOOL
S.1401,SLAHAMO SECONDARY SCHOOL
S.1402,KASAMWA SECONDARY SCHOOL
S.1404,SASAWALA SECONDARY SCHOOL
S.1405,KASANDA SECONDARY SCHOOL
S.1406,JAMHURI DSM SECONDARY SCHOOL
S.1407,ARCH BISHOP KAHURANANGA SECONDARY SCHOOL
S.1408,CHIKOPELO SECONDARY SCHOOL
S.1409,HAGAFILO SECONDARY SCHOOL
S.1410,MSALALA SECONDARY SCHOOL
S.1411,KIUTA SECONDARY SCHOOL
S.1414,MASANZE SECONDARY SCHOOL
S.1415,BUKWIMBA SECONDARY SCHOOL
S.1416,KIBORILONI SECONDARY SCHOOL
S.1417,NGIMU SECONDARY SCHOOL
S.1418,KISHAPU SECONDARY SCHOOL
S.1419,BANGWE SECONDARY SCHOOL
S.1420,KAYUKI SECONDARY SCHOOL
S.1421,MAKONG'ONDA SECONDARY SCHOOL
S.1422,KIBACHA SECONDARY SCHOOL
S.1423,MATADI SECONDARY SCHOOL
S.1424,SOGESCA SECONDARY SCHOOL
S.1425,BADUGU SECONDARY SCHOOL
S.1427,MKUMBI SECONDARY SCHOOL
S.1428,LITUHI SECONDARY SCHOOL
S.1429,MATIRI SECONDARY SCHOOL
S.1430,KIUMA SECONDARY SCHOOL
S.1433,BALILI SECONDARY SCHOOL
S.1434,PIUS SECONDARY SCHOOL
S.1435,MICHIGA SECONDARY SCHOOL
S.1436,GEORGE KONGOWE SECONDARY SCHOOL
S.1437,FILBERT BAYI SECONDARY SCHOOL
S.1438,KAGOMA SECONDARY SCHOOL
S.1439,KIDODI SECONDARY SCHOOL
S.1442,MWANDET SECONDARY SCHOOL
S.1444,KABILA SECONDARY SCHOOL
S.1447,MHUMBU ISLAMIC SEMINARY
S.1448,LUKUMBULE SECONDARY SCHOOL
S.1449,PEACE AND LOVE SECONDARY SCHOOL
S.1450,EFATHA SEMINARY
S.1451,MTANGALANGA SECONDARY SCHOOL
S.1452,CHAMRIHO SECONDARY SCHOOL
S.1453,KALOBE SECONDARY SCHOOL
S.1454,LONDONI SECONDARY SCHOOL
S.1456,ITIJI SECONDARY SCHOOL
S.1457,IBANDA SECONDARY SCHOOL
S.1458,KIBOGORA SECONDARY SCHOOL
S.1459,IMEZU SECONDARY SCHOOL
S.1460,MWANHALA SECONDARY SCHOOL
S.1461,KISAKA SECONDARY SCHOOL
S.1462,KIWIRA COAL MINE SECONDARY SCHOOL
S.1463,AMANAH ISLAMIC SEMINARY
S.1464,KIPOLOLO SECONDARY SCHOOL
S.1465,MALATI SECONDARY SCHOOL
S.1466,MAGADINI SECONDARY SCHOOL
S.1467,ISUTO SECONDARY SCHOOL
S.1468,CHAUME SECONDARY SCHOOL
S.1469,MBONEA SECONDARY SCHOOL
S.1470,KIARA SECONDARY SCHOOL
S.1471,SUNGU SECONDARY SCHOOL
S.1472,MWAMALASA SECONDARY SCHOOL
S.1473,UYOWA SECONDARY SCHOOL
S.1474,WHITE LAKE SECONDARY SCHOOL
S.1475,PERFECT VISION SECONDARY SCHOOL
S.1476,IKUWO SECONDARY SCHOOL
S.1477,KABASA SECONDARY SCHOOL
S.1479,NAKAPANYA SECONDARY SCHOOL
S.1480,KAJUNGUTI SECONDARY SCHOOL
S.1482,KAGEMU SECONDARY SCHOOL
S.1483,KALEMBO SECONDARY SCHOOL
S.1484,SAKILA SECONDARY SCHOOL
S.1485,LEMARA SECONDARY SCHOOL
S.1486,MURAD SADDIQ SECONDARY SCHOOL
S.1487,BOKO SECONDARY SCHOOL
S.1488,ILOLO SECONDARY SCHOOL
S.1489,KATUBUKA SECONDARY SCHOOL
S.1491,SHANGANI SECONDARY SCHOOL
S.1492,KYEJO SECONDARY SCHOOL
S.1493,RIGICHA SECONDARY SCHOOL
S.1494,ULEMBWE SECONDARY SCHOOL
S.1496,ST. AUGUSTINE NGARAMA SECONDARY SCHOOL
S.1497,NKUU SECONDARY SCHOOL
S.1498,LUGEYE SECONDARY SCHOOL
S.1499,UKUKWE SECONDARY SCHOOL
S.1500,NYAKITONTO SECONDARY SCHOOL
S.1501,MAKERE SECONDARY SCHOOL
S.1502,IHALA SECONDARY SCHOOL
S.1503,ZUHRA ISLAMIC SECONDARY SCHOOL
S.1504,KATOMA SECONDARY SCHOOL
S.1505,IKOLO SECONDARY SCHOOL
S.1507,TAGAMENDA SECONDARY SCHOOL
S.1508,SELYA SECONDARY SCHOOL
S.1509,MAWINDI SECONDARY SCHOOL
S.1510,ITAKA SECONDARY SCHOOL
S.1511,NANGURUWE SECONDARY SCHOOL
S.1512,KAYENZI SECONDARY SCHOOL
S.1513,SOMSOM SECONDARY SCHOOL
S.1514,WASA SECONDARY SCHOOL
S.1515,MABATINI SECONDARY SCHOOL
S.1516,MBEMBA SECONDARY SCHOOL
S.1517,MBAGATUZINDE SECONDARY SCHOOL
S.1518,THOMAS MORE SECONDARY SCHOOL
S.1519,TURKISH MAARIF SECONDARY SCHOOL
S.1520,KISONDELA SECONDARY SCHOOL
S.1521,OLD KOROGWE SECONDARY SCHOOL
S.1522,SCOLASTICA SECONDARY SCHOOL
S.1523,AGAPE-MBAGALA SECONDARY SCHOOL
S.1524,ONICAH SECONDARY SCHOOL
S.1525,KASANGE SECONDARY SCHOOL
S.1526,CONSOLATA SECONDARY SCHOOL
S.1527,KITAMA SECONDARY SCHOOL
S.1528,WENDE SECONDARY SCHOOL
S.1529,CENTENARY SECONDARY SCHOOL
S.1530,ST. RUFINO AND RONALDO AGR. SECONDARY SCHOOL
S.1531,OLD SHINYANGA SECONDARY SCHOOL
S.1532,IGAMBA SECONDARY SCHOOL
S.1533,KIPONZELO SECONDARY SCHOOL
S.1534,UWANDA SECONDARY SCHOOL
S.1535,NAWENGE SECONDARY SCHOOL
S.1536,NGOMA SECONDARY SCHOOL
S.1538,SUNGA SECONDARY SCHOOL
S.1539,NYALIKUNGU SECONDARY SCHOOL
S.1540,NANYUMBU SECONDARY SCHOOL
S.1541,NAMIKUPA SECONDARY SCHOOL
S.1542,MNYAWA SECONDARY SCHOOL
S.1543,KILOBENI SECONDARY SCHOOL
S.1544,MWENA SECONDARY SCHOOL
S.1545,RAHALEO SECONDARY SCHOOL
S.1546,NYAKATANGA SECONDARY SCHOOL
S.1547,SINO-TANZANIA FRIENDSHIP SECONDARY SCHOOL
S.1548,SHISHTON SECONDARY SCHOOL
S.1549,ENGUTOTO SECONDARY SCHOOL
S.1550,QAMEYU SECONDARY SCHOOL
S.1551,KIOMONI SECONDARY SCHOOL
S.1552,CHISENGA SECONDARY SCHOOL
S.1553,HAKI SECONDARY SCHOOL
S.1568,AL-FURQAAN ISLAMIC SEMINARY
S.1569,KANYERANYERE SECONDARY SCHOOL
S.1571,BUSEKO HILL SECONDARY SCHOOL
S.1572,WARIKU SECONDARY SCHOOL
S.1573,MLANGARINI SECONDARY SCHOOL
S.1574,THE GREAT LAKES SECONDARY SCHOOL
S.1575,MTIMBIRA SECONDARY SCHOOL
S.1576,MPUGUSO SECONDARY SCHOOL
S.1577,FANAKA MEMORIAL SECONDARY SCHOOL
S.1578,CHANGARAWE SECONDARY SCHOOL
S.1579,SEGERA SECONDARY SCHOOL
S.1580,KATALE SECONDARY SCHOOL
S.1581,NGUVUMALI SECONDARY SCHOOL
S.1582,CARMELITE SECONDARY SCHOOL
S.1583,MUGOMA SECONDARY SCHOOL
S.1584,KIWANJA SECONDARY SCHOOL
S.1589,MWANZA BAPTIST SECONDARY SCHOOL
S.1590,TARIME MCHANGANYIKO SECONDARY SCHOOL
S.1591,SHREE HINDU MANDAL SECONDARY SCHOOL
S.1592,EAST COAST SECONDARY SCHOOL
S.1593,KENT SECONDARY SCHOOL
S.1594,NGULUMA SECONDARY SCHOOL
S.1596,NYERERE HIGH SCHOOL MIGOLI
S.1597,MBOKOMU SECONDARY SCHOOL
S.1598,KAKONKO SECONDARY SCHOOL
S.1599,BAOBAB SECONDARY SCHOOL
S.1600,BISHOP DURNING HIGH SCHOOL
S.1601,TENGERU BOYS' SECONDARY SCHOOL
S.1603,NYOLOLO SECONDARY SCHOOL
S.1604,THOMAS MORE MACHRINA SECONDARY SCHOOL
S.1606,KITIVO SECONDARY SCHOOL
S.1607,KUMGOGO SECONDARY SCHOOL
S.1608,NTUNDURU SECONDARY SCHOOL
S.1609,RORYA SECONDARY SCHOOL
S.1610,CHIEF KIDULILE SECONDARY SCHOOL
S.1611,KALENGE SECONDARY SCHOOL
S.1618,GOOD NEWS SECONDARY SCHOOL
S.1619,VICTORY SECONDARY SCHOOL
S.1620,MURUFITI SECONDARY SCHOOL
S.1623,AGGREY SECONDARY SCHOOL
S.1624,BULAMBA SECONDARY SCHOOL
S.1626,MARIADO SECONDARY SCHOOL
S.1627,NAMASAKATA SECONDARY SCHOOL
S.1628,MENGELE SECONDARY SCHOOL
S.1629,MWANZUGI SECONDARY SCHOOL
S.1630,MASOKO SECONDARY SCHOOL
S.1631,NGULIGULI SECONDARY SCHOOL
S.1632,MOUNT UDZUNGWA SECONDARY SCHOOL
S.1633,OLD TANGA SECONDARY SCHOOL
S.1635,GWANUMPU SECONDARY SCHOOL
S.1636,MIMA SECONDARY SCHOOL
S.1637,MILUNDIKWA SECONDARY SCHOOL
S.1638,MTERA DAM SECONDARY SCHOOL
S.1639,MSERU SECONDARY SCHOOL
S.1640,KIPERA SECONDARY SCHOOL
S.1641,KIGONGOI SECONDARY SCHOOL
S.1642,HERI SECONDARY SCHOOL
S.1643,TECHFORT SECONDARY SCHOOL
S.1644,KILIMANI SECONDARY SCHOOL
S.1645,LUBALA SECONDARY SCHOOL
S.1646,QUEEN OF APOSTLES-USHIROMBO SEMINARY
S.1647,NKUMBA SECONDARY SCHOOL
S.1648,SUMBAWANGA SECONDARY SCHOOL
S.1649,IHANDA SECONDARY SCHOOL
S.1650,CHUNYU SECONDARY SCHOOL
S.1651,SAPIWI SECONDARY SCHOOL
S.1652,SHEBOMEZA SECONDARY SCHOOL
S.1653,RUBANGA SECONDARY SCHOOL
S.1654,MAPUTI SECONDARY SCHOOL
S.1655,MSIMBATI SECONDARY SCHOOL
S.1656,MOTAMBURU SECONDARY SCHOOL
S.1657,MATOMONDO SECONDARY SCHOOL
S.1658,LANGIRO SECONDARY SCHOOL
S.1659,ABOUD JUMBE SECONDARY SCHOOL
S.1660,MKOZA SECONDARY SCHOOL
S.1661,NURU SECONDARY SCHOOL
S.1662,MKONO SECONDARY SCHOOL
S.1663,NYACHILULUMA SECONDARY SCHOOL
S.1664,MBARIKA SECONDARY SCHOOL
S.1665,NYASAKA ISLAMIC SECONDARY SCHOOL
S.1667,IROLE SECONDARY SCHOOL
S.1668,KIWELE SECONDARY SCHOOL
S.1669,MLAMKE SECONDARY SCHOOL
S.1671,NATA SECONDARY SCHOOL
S.1672,MAFULALA SECONDARY SCHOOL
S.1673,NICODEMUS BANDUKA SECONDARY SCHOOL
S.1674,PHILIP MANGULA SECONDARY SCHOOL
S.1675,BUSAGARA SECONDARY SCHOOL
S.1676,MOMBA SECONDARY SCHOOL
S.1677,ITEPULA SECONDARY SCHOOL
S.1678,MLOWO SECONDARY SCHOOL
S.1679,PWAGA SECONDARY SCHOOL
S.1680,MVUTI SECONDARY SCHOOL
S.1681,ULUGURU SECONDARY SCHOOL
S.1683,LEKI SECONDARY SCHOOL
S.1684,ST. MICHAEL SECONDARY SCHOOL
S.1685,IKHANODA SECONDARY SCHOOL
S.1686,KEMORAMBA SECONDARY SCHOOL
S.1687,MSARANGA SECONDARY SCHOOL
S.1689,PEACE SECONDARY SCHOOL
S.1690,KILAGANO SECONDARY SCHOOL
S.1691,MAGUVANI SECONDARY SCHOOL
S.1692,MANGI MAREALE SECONDARY SCHOOL
S.1693,IWEMBA SECONDARY SCHOOL
S.1694,MABWEREBWERE SECONDARY SCHOOL
S.1695,KUTUKUTU SECONDARY SCHOOL
S.1696,NYIMBILI SECONDARY SCHOOL
S.1697,NYUMBU SECONDARY SCHOOL
S.1698,ITALA SECONDARY SCHOOL
S.1699,NYABULOGOYA SECONDARY SCHOOL
S.1700,MKUTI SECONDARY SCHOOL
S.1701,MAKOKO SECONDARY SCHOOL
S.1702,ISELAMAGAZI SECONDARY SCHOOL
S.1703,KATENDE SECONDARY SCHOOL
S.1704,KABITA SECONDARY SCHOOL
S.1705,MADIBA SECONDARY SCHOOL
S.1706,PASIANSI SECONDARY SCHOOL
S.1707,ORKOLILI SECONDARY SCHOOL
S.1708,SHIMBI SECONDARY SCHOOL
S.1709,MAHEVE SECONDARY SCHOOL
S.1710,DIEGO SECONDARY SCHOOL
S.1711,MT. LIVINGSTONE SECONDARY SCHOOL
S.1712,ENDALLAH SECONDARY SCHOOL
S.1713,J M MAKWETA SECONDARY SCHOOL
S.1714,MNYIGUMBA SECONDARY SCHOOL
S.1715,SHIKULA SECONDARY SCHOOL
S.1716,KIBAIGWA SECONDARY SCHOOL
S.1717,BAHI SECONDARY SCHOOL
S.1718,BEREGE SECONDARY SCHOOL
S.1719,NASULI SECONDARY SCHOOL
S.1720,MANCHALI SECONDARY SCHOOL
S.1721,VUDEE SECONDARY SCHOOL
S.1722,TEMEKE SECONDARY SCHOOL
S.1723,KABALE-BARIADI SECONDARY SCHOOL
S.1724,TUNAMKUMBUKA SECONDARY SCHOOL
S.1725,OLE NJOOLAY SECONDARY SCHOOL
S.1726,CHALINZE SECONDARY SCHOOL
S.1727,KARAMBI SECONDARY SCHOOL
S.1728,RASHIDI MFAUME KAWAWA SECONDARY SCHOOL
S.1729,IPERA SECONDARY SCHOOL
S.1730,KIDEGEMBYE SECONDARY SCHOOL
S.1731,IFWAGI SECONDARY SCHOOL
S.1732,MBALAMAZIWA SECONDARY SCHOOL
S.1733,BANJIKA SECONDARY SCHOOL
S.1734,KIMWERI SECONDARY SCHOOL
S.1735,NKOME SECONDARY SCHOOL
S.1736,ZIMBWINI SECONDARY SCHOOL
S.1737,NGALEKU SECONDARY SCHOOL
S.1738,NYAMBONO SECONDARY SCHOOL
S.1739,NKENDE SECONDARY SCHOOL
S.1740,BISHOP MPANGO SECONDARY SCHOOL
S.1741,CHAMAZI DAY SECONDARY SCHOOL
S.1742,LUBANGA SECONDARY SCHOOL
S.1743,MWAMALA SECONDARY SCHOOL
S.1744,SHABAKA SECONDARY SCHOOL
S.1745,MTIBWA SECONDARY SCHOOL
S.1746,ULA SECONDARY SCHOOL
S.1747,KIBEREGE SECONDARY SCHOOL
S.1748,KWAGUNDA SECONDARY SCHOOL
S.1749,MANG'HALANGA SECONDARY SCHOOL
S.1750,KASEME SECONDARY SCHOOL
S.1751,SIZAKI SECONDARY SCHOOL
S.1752,NYAMATONGO SECONDARY SCHOOL
S.1753,SALAMA SECONDARY SCHOOL
S.1754,FOREST SECONDARY SCHOOL
S.1757,BENDEL MEMORIAL SECONDARY SCHOOL
S.1758,MGOMBA DAY SECONDARY SCHOOL
S.1759,ILAGALA SECONDARY SCHOOL
S.1760,CHITENGULE SECONDARY SCHOOL
S.1761,MAKANGARAWE SECONDARY SCHOOL
S.1762,BOMALANG'OMBE SECONDARY SCHOOL
S.1763,LUTANGILO SECONDARY SCHOOL
S.1764,IPALAMWA SECONDARY SCHOOL
S.1765,MURUBONA MUSLIM SECONDARY SCHOOL
S.1769,SHANTA MINE SECONDARY SCHOOL
S.1770,IMAGE SECONDARY SCHOOL
S.1771,VUMILIA SECONDARY SCHOOL
S.1772,MLETELE SECONDARY SCHOOL
S.1773,MIEMBE SABA SECONDARY SCHOOL
S.1774,MGULASI SECONDARY SCHOOL
S.1775,BUYAGU SECONDARY SCHOOL
S.1776,BULELA SECONDARY SCHOOL
S.1777,NYAMALIMBE SECONDARY SCHOOL
S.1778,KIRONGWE SECONDARY SCHOOL
S.1779,MRIJO SECONDARY SCHOOL
S.1780,MWANDETE SECONDARY SCHOOL
S.1781,KADOTO SECONDARY SCHOOL
S.1782,NYABUBINZA SECONDARY SCHOOL
S.1783,ISANGA SECONDARY SCHOOL
S.1784,IPILILO SECONDARY SCHOOL
S.1785,MWAGALA SECONDARY SCHOOL
S.1786,LUICHE SECONDARY SCHOOL
S.1787,ILOMBA SECONDARY SCHOOL
S.1788,CHIGUNGA SECONDARY SCHOOL
S.1790,BUKULU SECONDARY SCHOOL
S.1791,MVUMI MAKULU SECONDARY SCHOOL
S.1792,TRUST PATRICK SECONDARY SCHOOL
S.1797,WAMPEMBE SECONDARY SCHOOL
S.1798,MAKONGOLOSI SECONDARY SCHOOL
S.1799,KIBUTUKA SECONDARY SCHOOL
S.1801,KENSWA SECONDARY SCHOOL
S.1802,BWERI SECONDARY SCHOOL
S.1803,LOWASSA SECONDARY SCHOOL
S.1804,KILABELA SECONDARY SCHOOL
S.1805,MKOREHA SECONDARY SCHOOL
S.1806,YUSUF MAKAMBA SECONDARY SCHOOL
S.1807,USHIRIKA SECONDARY SCHOOL
S.1808,KISANGARA SECONDARY SCHOOL
S.1809,BUHA SECONDARY SCHOOL
S.1810,MUHARURO SECONDARY SCHOOL
S.1811,KIMWANYA SECONDARY SCHOOL
S.1812,ISDORE SHIRIMA SECONDARY SCHOOL
S.1813,RUSIMBI SECONDARY SCHOOL
S.1814,OSLO HIGH SCHOOL
S.1816,EMET DAR ES SALAAM SECONDARY SCHOOL
S.1818,BARAA SECONDARY SCHOOL
S.1821,KIMALA SECONDARY SCHOOL
S.1822,ANNAGAMAZO SECONDARY SCHOOL
S.1823,JUVENARY BUZINZA SECONDARY SCHOOL
S.1824,MBOGWE SECONDARY SCHOOL
S.1825,KIZIGO SECONDARY SCHOOL
S.1826,MIBONO SECONDARY SCHOOL
S.1827,LUSETU SECONDARY SCHOOL
S.1828,LAINI SECONDARY SCHOOL
S.1829,UGUNDA SECONDARY SCHOOL
S.1830,LUKOSI SECONDARY SCHOOL
S.1831,KILINGI SECONDARY SCHOOL
S.1832,MKOHA SECONDARY SCHOOL
S.1833,KITUNTU SECONDARY SCHOOL
S.1834,MANTARE SECONDARY SCHOOL
S.1835,MAHINA SECONDARY SCHOOL
S.1839,MARORONI SECONDARY SCHOOL
S.1840,KIMASEKI SECONDARY SCHOOL
S.1841,KANDAWE SECONDARY SCHOOL
S.1842,TAWHEED SEMINARY
S.1844,KIKWE SECONDARY SCHOOL
S.1845,SEEKE SECONDARY SCHOOL
S.1846,PANDAMBILI SECONDARY SCHOOL
S.1847,NGUJINI SECONDARY SCHOOL
S.1848,KABWE SECONDARY SCHOOL
S.1849,LUPASO SECONDARY SCHOOL
S.1850,KINGERIKITI SECONDARY SCHOOL
S.1851,MBAMBI SECONDARY SCHOOL
S.1852,NGWILIZI SECONDARY SCHOOL
S.1853,KIGHARE SECONDARY SCHOOL
S.1854,SHEKILANGO SECONDARY SCHOOL
S.1855,BUTIAMA SECONDARY SCHOOL
S.1856,BULUNGWA SECONDARY SCHOOL
S.1857,ENYORRATA E-NGAI SECONDARY SCHOOL
S.1858,NYAMITWEBIRI SECONDARY SCHOOL
S.1859,MSHIKAMANO SECONDARY SCHOOL
S.1860,MWISENGE SECONDARY SCHOOL
S.1861,MERYA SECONDARY SCHOOL
S.1862,BENHUBERT SECONDARY SCHOOL
S.1863,BUZIRAYOMBO SECONDARY SCHOOL
S.1864,KIRANYI SECONDARY SCHOOL
S.1865,MKINGALEO SECONDARY SCHOOL
S.1866,MINGOYO SECONDARY SCHOOL
S.1867,MIANGALUA SECONDARY SCHOOL
S.1868,MTITU SECONDARY SCHOOL
S.1869,IGOGO SECONDARY SCHOOL
S.1870,NDAGARA SECONDARY SCHOOL
S.1871,BERNARD SECONDARY SCHOOL
S.1873,SONGWE SECONDARY SCHOOL
S.1877,DR. NCHIMBI SECONDARY SCHOOL
S.1878,NASHOLI SECONDARY SCHOOL
S.1879,KALEBEZO SECONDARY SCHOOL
S.1880,MBEZI INN SECONDARY SCHOOL
S.1881,MAHEGE SECONDARY SCHOOL
S.1882,IHANAMILO SECONDARY SCHOOL
S.1883,MIGUKULAMA SECONDARY SCHOOL
S.1884,PIUS MSEKWA SECONDARY SCHOOL
S.1885,BUGARAMA SECONDARY SCHOOL
S.1888,PATRICK MISSION SECONDARY SCHOOL
S.1891,MKUYUNI SECONDARY SCHOOL
S.1892,AFRICANA SECONDARY SCHOOL
S.1893,GIDHIM SECONDARY SCHOOL
S.1894,LUBUGU SECONDARY SCHOOL
S.1895,GODEGODE SECONDARY SCHOOL
S.1896,MINGUMBI SECONDARY SCHOOL
S.1897,KINJUMBI SECONDARY SCHOOL
S.1899,NYAKATENDE SECONDARY SCHOOL
S.1900,BUGWEMA SECONDARY SCHOOL
S.1901,KYANYARI SECONDARY SCHOOL
S.1902,SUGUTI SECONDARY SCHOOL
S.1903,TEGERUKA SECONDARY SCHOOL
S.1904,MIRWA SECONDARY SCHOOL
S.1905,MMAZAMI SECONDARY SCHOOL
S.1906,ETARO SECONDARY SCHOOL
S.1907,MAKOJO SECONDARY SCHOOL
S.1908,BUHEMBA SECONDARY SCHOOL
S.1909,MTIRO SECONDARY SCHOOL
S.1910,IGOMA SECONDARY SCHOOL
S.1911,KIRUMBA SECONDARY SCHOOL
S.1912,SANGABUYE SECONDARY SCHOOL
S.1913,ITIPINGI SECONDARY SCHOOL
S.1919,MAGHOJOA SECONDARY SCHOOL
S.1920,SUUMU SECONDARY SCHOOL
S.1921,LUQMAN ISLAMIC SEMINARY
S.1922,BUJINGA SECONDARY SCHOOL
S.1924,MWASELE SECONDARY SCHOOL
S.1925,NGOKOLO SECONDARY SCHOOL
S.1926,ISAKA SECONDARY SCHOOL
S.1927,NTOBO SECONDARY SCHOOL
S.1928,MPUNZE SECONDARY SCHOOL
S.1929,BUKAMBA SECONDARY SCHOOL
S.1930,J. M. KIKWETE SECONDARY SCHOOL
S.1931,MYOVIZI SECONDARY SCHOOL
S.1932,SANTILYA SECONDARY SCHOOL
S.1933,NYASATO SECONDARY SCHOOL
S.1934,LULEMBELA SECONDARY SCHOOL
S.1935,IPONYA SECONDARY SCHOOL
S.1936,BUKOMBE SECONDARY SCHOOL
S.1937,MANGAMBA SECONDARY SCHOOL
S.1938,ISANGAWANA SECONDARY SCHOOL
S.1939,MAWENI SECONDARY SCHOOL
S.1940,KAPALALA SECONDARY SCHOOL
S.1941,KAKOBE SECONDARY SCHOOL
S.1943,MAGOZA SECONDARY SCHOOL
S.1945,BUYUNI SECONDARY SCHOOL
S.1946,MWANAGATI SECONDARY SCHOOL
S.1947,PUGU STATION SECONDARY SCHOOL
S.1948,MONGOLA SECONDARY SCHOOL
S.1949,MASKATI SECONDARY SCHOOL
S.1950,LANGALI SECONDARY SCHOOL
S.1951,CHIKOLE SECONDARY SCHOOL
S.1952,MOIPO DAY SECONDARY SCHOOL
S.1953,SUKUMA SECONDARY SCHOOL
S.1954,MASELA SECONDARY SCHOOL
S.1955,BUDEKWA SECONDARY SCHOOL
S.1956,MAJEBELE SECONDARY SCHOOL
S.1957,KINAMWIGULU SECONDARY SCHOOL
S.1958,SHISHIYU SECONDARY SCHOOL
S.1959,KULIMI SECONDARY SCHOOL
S.1960,ZEBEYA SECONDARY SCHOOL
S.1961,IJUMBI SECONDARY SCHOOL
S.1962,IBUGA SECONDARY SCHOOL
S.1963,KISHANDA SECONDARY SCHOOL
S.1964,TOANGOMA SECONDARY SCHOOL
S.1965,SOMANGILA DAY SECONDARY SCHOOL
S.1966,MIBURANI SECONDARY SCHOOL
S.1967,CHANGALIKWA SECONDARY SCHOOL
S.1968,MSATA SECONDARY SCHOOL
S.1969,DUNDA SECONDARY SCHOOL
S.1970,MWEGA SECONDARY SCHOOL
S.1971,LUMUMA SECONDARY SCHOOL
S.1972,SEKWAO SECONDARY SCHOOL
S.1974,PARAKUYO SECONDARY SCHOOL
S.1975,GONGWE SECONDARY SCHOOL
S.1976,NAMATUHI SECONDARY SCHOOL
S.1977,NDONGOSI SECONDARY SCHOOL
S.1978,MHALULE SECONDARY SCHOOL
S.1979,SILI SECONDARY SCHOOL
S.1980,CHABURUMA SECONDARY SCHOOL
S.1981,HIRBADAW SECONDARY SCHOOL
S.1982,GETANUWAS SECONDARY SCHOOL
S.1983,KIRU SECONDARY SCHOOL
S.1984,AYATSEA SECONDARY SCHOOL
S.1985,AYALAGAYA SECONDARY SCHOOL
S.1986,IGOKELO SECONDARY SCHOOL
S.1987,WINO SECONDARY SCHOOL
S.1988,MAGAGULA SECONDARY SCHOOL
S.1989,LUPUNGA SECONDARY SCHOOL
S.1990,USONGELANI SECONDARY SCHOOL
S.1991,ISAKAMALIWA SECONDARY SCHOOL
S.1992,DINDUMA SECONDARY SCHOOL
S.1993,MCHICHIRA SECONDARY SCHOOL
S.1994,IWINDI SECONDARY SCHOOL
S.1995,MSHEWE SECONDARY SCHOOL
S.1996,NGASAMO SECONDARY SCHOOL
S.1997,OLELE SECONDARY SCHOOL
S.1998,BRAINY HEROES BOYS' SECONDARY SCHOOL
S.1999,TUMO SECONDARY SCHOOL
S.2000,NAMKUKWE SECONDARY SCHOOL
S.2001,MWEMAGE SECONDARY SCHOOL
S.2002,NYAMTELELA SECONDARY SCHOOL
S.2003,NYAKAMWAGA SECONDARY SCHOOL
S.2004,ILUNGU SECONDARY SCHOOL
S.2005,IKHOHO SECONDARY SCHOOL
S.2006,MSAKWALO SECONDARY SCHOOL
S.2007,KIKUBIJI SECONDARY SCHOOL
S.2008,JAKAYA KIKWETE SECONDARY SCHOOL
S.2009,MASHEWA SECONDARY SCHOOL
S.2010,KIFAI MODERN SECONDARY SCHOOL
S.2012,ALI MCHUMO SECONDARY SCHOOL
S.2013,MITEJA SECONDARY SCHOOL
S.2014,NH'UNDURU SECONDARY SCHOOL
S.2015,SANJO SECONDARY SCHOOL
S.2016,KEMONDO SECONDARY SCHOOL
S.2017,KILULU SECONDARY SCHOOL
S.2018,BUSTANI DAY SECONDARY SCHOOL
S.2019,TANYA DAY SECONDARY SCHOOL
S.2020,NGARENI DAY SECONDARY SCHOOL
S.2021,HOLILI DAY SECONDARY SCHOOL
S.2022,MRAMBA DAY SECONDARY SCHOOL
S.2023,MAHAHA SECONDARY SCHOOL
S.2025,BETHSAIDA SECONDARY SCHOOL
S.2026,DAHANI SECONDARY SCHOOL
S.2027,MALYA SECONDARY SCHOOL
S.2028,MARINGENI SECONDARY SCHOOL
S.2029,SHUNGUBWENI SECONDARY SCHOOL
S.2030,BUYENZI SECONDARY SCHOOL
S.2031,KISASA SECONDARY SCHOOL
S.2032,CHINANGALI SECONDARY SCHOOL
S.2033,VIWANDANI SECONDARY SCHOOL
S.2034,MIYUJI SECONDARY SCHOOL
S.2035,KIKOMBO SECONDARY SCHOOL
S.2036,NTUCHI SECONDARY SCHOOL
S.2037,MAKATA SECONDARY SCHOOL
S.2038,KIKULYUNGU SECONDARY SCHOOL
S.2039,NGONGO SECONDARY SCHOOL
S.2040,MANDWANGA SECONDARY SCHOOL
S.2041,CHIUTA SECONDARY SCHOOL
S.2042,SAKAYO MOSHA SECONDARY SCHOOL
S.2043,GIRIKU SECONDARY SCHOOL
S.2044,IDUDA SECONDARY SCHOOL
S.2045,MANGI SINA SECONDARY SCHOOL
S.2046,KENTON TABATA SECONDARY SCHOOL
S.2047,BUSISI SECONDARY SCHOOL
S.2048,LUGATA SECONDARY SCHOOL
S.2049,ILIGAMBA SECONDARY SCHOOL
S.2050,NYANDEO SECONDARY SCHOOL
S.2051,KIYONGWILE SECONDARY SCHOOL
S.2052,MCHOMBE SECONDARY SCHOOL
S.2053,CHITA SECONDARY SCHOOL
S.2054,MATUNDU HILL SECONDARY SCHOOL
S.2055,MUTENGA SECONDARY SCHOOL
S.2056,LUHOLOLO SECONDARY SCHOOL
S.2057,MARIA NYERERE SECONDARY SCHOOL
S.2058,THOMAS NYIMBO SECONDARY SCHOOL
S.2059,NGULILO SECONDARY SCHOOL
S.2060,MAGHARE SECONDARY SCHOOL
S.2061,KAJUNJUMELE SECONDARY SCHOOL
S.2062,MASUKILA SECONDARY SCHOOL
S.2063,MWAYA SECONDARY SCHOOL
S.2064,NKUYU SECONDARY SCHOOL
S.2065,MBEBE SECONDARY SCHOOL
S.2066,IPUNGA SECONDARY SCHOOL
S.2067,MPEMBA SECONDARY SCHOOL
S.2068,ISANDULA SECONDARY SCHOOL
S.2069,MATIMIRA SECONDARY SCHOOL
S.2070,GUMBIRO SECONDARY SCHOOL
S.2071,LUCHILI SECONDARY SCHOOL
S.2072,MGOMBASI SECONDARY SCHOOL
S.2073,NANUNGU SECONDARY SCHOOL
S.2074,MSINDO SECONDARY SCHOOL
S.2075,BURUMA SECONDARY SCHOOL
S.2076,KIRIBA SECONDARY SCHOOL
S.2077,NYANJA SECONDARY SCHOOL
S.2078,MASABA SECONDARY SCHOOL
S.2079,BUTUGURI SECONDARY SCHOOL
S.2080,WEGERO SECONDARY SCHOOL
S.2082,BUMASWA DAY SECONDARY SCHOOL
S.2083,BUKO SECONDARY SCHOOL
S.2084,MKIRIRA SECONDARY SCHOOL
S.2085,KILEO DAY SECONDARY SCHOOL
S.2086,KAKORA SECONDARY SCHOOL
S.2087,ISAKAMAWE SECONDARY SCHOOL
S.2088,ILOLANGULU SECONDARY SCHOOL
S.2089,IYOGELO SECONDARY SCHOOL
S.2090,LAGHANGA SECONDARY SCHOOL
S.2091,MWAMASHELE SECONDARY SCHOOL
S.2092,UKENYENGE SECONDARY SCHOOL
S.2093,BUBIKI SECONDARY SCHOOL
S.2094,DIDIA SECONDARY SCHOOL
S.2095,IMESELA SECONDARY SCHOOL
S.2096,USULE SECONDARY SCHOOL
S.2097,PANDAGICHIZA SECONDARY SCHOOL
S.2098,LYABUKANDE SECONDARY SCHOOL
S.2099,SAKASAKA SECONDARY SCHOOL
S.2100,MWAMANONGU SECONDARY SCHOOL
S.2101,MZALENDO SECONDARY SCHOOL
S.2102,LUFINGO SECONDARY SCHOOL
S.2103,ITALE SECONDARY SCHOOL
S.2104,BUPIGU SECONDARY SCHOOL
S.2105,NYALANJA SECONDARY SCHOOL
S.2106,MAHEMBE SECONDARY SCHOOL
S.2107,SOMANDA SECONDARY SCHOOL
S.2108,MWADOBANA DAY SECONDARY SCHOOL
S.2109,GASUMA SECONDARY SCHOOL
S.2110,MHUNZE SECONDARY SCHOOL
S.2111,MWASWALE SECONDARY SCHOOL
S.2112,BUMERA SECONDARY SCHOOL
S.2113,NYAKABINDI SECONDARY SCHOOL
S.2114,MTWIVILA SECONDARY SCHOOL
S.2115,WALLA SECONDARY SCHOOL
S.2116,NG'WAMABANZA SECONDARY SCHOOL
S.2117,IGALUKILO SECONDARY SCHOOL
S.2118,KONGOLO SECONDARY SCHOOL
S.2119,HARVEST MISSION SECONDARY SCHOOL
S.2120,KATUMA SECONDARY SCHOOL
S.2121,LUHUNGA SECONDARY SCHOOL
S.2123,MAMBA DAY SECONDARY SCHOOL
S.2124,MBINGU SECONDARY SCHOOL
S.2125,RUNDUGAI SECONDARY SCHOOL
S.2126,BICHA SECONDARY SCHOOL
S.2127,KISESE SECONDARY SCHOOL
S.2129,HURUI SECONDARY SCHOOL
S.2130,DILAI SECONDARY SCHOOL
S.2131,JANGALO SECONDARY SCHOOL
S.2132,ITASWI SECONDARY SCHOOL
S.2133,SONGOLO SECONDARY SCHOOL
S.2134,KISULUNI SECONDARY SCHOOL
S.2135,LUHUNDWA SECONDARY SCHOOL
S.2136,MOUNT IGOVU SECONDARY SCHOOL
S.2137,KIMAGHAI SECONDARY SCHOOL
S.2138,VINGHAWE SECONDARY SCHOOL
S.2139,MASSA SECONDARY SCHOOL
S.2140,NKUMBA SECONDARY SCHOOL
S.2141,IPULI SECONDARY SCHOOL
S.2142,KAZE HILL SECONDARY SCHOOL
S.2143,CHEYO SECONDARY SCHOOL
S.2144,ITETEMIA SECONDARY SCHOOL
S.2145,TONGI SECONDARY SCHOOL
S.2146,KAMPALA SECONDARY SCHOOL
S.2147,HAMZA AZIZI ALLY MEMORIAL SECONDARY SCHOOL
S.2148,CHABUTWA SECONDARY SCHOOL
S.2149,PANGALE SECONDARY SCHOOL
S.2150,IGIGWA SECONDARY SCHOOL
S.2151,GOWEKO SECONDARY SCHOOL
S.2152,MAKAZI SECONDARY SCHOOL
S.2153,AQUINAS SECONDARY SCHOOL
S.2154,NITEKELA SECONDARY SCHOOL
S.2155,KISIWA SECONDARY SCHOOL
S.2156,KABAGWE SECONDARY SCHOOL
S.2157,MUHINDA SECONDARY SCHOOL
S.2158,NYAKIMUE SECONDARY SCHOOL
S.2159,MTO BUBU DAY SECONDARY SCHOOL
S.2160,CHANGAA SECONDARY SCHOOL
S.2161,KAAGYA SECONDARY SCHOOL
S.2162,KYAKA SECONDARY SCHOOL
S.2163,BUJUGO SECONDARY SCHOOL
S.2164,KILIMLILE SECONDARY SCHOOL
S.2165,KYAMULAILE SECONDARY SCHOOL
S.2166,KIROKA SECONDARY SCHOOL
S.2167,KINOLE SECONDARY SCHOOL
S.2168,TAWA SECONDARY SCHOOL
S.2169,KISEMU SECONDARY SCHOOL
S.2170,BWAKIRACHINI SECONDARY SCHOOL
S.2171,KISAKI SECONDARY SCHOOL
S.2172,MANDAKA DAY SECONDARY SCHOOL
S.2173,KIRYA DAY SECONDARY SCHOOL
S.2174,NKOMA DAY SECONDARY SCHOOL
S.2175,DR. ALI M. SHEIN SECONDARY SCHOOL
S.2176,MASINDA DAY SECONDARY SCHOOL
S.2177,MUHINTIRI SECONDARY SCHOOL
S.2178,GOLDEN RIDGE SECONDARY SCHOOL
S.2179,NTUNTU SECONDARY SCHOOL
S.2180,MAGNIFICAT SECONDARY SCHOOL
S.2181,KASULU PENTECOSTAL SECONDARY SCHOOL
S.2182,UGHANDI SECONDARY SCHOOL
S.2183,MINYUGHE SECONDARY SCHOOL
S.2184,MWARU SECONDARY SCHOOL
S.2185,MUDIDA SECONDARY SCHOOL
S.2186,MTINKO SECONDARY SCHOOL
S.2187,WEMBERE SECONDARY SCHOOL
S.2188,MSISI SECONDARY SCHOOL
S.2189,IRISYA SECONDARY SCHOOL
S.2190,MAKURO SECONDARY SCHOOL
S.2191,MWANAMWEMA SHEIN SECONDARY SCHOOL
S.2192,KIMADOI SECONDARY SCHOOL
S.2193,KINTINKU SECONDARY SCHOOL
S.2194,MAKURU SECONDARY SCHOOL
S.2195,NKONKO SECONDARY SCHOOL
S.2196,HEKA SECONDARY SCHOOL
S.2197,MANYONI SECONDARY SCHOOL
S.2198,MTIPA SECONDARY SCHOOL
S.2199,MWANKOKO SECONDARY SCHOOL
S.2200,MTAMAA SECONDARY SCHOOL
S.2201,UNYAMIKUMBI SECONDARY SCHOOL
S.2202,MUNGUMAJI SECONDARY SCHOOL
S.2203,MANDEWA SECONDARY SCHOOL
S.2204,NDUGUTI SECONDARY SCHOOL
S.2205,KINYANGIRI SECONDARY SCHOOL
S.2206,MEASKRON SECONDARY SCHOOL
S.2207,KUNZUGU SECONDARY SCHOOL
S.2208,RUHANGA SECONDARY SCHOOL
S.2209,KASUNGAMILE SECONDARY SCHOOL
S.2210,ECKERNFORDE CAMBRIDGE SECONDARY SCHOOL
S.2211,MWILAMVYA SECONDARY SCHOOL
S.2212,MWESE SECONDARY SCHOOL
S.2213,USEVYA SECONDARY SCHOOL
S.2214,RUNGWA SECONDARY SCHOOL
S.2215,KALAMBO SECONDARY SCHOOL
S.2216,MAZOKA SECONDARY SCHOOL
S.2217,MPUNYULE SECONDARY SCHOOL
S.2218,NAHUKAHUKA SECONDARY SCHOOL
S.2219,NAMBAMBO SECONDARY SCHOOL
S.2220,NAIPANGA SECONDARY SCHOOL
S.2221,NAIPINGO SECONDARY SCHOOL
S.2222,MARAMBO SECONDARY SCHOOL
S.2223,IWAMBI SECONDARY SCHOOL
S.2224,MLAFU SECONDARY SCHOOL
S.2225,UHAMBINGETO SECONDARY SCHOOL
S.2226,MASISIWE SECONDARY SCHOOL
S.2227,KITOWO SECONDARY SCHOOL
S.2228,KILOLE DAY SECONDARY SCHOOL
S.2229,MADEGE SECONDARY SCHOOL
S.2230,NDAMA SECONDARY SCHOOL
S.2231,CHAKARURU SECONDARY SCHOOL
S.2232,NYAKAHANGA SECONDARY SCHOOL
S.2233,KAYANGA SECONDARY SCHOOL
S.2234,RUHINDA SECONDARY SCHOOL
S.2235,NKWENDA SECONDARY SCHOOL
S.2236,NTARE SECONDARY SCHOOL
S.2237,KIHANGA SECONDARY SCHOOL
S.2238,NYAMILIMA SECONDARY SCHOOL
S.2239,NYABUSOZI SECONDARY SCHOOL
S.2240,MAKURUGUSI SECONDARY SCHOOL
S.2241,ILEMELA SECONDARY SCHOOL
S.2242,NYALUHANDE DAY SECONDARY SCHOOL
S.2243,ITUMBILI SECONDARY SCHOOL
S.2244,LAMADI SECONDARY SCHOOL
S.2245,KITUMBA SECONDARY SCHOOL
S.2246,LEMIRA DAY SECONDARY SCHOOL
S.2247,MARIRE DAY SECONDARY SCHOOL
S.2248,MUKWASA DAY SECONDARY SCHOOL
S.2249,FUKA SECONDARY SCHOOL
S.2250,MBUZII SECONDARY SCHOOL
S.2251,MAYO DAY SECONDARY SCHOOL
S.2252,ALOYSIUS SECONDARY SCHOOL
S.2253,PONGWE SECONDARY SCHOOL
S.2254,KIHERE SECONDARY SCHOOL
S.2255,POTWE DAY SECONDARY SCHOOL
S.2256,MANZA DAY SECONDARY SCHOOL
S.2257,MJI MPYA SECONDARY SCHOOL
S.2258,REGINALD MENGI SECONDARY SCHOOL
S.2259,MARY NAGU SECONDARY SCHOOL
S.2260,MASAKTA SECONDARY SCHOOL
S.2261,DANIEL NOUD SECONDARY SCHOOL
S.2262,WARETA SECONDARY SCHOOL
S.2263,GISAMBALANG SECONDARY SCHOOL
S.2264,HANANG SECONDARY SCHOOL
S.2265,ELERAI SECONDARY SCHOOL
S.2267,MIHINGO SECONDARY SCHOOL
S.2268,LUGONGO SECONDARY SCHOOL
S.2269,BUSANGUMUGU SECONDARY SCHOOL
S.2270,MUKITUNTU SECONDARY SCHOOL
S.2271,MWAMALOLE SECONDARY SCHOOL
S.2272,MWABUMA SECONDARY SCHOOL
S.2273,PAJI SECONDARY SCHOOL
S.2274,LINGEKA SECONDARY SCHOOL
S.2275,LUBIGA SECONDARY SCHOOL
S.2277,BUSI SECONDARY SCHOOL
S.2278,MACECHU SECONDARY SCHOOL
S.2280,UNGULU SECONDARY SCHOOL
S.2281,MTANDI SECONDARY SCHOOL
S.2282,IKINGA SECONDARY SCHOOL
S.2283,NKUNGA SECONDARY SCHOOL
S.2284,MTAMBULA SECONDARY SCHOOL
S.2285,MNINGA SECONDARY SCHOOL
S.2286,KINYANAMBO SECONDARY SCHOOL
S.2287,NYAIBARA SECONDARY SCHOOL
S.2288,KIBASUKA SECONDARY SCHOOL
S.2289,NYIHARA SECONDARY SCHOOL
S.2290,NYAMAGARO SECONDARY SCHOOL
S.2291,CHANZURU SECONDARY SCHOOL
S.2292,MSOWERO SECONDARY SCHOOL
S.2293,MAGUBIKE SECONDARY SCHOOL
S.2294,RUPONDA SECONDARY SCHOOL
S.2295,SAKINA SECONDARY SCHOOL
S.2296,MSANZI SECONDARY SCHOOL
S.2297,NDORWE SECONDARY SCHOOL
S.2300,MTIMBWE SECONDARY SCHOOL
S.2302,KAMWALA SECONDARY SCHOOL
S.2303,NYIENDO SECONDARY SCHOOL
S.2304,SEJELI SECONDARY SCHOOL
S.2305,MURANDA SECONDARY SCHOOL
S.2306,BUSANDA SECONDARY SCHOOL
S.2307,GORONG'A SECONDARY SCHOOL
S.2308,KISUMWA SECONDARY SCHOOL
S.2309,KWAMSISI SECONDARY SCHOOL
S.2310,SHUME SECONDARY SCHOOL
S.2311,MALIGISU SECONDARY SCHOOL
S.2312,SELEBU SECONDARY SCHOOL
S.2313,MWIGUNDU SECONDARY SCHOOL
S.2314,NYERUMA SECONDARY SCHOOL
S.2315,KANDOTO SAYANSI GIRLS' SECONDARY SCHOOL
S.2316,BUHINGU SECONDARY SCHOOL
S.2317,KIPANDE SECONDARY SCHOOL
S.2318,YAKOBI SECONDARY SCHOOL
S.2319,BONGA SECONDARY SCHOOL
S.2320,MANGOTO SECONDARY SCHOOL
S.2321,IGONGWA SECONDARY SCHOOL
S.2322,KIMOCHI SECONDARY SCHOOL
S.2323,MHANDE SECONDARY SCHOOL
S.2324,MBUGANI SECONDARY SCHOOL
S.2325,CANOSSA SECONDARY SCHOOL
S.2326,MANGUANJUKI SECONDARY SCHOOL
S.2327,FOUNTAIN GATE DODOMA SECONDARY SCHOOL
S.2329,NACHUNYU SECONDARY SCHOOL
S.2330,KAGONDO SECONDARY SCHOOL
S.2331,LAKE BABATI SECONDARY SCHOOL
S.2332,AARON HARRIS SECONDARY SCHOOL
S.2333,BRAVO SECONDARY SCHOOL
S.2334,ISLAMIYA SECONDARY SCHOOL
S.2335,YOHANNES SECONDARY SCHOOL
S.2336,EXCELLENCY SECONDARY SCHOOL
S.2337,HALUNGU SECONDARY SCHOOL
S.2338,NAMBINZO SECONDARY SCHOOL
S.2339,KO'SIRYAMU SECONDARY SCHOOL
S.2340,HIMO SECONDARY SCHOOL
S.2342,STAMARIA SALOME SECONDARY SCHOOL
S.2343,MTUMBA SECONDARY SCHOOL
S.2345,HELLEN'S SECONDARY SCHOOL
S.2346,NGWELO SECONDARY SCHOOL
S.2348,ILALA ISLAMIC SECONDARY SCHOOL
S.2349,MGOLA SECONDARY SCHOOL
S.2351,UKATA SECONDARY SCHOOL
S.2352,MKUTI MIXED SECONDARY SCHOOL
S.2353,KING DAVID SECONDARY SCHOOL
S.2354,MARIAN MATER DEI GIRLS SECONDARY SCHOOL
S.2355,NGULUGULU SECONDARY SCHOOL
S.2357,MOUNT KIPENGERE SECONDARY SCHOOL
S.2358,MTAKUJA BEACH SECONDARY SCHOOL
S.2359,MAGHABE SECONDARY SCHOOL
S.2360,MAILISITA SECONDARY SCHOOL
S.2361,MAVANGA SECONDARY SCHOOL
S.2362,NALIMA SECONDARY SCHOOL
S.2363,FARM 17 SECONDARY SCHOOL
S.2364,MTAE SECONDARY SCHOOL
S.2366,KIVULE SECONDARY SCHOOL
S.2367,TOLEDO SECONDARY SCHOOL
S.2368,MAGINDU SECONDARY SCHOOL
S.2369,ULIWA SECONDARY SCHOOL
S.2370,KAFITA SECONDARY SCHOOL
S.2371,BWIREGE SECONDARY SCHOOL
S.2372,NAMAJANI SECONDARY SCHOOL
S.2373,KIJOMBE SECONDARY SCHOOL
S.2374,GHONA SECONDARY SCHOOL
S.2375,KERENGE SECONDARY SCHOOL
S.2376,MUGABE SECONDARY SCHOOL
S.2377,BUNGULWA SECONDARY SCHOOL
S.2378,AIRPORT SECONDARY SCHOOL
S.2379,MAJANI YA CHAI SECONDARY SCHOOL
S.2380,OKAONI SECONDARY SCHOOL
S.2381,TURIANI SECONDARY SCHOOL
S.2384,MWISI SECONDARY SCHOOL
S.2385,KAREMA SECONDARY SCHOOL
S.2386,TLAWI SECONDARY SCHOOL
S.2387,NEEMA SECONDARY SCHOOL
S.2388,KIMBE SECONDARY SCHOOL
S.2389,KIBIRASHI SECONDARY SCHOOL
S.2390,KIKUNDE SECONDARY SCHOOL
S.2391,LUDUGA SECONDARY SCHOOL
S.2392,KAYAO SECONDARY SCHOOL
S.2393,MWASENI SECONDARY SCHOOL
S.2394,MSAFIRI SECONDARY SCHOOL
S.2395,KIWIRA SECONDARY SCHOOL
S.2421,STAR SECONDARY SCHOOL
S.2422,UMBA SECONDARY SCHOOL
S.2423,KYERWA SECONDARY SCHOOL
S.2424,MKUNDI SECONDARY SCHOOL
S.2425,SUNRISE SECONDARY SCHOOL
S.2426,CHAMAZI ISLAMIC SEMINARY
S.2427,ISONGOLE SECONDARY SCHOOL
S.2428,MBUJI SECONDARY SCHOOL
S.2431,MABOGINI SECONDARY SCHOOL
S.2433,GANAKO SECONDARY SCHOOL
S.2434,NGUNJA SECONDARY SCHOOL
S.2435,MDIMBA SECONDARY SCHOOL
S.2436,MAUNDO SECONDARY SCHOOL
S.2437,LIENJE SECONDARY SCHOOL
S.2438,CHINYIKA SECONDARY SCHOOL
S.2439,CHIPOGORO SECONDARY SCHOOL
S.2440,MBUGA SECONDARY SCHOOL
S.2441,MTITAA SECONDARY SCHOOL
S.2442,IBIHWA SECONDARY SCHOOL
S.2443,CHIPANGA SECONDARY SCHOOL
S.2444,IDIFU SECONDARY SCHOOL
S.2445,MPWAYUNGU SECONDARY SCHOOL
S.2446,MSAMALO SECONDARY SCHOOL
S.2447,SEGALA SECONDARY SCHOOL
S.2448,MVUMI MISSION SECONDARY SCHOOL
S.2449,BABAYU SECONDARY SCHOOL
S.2450,ITISO SECONDARY SCHOOL
S.2451,MAKWAWA SECONDARY SCHOOL
S.2452,LAMAITI SECONDARY SCHOOL
S.2453,MPUI SECONDARY SCHOOL
S.2456,BUJELA SECONDARY SCHOOL
S.2457,IPONJOLA SECONDARY SCHOOL
S.2458,KIPAUMBELE SECONDARY SCHOOL
S.2459,MNYAKONGO SECONDARY SCHOOL
S.2460,IDUO SECONDARY SCHOOL
S.2461,CHIWE SECONDARY SCHOOL
S.2462,NGOMAI SECONDARY SCHOOL
S.2463,HEMBAHEMBA SECONDARY SCHOOL
S.2464,SONGAMBELE KILIMANI SECONDARY SCHOOL
S.2465,MANG'HAILA SECONDARY SCHOOL
S.2466,KINDAI SECONDARY SCHOOL
S.2467,FURAHIA SECONDARY SCHOOL
S.2468,ILONGA SECONDARY SCHOOL
S.2469,CELINA KOMBANI SECONDARY SCHOOL
S.2470,MAHENGE SECONDARY SCHOOL
S.2471,UPONERA SECONDARY SCHOOL
S.2472,MINEPA SECONDARY SCHOOL
S.2473,ITETE SECONDARY SCHOOL
S.2474,USANGULE SECONDARY SCHOOL
S.2475,MALINYI SECONDARY SCHOOL
S.2476,MBAGALA SECONDARY SCHOOL
S.2477,PARADIGMS SECONDARY SCHOOL
S.2478,MSENSE SECONDARY SCHOOL
S.2479,GUBALI SECONDARY SCHOOL
S.2480,KWAMTORO SECONDARY SCHOOL
S.2481,GOIMA SECONDARY SCHOOL
S.2482,LOO SECONDARY SCHOOL
S.2483,KOLO SECONDARY SCHOOL
S.2484,KIKORE SECONDARY SCHOOL
S.2485,MASANGE SECONDARY SCHOOL
S.2486,THAWI SECONDARY SCHOOL
S.2487,KALAMBA SECONDARY SCHOOL
S.2488,KIKILO SECONDARY SCHOOL
S.2489,DALAI SECONDARY SCHOOL
S.2490,SERYA SECONDARY SCHOOL
S.2491,KWALE SECONDARY SCHOOL
S.2493,MWATISI SECONDARY SCHOOL
S.2494,MKAMBA SECONDARY SCHOOL
S.2495,MUNZEZE SECONDARY SCHOOL
S.2497,KIPETA SECONDARY SCHOOL
S.2499,TUSIIME SECONDARY SCHOOL
S.2501,KISIBA SECONDARY SCHOOL
S.2502,MBWENI SECONDARY SCHOOL
S.2503,IBABA SECONDARY SCHOOL
S.2504,MALILI SECONDARY SCHOOL
S.2505,RWEPA'S SECONDARY SCHOOL
S.2506,CARMEL SECONDARY SCHOOL
S.2507,NGOMENI SECONDARY SCHOOL
S.2508,ISENI SECONDARY SCHOOL
S.2510,ISTIQAMA SECONDARY SCHOOL
S.2511,MADISI SECONDARY SCHOOL
S.2512,MOHORO SECONDARY SCHOOL
S.2515,FPCT-TUMAINI SECONDARY SCHOOL
S.2516,GRACE SECONDARY SCHOOL
S.2518,KIWERE SECONDARY SCHOOL
S.2519,SWAYA SECONDARY SCHOOL
S.2520,SELEMBALA SECONDARY SCHOOL
S.2521,MTAKUJA SECONDARY SCHOOL
S.2522,MPONDE SECONDARY SCHOOL
S.2523,SHUNGA SECONDARY SCHOOL
S.2524,MURUSAGAMBA SECONDARY SCHOOL
S.2525,KIRUSHYA SECONDARY SCHOOL
S.2526,BARIKIWA SECONDARY SCHOOL
S.2529,BUGOGWA SECONDARY SCHOOL
S.2530,NYAMANORO SECONDARY SCHOOL
S.2531,KASHISHI SECONDARY SCHOOL
S.2532,ADAM SECONDARY SCHOOL
S.2533,SAMBU SECONDARY SCHOOL
S.2534,GUTA SECONDARY SCHOOL
S.2535,KABULA SECONDARY SCHOOL
S.2537,ILALA SECONDARY SCHOOL
S.2538,MWANANCHI SECONDARY SCHOOL
S.2542,KALANGASA SECONDARY SCHOOL
S.2543,NG'HOBOKO SECONDARY SCHOOL
S.2545,NAMALENGA SECONDARY SCHOOL
S.2546,KELLU HILL SECONDARY SCHOOL
S.2547,LYANDEMBELA SECONDARY SCHOOL
S.2549,ALPHA SECONDARY SCHOOL
S.2550,MLONDWE SECONDARY SCHOOL
S.2551,NGOFILA SECONDARY SCHOOL
S.2552,BUNAMBIYU SECONDARY SCHOOL
S.2553,MWAMADULU SECONDARY SCHOOL
S.2554,IDUKILO SECONDARY SCHOOL
S.2555,MWAKIPOYA SECONDARY SCHOOL
S.2556,KILOLELI SECONDARY SCHOOL
S.2557,BUSIYA SECONDARY SCHOOL
S.2558,SOMAGEDI SECONDARY SCHOOL
S.2559,MAGANZO SECONDARY SCHOOL
S.2560,TALAGA SECONDARY SCHOOL
S.2561,SONGWA SECONDARY SCHOOL
S.2562,WISHITELEJA SECONDARY SCHOOL
S.2563,BULEKELA SECONDARY SCHOOL
S.2564,MWATAGA SECONDARY SCHOOL
S.2565,MATABA SECONDARY SCHOOL
S.2566,NG'HUMBU SECONDARY SCHOOL
S.2567,MWAKALEKA SECONDARY SCHOOL
S.2568,BUSHASHI SECONDARY SCHOOL
S.2569,MWABAYANDA SECONDARY SCHOOL
S.2570,SANGAMWALUGESHA SECONDARY SCHOOL
S.2571,NG'WIGWA SECONDARY SCHOOL
S.2572,KIKOLE SECONDARY SCHOOL
S.2573,KIRANJERANJE SECONDARY SCHOOL
S.2574,MIBUYUNI SECONDARY SCHOOL
S.2575,LIKAWAGE SECONDARY SCHOOL
S.2576,KIBATA SECONDARY SCHOOL
S.2577,MIGURUWE SECONDARY SCHOOL
S.2578,DODOMEZI SECONDARY SCHOOL
S.2579,KIVINJE SECONDARY SCHOOL
S.2580,MTANGA SECONDARY SCHOOL
S.2581,KANDAWALE SECONDARY SCHOOL
S.2582,KIKANDA SECONDARY SCHOOL
S.2583,PANDE SECONDARY SCHOOL
S.2584,NJINJO SECONDARY SCHOOL
S.2585,NAKIU SECONDARY SCHOOL
S.2587,BUHINGO SECONDARY SCHOOL
S.2588,BULEMEJI SECONDARY SCHOOL
S.2589,IDETEMYA SECONDARY SCHOOL
S.2590,KASOLOLO SECONDARY SCHOOL
S.2591,ILUJAMATE SECONDARY SCHOOL
S.2592,KANYELELE SECONDARY SCHOOL
S.2593,MAWEMATATU SECONDARY SCHOOL
S.2594,MWANIKO SECONDARY SCHOOL
S.2595,SHILALO SECONDARY SCHOOL
S.2596,SUMBUGU SECONDARY SCHOOL
S.2597,MISUFINI SECONDARY SCHOOL
S.2598,NAMATULA SECONDARY SCHOOL
S.2599,MLEMBWE SECONDARY SCHOOL
S.2600,KIANGARA SECONDARY SCHOOL
S.2601,HANGAI SECONDARY SCHOOL
S.2602,CHINONGWE SECONDARY SCHOOL
S.2603,LIUGURU SECONDARY SCHOOL
S.2604,CHUNYU SECONDARY SCHOOL
S.2605,MNACHO SECONDARY SCHOOL
S.2606,NAMICHIGA SECONDARY SCHOOL
S.2607,MIPINGO SECONDARY SCHOOL
S.2609,KIWALALA SECONDARY SCHOOL
S.2610,NANGARU SECONDARY SCHOOL
S.2611,NAMANGALE SECONDARY SCHOOL
S.2612,NG'APA SECONDARY SCHOOL
S.2613,NYENGEDI SECONDARY SCHOOL
S.2614,MVULENI SECONDARY SCHOOL
S.2615,MBAWE SECONDARY SCHOOL
S.2616,IMALASEKO SECONDARY SCHOOL
S.2617,KISESA SECONDARY SCHOOL
S.2618,MWANJOLO SECONDARY SCHOOL
S.2619,MWAMISHALI SECONDARY SCHOOL
S.2620,LYUSA SECONDARY SCHOOL
S.2621,ITINJE SECONDARY SCHOOL
S.2622,BUKUNDI SECONDARY SCHOOL
S.2623,MWABUSALU SECONDARY SCHOOL
S.2624,NAMONGE SECONDARY SCHOOL
S.2625,ISANGIJO SECONDARY SCHOOL
S.2626,CHARLOTTE SECONDARY SCHOOL
S.2627,BULEGA SECONDARY SCHOOL
S.2628,MSONGA SECONDARY SCHOOL
S.2629,MULUNGA SECONDARY SCHOOL
S.2630,IDAMBA SECONDARY SCHOOL
S.2631,MUKILIMA SECONDARY SCHOOL
S.2632,NYALUSI SECONDARY SCHOOL
S.2633,MWANGEZA SECONDARY SCHOOL
S.2634,KASELYA SECONDARY SCHOOL
S.2635,KIDARU SECONDARY SCHOOL
S.2636,URUGHU SECONDARY SCHOOL
S.2637,MBELEKESE SECONDARY SCHOOL
S.2638,TULYA SECONDARY SCHOOL
S.2639,KINAMBEU SECONDARY SCHOOL
S.2640,JORMA SECONDARY SCHOOL
S.2641,IBAGA SECONDARY SCHOOL
S.2642,NTWIKE SECONDARY SCHOOL
S.2643,TUMULI SECONDARY SCHOOL
S.2644,KINAMPANDA SECONDARY SCHOOL
S.2645,MTOA SECONDARY SCHOOL
S.2646,KYENGEGE SECONDARY SCHOOL
S.2647,DENIS SECONDARY SCHOOL
S.2648,GUNDA SECONDARY SCHOOL
S.2649,O.S.P. RUHUJI SECONDARY SCHOOL
S.2650,DR.A.M. SHEIN SECONDARY SCHOOL
S.2651,BUKONDO SECONDARY SCHOOL
S.2652,KOM SECONDARY SCHOOL
S.2653,SOVI SECONDARY SCHOOL
S.2655,MARANATHA SECONDARY SCHOOL
S.2656,FPCT-RUO SECONDARY SCHOOL
S.2657,KISUKE SECONDARY SCHOOL
S.2658,BUGISHA SECONDARY SCHOOL
S.2659,MWAMANDI SECONDARY SCHOOL
S.2660,BALOHA SECONDARY SCHOOL
S.2661,LUNGUYA SECONDARY SCHOOL
S.2662,IGWAMANONI SECONDARY SCHOOL
S.2663,BULIGE SECONDARY SCHOOL
S.2664,LIPULI SECONDARY SCHOOL
S.2665,MUHWANA SECONDARY SCHOOL
S.2666,NGONGONGARE SECONDARY SCHOOL
S.2667,OSILIGI SECONDARY SCHOOL
S.2668,BWIRO SECONDARY SCHOOL
S.2669,MURITI SECONDARY SCHOOL
S.2670,NAMAGONDO SECONDARY SCHOOL
S.2671,MATIMBWA SECONDARY SCHOOL
S.2672,ILUNGA SECONDARY SCHOOL
S.2674,LUKANGAO SECONDARY SCHOOL
S.2675,MBIZI SECONDARY SCHOOL
S.2676,IPEPA SECONDARY SCHOOL
S.2677,MGAMA SECONDARY SCHOOL
S.2678,LYASA SECONDARY SCHOOL
S.2679,ILAMBILOLE SECONDARY SCHOOL
S.2680,MIYOMBONI SECONDARY SCHOOL
S.2681,IPOGOLO SECONDARY SCHOOL
S.2682,KIHESA SECONDARY SCHOOL
S.2683,STELLA FARM SECONDARY SCHOOL
S.2684,DR. TULIA GIRLS SECONDARY SCHOOL
S.2685,NSENGA SECONDARY SCHOOL
S.2686,KWANGU SECONDARY SCHOOL
S.2687,RUBANA SECONDARY SCHOOL
S.2688,SENG'WA SECONDARY SCHOOL
S.2689,MFURU SECONDARY SCHOOL
S.2690,MSIMBU SECONDARY SCHOOL
S.2691,KIBUTA SECONDARY SCHOOL
S.2692,GONGONI SECONDARY SCHOOL
S.2693,MWANDEGE BOYS' SECONDARY SCHOOL
S.2694,MSHANGANO SECONDARY SCHOOL
S.2695,MSAMARIA SECONDARY SCHOOL
S.2696,ILEMBA SECONDARY SCHOOL
S.2697,IPARAMASA SECONDARY SCHOOL
S.2698,NYARUTEMBO SECONDARY SCHOOL
S.2699,WEMA SECONDARY SCHOOL
S.2700,MAZOMBE SECONDARY SCHOOL
S.2701,LULANZI SECONDARY SCHOOL
S.2702,NYALUMBU SECONDARY SCHOOL
S.2703,KILOLO SECONDARY SCHOOL
S.2704,UKWEGA SECONDARY SCHOOL
S.2705,MNAZI MMOJA SECONDARY SCHOOL
S.2706,KATORO DAY SECONDARY SCHOOL
S.2707,KIKOMELO SECONDARY SCHOOL
S.2708,KARAMAGI SECONDARY SCHOOL
S.2709,KABUGARO SECONDARY SCHOOL
S.2710,RUZINGA SECONDARY SCHOOL
S.2711,RWEMONDO SECONDARY SCHOOL
S.2712,NYANDOTO SECONDARY SCHOOL
S.2713,NYAMUNGA SECONDARY SCHOOL
S.2714,NYABIWE SECONDARY SCHOOL
S.2715,NYAMWAGA SECONDARY SCHOOL
S.2716,ROCHE SECONDARY SCHOOL
S.2717,KURUMWA SECONDARY SCHOOL
S.2718,KIROGO SECONDARY SCHOOL
S.2719,WANINGO SECONDARY SCHOOL
S.2720,TAI SECONDARY SCHOOL
S.2721,KEMAKORERE SECONDARY SCHOOL
S.2722,BUKURA SECONDARY SCHOOL
S.2723,GORIBE SECONDARY SCHOOL
S.2724,PROF. PHILEMON SARUNGI SECONDARY SCHOOL
S.2726,KWADELO SECONDARY SCHOOL
S.2727,CHEMBA SECONDARY SCHOOL
S.2728,PARANGA SECONDARY SCHOOL
S.2729,KELEMA SECONDARY SCHOOL
S.2730,IMBAFI SECONDARY SCHOOL
S.2731,KITEO SECONDARY SCHOOL
S.2732,MNADANI SECONDARY SCHOOL
S.2733,ITEGA SECONDARY SCHOOL
S.2734,NTYUKA SECONDARY SCHOOL
S.2735,LUKUNDO SECONDARY SCHOOL
S.2736,BUIGIRI SECONDARY SCHOOL
S.2737,MPALANGA SECONDARY SCHOOL
S.2738,CHIBELELA SECONDARY SCHOOL
S.2739,MTOMBOZI SECONDARY SCHOOL
S.2740,LUNDI SECONDARY SCHOOL
S.2741,SINGISA SECONDARY SCHOOL
S.2742,MISOZWE SECONDARY SCHOOL
S.2743,DALUNI SECONDARY SCHOOL
S.2744,DUGA SECONDARY SCHOOL
S.2745,MTIMBWANI SECONDARY SCHOOL
S.2746,MWAKIJEMBE SECONDARY SCHOOL
S.2747,KWASHEMSHI SECONDARY SCHOOL
S.2748,PATEMA SECONDARY SCHOOL
S.2749,VIKINDU SECONDARY SCHOOL
S.2750,MKUGILO SECONDARY SCHOOL
S.2751,PANZUO SECONDARY SCHOOL
S.2752,LUKANGA SECONDARY SCHOOL
S.2753,MISITU SECONDARY SCHOOL
S.2754,UGOMBOLWA SECONDARY SCHOOL
S.2755,ZAWADI SECONDARY SCHOOL
S.2756,VINGUNGUTI SECONDARY SCHOOL
S.2757,KITONGA SECONDARY SCHOOL
S.2758,MSONGOLA SECONDARY SCHOOL
S.2759,MKERA SECONDARY SCHOOL
S.2760,KINYAMWEZI SECONDARY SCHOOL
S.2761,KEREZANGE SECONDARY SCHOOL
S.2762,HALISI SECONDARY SCHOOL
S.2763,FURAHA SECONDARY SCHOOL
S.2764,NYEBURU SECONDARY SCHOOL
S.2765,MIGOMBANI SECONDARY SCHOOL
S.2766,KINYEREZI SECONDARY SCHOOL
S.2767,GEREZANI SECONDARY SCHOOL
S.2768,ULONGONI SECONDARY SCHOOL
S.2769,ARI SECONDARY SCHOOL
S.2770,KISUNGU SECONDARY SCHOOL
S.2771,MCHIKICHINI SECONDARY SCHOOL
S.2772,MCHANGANYIKO SECONDARY SCHOOL
S.2773,VIWEGE SECONDARY SCHOOL
S.2774,MSIMBAZI SECONDARY SCHOOL
S.2775,SANGARA SECONDARY SCHOOL
S.2776,MBONDOLE SECONDARY SCHOOL
S.2777,NGUVU MPYA SECONDARY SCHOOL
S.2778,ABUUY JUMAA SECONDARY SCHOOL
S.2779,ZINGIZIWA SECONDARY SCHOOL
S.2780,THEMI SECONDARY SCHOOL
S.2781,IGOMELO SECONDARY SCHOOL
S.2782,NJIRO SECONDARY SCHOOL
S.2783,BUJASHI SECONDARY SCHOOL
S.2785,NYANGUGE SECONDARY SCHOOL
S.2786,NG'HAYA SECONDARY SCHOOL
S.2787,SHISHANI SECONDARY SCHOOL
S.2788,NYANGWE SECONDARY SCHOOL
S.2789,SHIGALA SECONDARY SCHOOL
S.2790,KAHANGARA SECONDARY SCHOOL
S.2791,MWAMANGA SECONDARY SCHOOL
S.2792,SUKUMA SECONDARY SCHOOL
S.2793,SASAJILA SECONDARY SCHOOL
S.2794,NGAITI SECONDARY SCHOOL
S.2795,RUNGWA SECONDARY SCHOOL
S.2796,SANJARANDA SECONDARY SCHOOL
S.2797,IPAMUDA SECONDARY SCHOOL
S.2798,IDODYANDOLE SECONDARY SCHOOL
S.2799,KAMENYANGA SECONDARY SCHOOL
S.2800,ISSEKE SECONDARY SCHOOL
S.2801,KINANGALI SECONDARY SCHOOL
S.2802,MAKANDA SECONDARY SCHOOL
S.2803,TWIGA SECONDARY SCHOOL
S.2804,MUSOMA UTALII SECONDARY SCHOOL
S.2805,DABAGA SECONDARY SCHOOL
S.2806,MAGUU SECONDARY SCHOOL
S.2807,KING'ONGO SECONDARY SCHOOL
S.2808,KISHAMAPANDA SECONDARY SCHOOL
S.2809,MALAMBO SECONDARY SCHOOL
S.2810,SAMUNGE SECONDARY SCHOOL
S.2811,VISIGA SECONDARY SCHOOL
S.2812,MEKOMARIRO SECONDARY SCHOOL
S.2813,KURASINI SECONDARY SCHOOL
S.2814,ENDABASH SECONDARY SCHOOL
S.2815,KIGUGU SECONDARY SCHOOL
S.2817,NOWU SECONDARY SCHOOL
S.2818,SILALODA SECONDARY SCHOOL
S.2819,PHILIP MARMO SECONDARY SCHOOL
S.2820,GETERER SECONDARY SCHOOL
S.2821,DINAMU SECONDARY SCHOOL
S.2822,YAEDA AMPA SECONDARY SCHOOL
S.2823,GOROWA SECONDARY SCHOOL
S.2824,NDEKI SECONDARY SCHOOL
S.2825,LOIBORSOIT SECONDARY SCHOOL
S.2826,KIPAGALO SECONDARY SCHOOL
S.2827,MANG'OTO SECONDARY SCHOOL
S.2828,MOUNT CHAFUKWE SECONDARY SCHOOL
S.2829,IPELELE SECONDARY SCHOOL
S.2830,NYAKALIRO SECONDARY SCHOOL
S.2831,MARIA CONSOLATA SECONDARY SCHOOL
S.2832,TUMONA DAY SECONDARY SCHOOL
S.2833,KWAMNDOLWA SECONDARY SCHOOL
S.2834,ZOMBO SECONDARY SCHOOL
S.2836,MLAMBAI SECONDARY SCHOOL
S.2837,ALENI SECONDARY SCHOOL
S.2838,KWAIKURU SECONDARY SCHOOL
S.2839,KILAMACHO SECONDARY SCHOOL
S.2840,MENGENI SECONDARY SCHOOL
S.2841,NANJARA SECONDARY SCHOOL
S.2842,URAURI SECONDARY SCHOOL
S.2843,KELAMFUA SECONDARY SCHOOL
S.2844,UBAA SECONDARY SCHOOL
S.2845,BOONI SECONDARY SCHOOL
S.2846,MAIN GREENHILL SECONDARY SCHOOL
S.2847,NDUWENI SECONDARY SCHOOL
S.2848,KWALAKAMU SECONDARY SCHOOL
S.2849,MASHATI SECONDARY SCHOOL
S.2850,MAMSERA SECONDARY SCHOOL
S.2851,MEMA SECONDARY SCHOOL
S.2852,UMARINI SECONDARY SCHOOL
S.2853,KAHEUSSERI SECONDARY SCHOOL
S.2854,MBOMAI SECONDARY SCHOOL
S.2855,KIRACHI SECONDARY SCHOOL
S.2856,MAKIIDI SECONDARY SCHOOL
S.2857,MAKI SECONDARY SCHOOL
S.2858,SUA SECONDARY SCHOOL
S.2859,MAFIGA SECONDARY SCHOOL
S.2860,MJIMPYA SECONDARY SCHOOL
S.2861,KAUZENI SECONDARY SCHOOL
S.2862,NANENANE SECONDARY SCHOOL
S.2863,TUBUYU SECONDARY SCHOOL
S.2864,MWANIHANA SECONDARY SCHOOL
S.2865,KWASHUNGU SECONDARY SCHOOL
S.2866,MASAKI SECONDARY SCHOOL
S.2867,BUJINGWA SECONDARY SCHOOL
S.2868,MWASANGA SECONDARY SCHOOL
S.2869,MUHANDU SECONDARY SCHOOL
S.2870,SHIBULA SECONDARY SCHOOL
S.2871,LUKOBE SECONDARY SCHOOL
S.2872,LWANHIMA SECONDARY SCHOOL
S.2873,MATALA SECONDARY SCHOOL
S.2874,NYAMIONGO SECONDARY SCHOOL
S.2875,NYABISARE SECONDARY SCHOOL
S.2876,BARUTI SECONDARY SCHOOL
S.2877,IBRA SECONDARY SCHOOL
S.2878,BRIGHT ANGELS SECONDARY SCHOOL
S.2879,KIDETE SECONDARY SCHOOL
S.2880,OLDONYO LENGAI SECONDARY SCHOOL
S.2881,NANJA SECONDARY SCHOOL
S.2882,RIFT VALLEY SECONDARY SCHOOL
S.2883,IRKISALE SECONDARY SCHOOL
S.2884,OLTINGA SECONDARY SCHOOL
S.2885,OLESOKOINE SECONDARY SCHOOL
S.2886,MTEKENTE SECONDARY SCHOOL
S.2887,MITUNDURUNI SECONDARY SCHOOL
S.2888,MAZAE SECONDARY SCHOOL
S.2889,MWANAKYANGA SECONDARY SCHOOL
S.2890,KIZOTA SECONDARY SCHOOL
S.2891,UMONGA SECONDARY SCHOOL
S.2892,HAZINA SECONDARY SCHOOL
S.2893,MKONZE SECONDARY SCHOOL
S.2894,MAKOLE SECONDARY SCHOOL
S.2895,NG'HONG'HONA SECONDARY SCHOOL
S.2896,IHUMWA SECONDARY SCHOOL
S.2897,NZUGUNI SECONDARY SCHOOL
S.2898,CHIHANGA SECONDARY SCHOOL
S.2899,IPALA SECONDARY SCHOOL
S.2900,ZUZU SECONDARY SCHOOL
S.2901,JAILA SECONDARY SCHOOL
S.2902,MIHAMBWE SECONDARY SCHOOL
S.2903,MWAGI SECONDARY SCHOOL
S.2904,NG'HUNDI SECONDARY SCHOOL
S.2905,BUPAMWA SECONDARY SCHOOL
S.2906,MWANDU SECONDARY SCHOOL
S.2907,OLOKII SECONDARY SCHOOL
S.2908,NKOARISAMBU SECONDARY SCHOOL
S.2909,MUSA SECONDARY SCHOOL
S.2910,OLTURUMET SECONDARY SCHOOL
S.2911,NAMANGA SECONDARY SCHOOL
S.2912,ENGARENABOIR SECONDARY SCHOOL
S.2913,MANG'OLA SECONDARY SCHOOL
S.2914,BARAY SECONDARY SCHOOL
S.2915,KILIMATEMBO SECONDARY SCHOOL
S.2916,GYEKRUMLAMBO SECONDARY SCHOOL
S.2917,BASODESH SECONDARY SCHOOL
S.2918,ARRITSAAYO SECONDARY SCHOOL
S.2919,QASH SECONDARY SCHOOL
S.2920,VIHOKOLI SECONDARY SCHOOL
S.2921,ISANGU SECONDARY SCHOOL
S.2922,MPAKANI SECONDARY SCHOOL
S.2923,MSANKWI SECONDARY SCHOOL
S.2924,NANSWILU SECONDARY SCHOOL
S.2925,NALYELYE SECONDARY SCHOOL
S.2926,KAPELE SECONDARY SCHOOL
S.2927,CHITETE SECONDARY SCHOOL
S.2928,NDUGU SECONDARY SCHOOL
S.2929,BARA SECONDARY SCHOOL
S.2930,IGANYA SECONDARY SCHOOL
S.2931,IVUNA SECONDARY SCHOOL
S.2932,IDIMI SECONDARY SCHOOL
S.2933,SHIWINGA SECONDARY SCHOOL
S.2934,MSANGAWALE SECONDARY SCHOOL
S.2935,IMAGE-VOSA SECONDARY SCHOOL
S.2936,BAGA SECONDARY SCHOOL
S.2937,HEMTOYE SECONDARY SCHOOL
S.2938,KITALA SECONDARY SCHOOL
S.2939,KIVILICHA SECONDARY SCHOOL
S.2940,KWAMONGO SECONDARY SCHOOL
S.2941,KWEHANGALA SECONDARY SCHOOL
S.2942,KWEMASHAI SECONDARY SCHOOL
S.2943,KWEULASI SECONDARY SCHOOL
S.2944,MAGAMBA SECONDARY SCHOOL
S.2945,MIBUKWE SECONDARY SCHOOL
S.2946,MSALE SECONDARY SCHOOL
S.2947,NGULWI SECONDARY SCHOOL
S.2948,MASANGE JUU SECONDARY SCHOOL
S.2949,MAZASHAI SECONDARY SCHOOL
S.2950,MAZUMBAI SECONDARY SCHOOL
S.2951,MBWEI SECONDARY SCHOOL
S.2952,MDANDO SECONDARY SCHOOL
S.2953,KIRETI SECONDARY SCHOOL
S.2954,BALOZI MSHANGAMA SECONDARY SCHOOL
S.2955,MTUMBI SECONDARY SCHOOL
S.2956,BIASHARA BARIADI SECONDARY SCHOOL
S.2957,KIDINDA SECONDARY SCHOOL
S.2958,NYASOSI SECONDARY SCHOOL
S.2959,MWAMLAPA SECONDARY SCHOOL
S.2960,NG'WANG'WALI SECONDARY SCHOOL
S.2961,ITUBUKILO SECONDARY SCHOOL
S.2962,MBITI SECONDARY SCHOOL
S.2963,SAKWE SECONDARY SCHOOL
S.2964,MISWAKI SECONDARY SCHOOL
S.2965,LUNG'WA SECONDARY SCHOOL
S.2966,CHINAMILI SECONDARY SCHOOL
S.2967,BUDALABUJIGA SECONDARY SCHOOL
S.2968,LAGANGABILILI SECONDARY SCHOOL
S.2969,HABIYA SECONDARY SCHOOL
S.2970,INALO SECONDARY SCHOOL
S.2971,KINANG'WELI SECONDARY SCHOOL
S.2972,BUNAMHALA MBUGANI SECONDARY SCHOOL
S.2973,MWALUSHU SECONDARY SCHOOL
S.2974,IGAGANULWA SECONDARY SCHOOL
S.2975,IKINABUSHU SECONDARY SCHOOL
S.2976,IKUNGULYABASHASHI SECONDARY SCHOOL
S.2977,KILABELA SECONDARY SCHOOL
S.2978,BYUNA SECONDARY SCHOOL
S.2979,IKINDILO SECONDARY SCHOOL
S.2980,IKUNGULIPU SECONDARY SCHOOL
S.2981,IDOSELO SECONDARY SCHOOL
S.2982,BUKINGWAMINZI SECONDARY SCHOOL
S.2983,MWAKILANGI SECONDARY SCHOOL
S.2984,SUNZULA SECONDARY SCHOOL
S.2985,MADILANA SECONDARY SCHOOL
S.2986,SHISHANI SECONDARY SCHOOL
S.2987,NDOLELEJI SECONDARY SCHOOL
S.2988,MWAMTANI SECONDARY SCHOOL
S.2989,SAGATA SECONDARY SCHOOL
S.2990,CHENGE SECONDARY SCHOOL
S.2991,GUDUWI SECONDARY SCHOOL
S.2992,GEGEDI SECONDARY SCHOOL
S.2993,BANEMHI SECONDARY SCHOOL
S.2994,IBULYU SECONDARY SCHOOL
S.2995,KASOLI SECONDARY SCHOOL
S.2996,NYAWA SECONDARY SCHOOL
S.2997,NKINDWABIYE SECONDARY SCHOOL
S.2998,BULUNDE SECONDARY SCHOOL
S.2999,MAMBALI SECONDARY SCHOOL
S.3001,BUKENE SECONDARY SCHOOL
S.3002,BUGWANDEGE SECONDARY SCHOOL
S.3003,NKINIZIWA SECONDARY SCHOOL
S.3004,MIGUWA SECONDARY SCHOOL
S.3005,KARITU SECONDARY SCHOOL
S.3006,SEMEMBELA SECONDARY SCHOOL
S.3007,MAGENGATI SECONDARY SCHOOL
S.3008,IKINDWA SECONDARY SCHOOL
S.3009,MOGWA SECONDARY SCHOOL
S.3010,MWAKASHANHALA SECONDARY SCHOOL
S.3011,IJANIJA SECONDARY SCHOOL
S.3012,ISANZU SECONDARY SCHOOL
S.3013,BUDUSHI SECONDARY SCHOOL
S.3014,MIRAMBO ITOBO SECONDARY SCHOOL
S.3015,MWANGOYE SECONDARY SCHOOL
S.3016,MPAMANTWA SECONDARY SCHOOL
S.3017,GEMBE SECONDARY SCHOOL
S.3018,SALAWE SECONDARY SCHOOL
S.3019,LYABUSALU SECONDARY SCHOOL
S.3020,KASELYA SECONDARY SCHOOL
S.3021,ISELA SECONDARY SCHOOL
S.3022,ILOLA SECONDARY SCHOOL
S.3023,ITWANGI SECONDARY SCHOOL
S.3024,MWANTINI SECONDARY SCHOOL
S.3025,TINDE SECONDARY SCHOOL
S.3026,MASENGWA SECONDARY SCHOOL
S.3027,IHUGI SECONDARY SCHOOL
S.3028,MISHEPO SECONDARY SCHOOL
S.3029,SHINGITA SECONDARY SCHOOL
S.3030,USANDA SECONDARY SCHOOL
S.3031,MWINUKO SECONDARY SCHOOL
S.3032,KABUHORO SECONDARY SCHOOL
S.3033,MNARANI SECONDARY SCHOOL
S.3034,MTONI SECONDARY SCHOOL
S.3035,IBINZA SECONDARY SCHOOL
S.3036,LUCHELELE SECONDARY SCHOOL
S.3037,NYAMAGANA SECONDARY SCHOOL
S.3038,NYAKURUNDUMA SECONDARY SCHOOL
S.3039,SHAMALIWA SECONDARY SCHOOL
S.3040,MAPANGO SECONDARY SCHOOL
S.3041,NUNDU SECONDARY SCHOOL
S.3042,KANGAYE SECONDARY SCHOOL
S.3043,NYASAKA SECONDARY SCHOOL
S.3044,MLIMANI SECONDARY SCHOOL
S.3045,IBUNGILO SECONDARY SCHOOL
S.3046,MIRONGO SECONDARY SCHOOL
S.3047,NYAKABUNGO SECONDARY SCHOOL
S.3048,KILOLELI SECONDARY SCHOOL
S.3049,IGELEGELE SECONDARY SCHOOL
S.3050,MPUNGUZI SECONDARY SCHOOL
S.3051,RUGU SECONDARY SCHOOL
S.3052,NYAKASIMBI SECONDARY SCHOOL
S.3053,RUICHO SECONDARY SCHOOL
S.3054,NONO SECONDARY SCHOOL
S.3055,KAWELA SECONDARY SCHOOL
S.3056,KIRURUMA SECONDARY SCHOOL
S.3057,MUKIRE SECONDARY SCHOOL
S.3058,KIMULI SECONDARY SCHOOL
S.3059,IGURWA SECONDARY SCHOOL
S.3060,KAMULI SECONDARY SCHOOL
S.3061,NAKAKE SECONDARY SCHOOL
S.3062,BUSINDE SECONDARY SCHOOL
S.3063,ISINGIRO SECONDARY SCHOOL
S.3064,NYABISHENGE SECONDARY SCHOOL
S.3065,MURONGO SECONDARY SCHOOL
S.3066,BUGOMORA SECONDARY SCHOOL
S.3068,RASESA SECONDARY SCHOOL
S.3069,MKOMBOLE SECONDARY SCHOOL
S.3070,MRUWIA SECONDARY SCHOOL
S.3071,IWA SECONDARY SCHOOL
S.3072,MASOKA SECONDARY SCHOOL
S.3073,MANGI SABAS SECONDARY SCHOOL
S.3074,TPC SECONDARY SCHOOL
S.3075,CYRILI CHAMI SECONDARY SCHOOL
S.3076,MSIRIWA SECONDARY SCHOOL
S.3077,KOKIRIE SECONDARY SCHOOL
S.3078,ORIA SECONDARY SCHOOL
S.3079,MPIRANI SECONDARY SCHOOL
S.3081,MARLEX SECONDARY SCHOOL
S.3082,TEMA SECONDARY SCHOOL
S.3083,MRERENI SECONDARY SCHOOL
S.3084,RUKIMA SECONDARY SCHOOL
S.3085,KISAM SECONDARY SCHOOL
S.3086,MIERESINI SECONDARY SCHOOL
S.3087,BIRO SECONDARY SCHOOL
S.3088,NGOHERANGA SECONDARY SCHOOL
S.3089,GOBA MPAKANI SECONDARY SCHOOL
S.3090,MANZESE SECONDARY SCHOOL
S.3091,KIBAMBA SECONDARY SCHOOL
S.3092,KINENG'ENE SECONDARY SCHOOL
S.3093,KANANURA SECONDARY SCHOOL
S.3094,CHAMAGUHA SECONDARY SCHOOL
S.3095,MUHUKURU SECONDARY SCHOOL
S.3096,MUNDINDI SECONDARY SCHOOL
S.3097,DYNAMIC HIGH SCHOOL
S.3098,MWAKILYAMBITI SECONDARY SCHOOL
S.3099,DOMA SECONDARY SCHOOL
S.3100,MARSHI SECONDARY SCHOOL
S.3101,KENI SECONDARY SCHOOL
S.3102,ITEZI SECONDARY SCHOOL
S.3103,DR. MEZGER SECONDARY SCHOOL
S.3105,HOGORO SECONDARY SCHOOL
S.3106,MAGULILWA SECONDARY SCHOOL
S.3107,KISING'A SECONDARY SCHOOL
S.3108,SAWALA SECONDARY SCHOOL
S.3109,KALEMA SECONDARY SCHOOL
S.3110,CHINGUNGWE SECONDARY SCHOOL
S.3111,ANGAZA SECONDARY SCHOOL
S.3112,NYANTAKARA SECONDARY SCHOOL
S.3113,ANNA ABDALAH SECONDARY SCHOOL
S.3114,MARATANI SECONDARY SCHOOL
S.3115,MUMBAKA SECONDARY SCHOOL
S.3116,MBUYUNI SECONDARY SCHOOL
S.3118,CHIPUPUTA SECONDARY SCHOOL
S.3119,NANGOMBA SECONDARY SCHOOL
S.3120,NANDETE SECONDARY SCHOOL
S.3121,MKALAPA SECONDARY SCHOOL
S.3122,NAPACHO SECONDARY SCHOOL
S.3123,SENGENYA SECONDARY SCHOOL
S.3124,NAMATUTWE SECONDARY SCHOOL
S.3125,LUHAGARA SECONDARY SCHOOL
S.3126,LULI SECONDARY SCHOOL
S.3127,LITUMBANDYOSI SECONDARY SCHOOL
S.3128,LINDA SECONDARY SCHOOL
S.3129,KIHANGI MAHUKA SECONDARY SCHOOL
S.3130,KITURA SECONDARY SCHOOL
S.3131,LIMBO SECONDARY SCHOOL
S.3132,HAYOMBO SECONDARY SCHOOL
S.3133,WIGAMBA SECONDARY SCHOOL
S.3134,LEGICO SECONDARY SCHOOL
S.3135,KAFUNDO SECONDARY SCHOOL
S.3136,SINDE SECONDARY SCHOOL
S.3137,LUPETA SECONDARY SCHOOL
S.3138,MWAKIBETE SECONDARY SCHOOL
S.3139,IYELA SECONDARY SCHOOL
S.3140,NZONDAHAKI SECONDARY SCHOOL
S.3141,MPONJA SECONDARY SCHOOL
S.3142,LIGANGA SECONDARY SCHOOL
S.3143,IGIMA SECONDARY SCHOOL
S.3145,IHANU SECONDARY SCHOOL
S.3146,IDETERO SECONDARY SCHOOL
S.3147,KASANGA SECONDARY SCHOOL
S.3148,MAKUNGU SECONDARY SCHOOL
S.3149,IHOWANZA SECONDARY SCHOOL
S.3150,ILONGO SECONDARY SCHOOL
S.3151,ISALAVANU SECONDARY SCHOOL
S.3152,LYOMA SECONDARY SCHOOL
S.3153,BUJIKU SAKILA SECONDARY SCHOOL
S.3154,SIMBANI SECONDARY SCHOOL
S.3155,PANGANI SECONDARY SCHOOL
S.3156,MWANALUGALI SECONDARY SCHOOL
S.3157,BUNDIKANI SECONDARY SCHOOL
S.3158,KANAZI SECONDARY SCHOOL
S.3159,NDOMBA SECONDARY SCHOOL
S.3160,MABAWE SECONDARY SCHOOL
S.3161,NTOBEYE SECONDARY SCHOOL
S.3162,KIBIMBA SECONDARY SCHOOL
S.3163,KEZA SECONDARY SCHOOL
S.3164,BUKIRIRO SECONDARY SCHOOL
S.3165,MUGANZA SECONDARY SCHOOL
S.3166,NYAKISASA SECONDARY SCHOOL
S.3167,IKAMA SECONDARY SCHOOL
S.3168,LUSUNGO SECONDARY SCHOOL
S.3169,KATUMBASONGWE SECONDARY SCHOOL
S.3170,BUJONDE SECONDARY SCHOOL
S.3171,MAKWALE SECONDARY SCHOOL
S.3172,NGONGA SECONDARY SCHOOL
S.3173,ITUNGE SECONDARY SCHOOL
S.3174,IKIMBA SECONDARY SCHOOL
S.3175,KIROMO SECONDARY SCHOOL
S.3176,ZINGA SECONDARY SCHOOL
S.3177,KIBINDU SECONDARY SCHOOL
S.3178,MATIPWILI SECONDARY SCHOOL
S.3179,KINGANI SECONDARY SCHOOL
S.3180,VIGWAZA SECONDARY SCHOOL
S.3181,TALAWANDA SECONDARY SCHOOL
S.3182,UBENA SECONDARY SCHOOL
S.3183,ISENYELA SECONDARY SCHOOL
S.3184,IFUMBO SECONDARY SCHOOL
S.3185,GALULA SECONDARY SCHOOL
S.3186,MWAGALA-CHUNYA SECONDARY SCHOOL
S.3187,MTANDE SECONDARY SCHOOL
S.3188,SAZA SECONDARY SCHOOL
S.3189,CHALANGWA SECONDARY SCHOOL
S.3190,ITEWE SECONDARY SCHOOL
S.3191,CHOKAA SECONDARY SCHOOL
S.3192,KAMWENE SECONDARY SCHOOL
S.3193,NYANGE SECONDARY SCHOOL
S.3194,SANJE SECONDARY SCHOOL
S.3195,KISAWASAWA SECONDARY SCHOOL
S.3196,LUMEMO SECONDARY SCHOOL
S.3197,KIBAONI SECONDARY SCHOOL
S.3198,MOFU SECONDARY SCHOOL
S.3199,CHISANO SECONDARY SCHOOL
S.3200,TREE FARMS SECONDARY SCHOOL
S.3201,BOKELA SECONDARY SCHOOL
S.3202,CANE GROWERS SECONDARY SCHOOL
S.3203,HEMBETI SECONDARY SCHOOL
S.3204,NASSORO SEIF SECONDARY SCHOOL
S.3205,WAMI SECONDARY SCHOOL
S.3206,SUNGAJI SECONDARY SCHOOL
S.3207,KIKEO SECONDARY SCHOOL
S.3208,KANGA HILL SECONDARY SCHOOL
S.3209,BUNDUKI SECONDARY SCHOOL
S.3211,LUSAKA SECONDARY SCHOOL
S.3212,MIKESE SECONDARY SCHOOL
S.3213,GWATA SECONDARY SCHOOL
S.3214,FATEMI SECONDARY SCHOOL
S.3215,KOLERO SECONDARY SCHOOL
S.3216,TEGETERO SECONDARY SCHOOL
S.3217,TUNUNGUO SECONDARY SCHOOL
S.3218,KIBUNGOJUU SECONDARY SCHOOL
S.3219,MVUHA SECONDARY SCHOOL
S.3220,LUMO SECONDARY SCHOOL
S.3221,BARABARA YA MWINYI SECONDARY SCHOOL
S.3222,KIJICHI SECONDARY SCHOOL
S.3223,MBANDE SECONDARY SCHOOL
S.3224,SAKU SECONDARY SCHOOL
S.3225,CHARAMBE SECONDARY SCHOOL
S.3226,NZASA SECONDARY SCHOOL
S.3227,MALELA SECONDARY SCHOOL
S.3228,MIKWAMBE SECONDARY SCHOOL
S.3229,CHANGANYIKENI SECONDARY SCHOOL
S.3230,NGUVA SECONDARY SCHOOL
S.3231,KIBADA SECONDARY SCHOOL
S.3232,MIZIMBINI SECONDARY SCHOOL
S.3233,KIMBIJI SECONDARY SCHOOL
S.3234,KIBUGUMO SECONDARY SCHOOL
S.3235,MINAZINI SECONDARY SCHOOL
S.3236,KISOTA SECONDARY SCHOOL
S.3237,TUNGI SECONDARY SCHOOL
S.3238,VIJIBWENI SECONDARY SCHOOL
S.3239,MULEBA SECONDARY SCHOOL
S.3241,JOSIAH GIRLS' SECONDARY SCHOOL
S.3242,BOMBAMBILI SECONDARY SCHOOL
S.3243,MDANDAMO SECONDARY SCHOOL
S.3244,MATOGORO SECONDARY SCHOOL
S.3245,MASHUJAA SECONDARY SCHOOL
S.3246,SUBIRA SECONDARY SCHOOL
S.3247,ZIMANIMOTO SECONDARY SCHOOL
S.3248,MFARANYAKI SECONDARY SCHOOL
S.3249,SAWENI SECONDARY SCHOOL
S.3250,KASEMPOMBE SECONDARY SCHOOL
S.3251,KWAKOKO SECONDARY SCHOOL
S.3252,MVUREKONGEI SECONDARY SCHOOL
S.3253,KIHURIO SECONDARY SCHOOL
S.3254,KAZITA SECONDARY SCHOOL
S.3255,TAE SECONDARY SCHOOL
S.3256,BWANGA SECONDARY SCHOOL
S.3257,BWERA SECONDARY SCHOOL
S.3258,KIGONGO SECONDARY SCHOOL
S.3259,ICHWANKIMA SECONDARY SCHOOL
S.3260,KACHWAMBA SECONDARY SCHOOL
S.3261,KASHARUNGA SECONDARY SCHOOL
S.3262,BURUNGURA SECONDARY SCHOOL
S.3263,KIBANGA SECONDARY SCHOOL
S.3264,IKONDO SECONDARY SCHOOL
S.3265,MAYONDWE SECONDARY SCHOOL
S.3266,NGENGE SECONDARY SCHOOL
S.3267,KABIRIZI SECONDARY SCHOOL
S.3268,MORNING STAR SECONDARY SCHOOL
S.3269,HAMUGEMBE SECONDARY SCHOOL
S.3270,RWAMISHENYE SECONDARY SCHOOL
S.3271,IJUGANYONDO SECONDARY SCHOOL
S.3272,BUHEMBE SECONDARY SCHOOL
S.3273,BILELE SECONDARY SCHOOL
S.3274,KASHAI SECONDARY SCHOOL
S.3275,RUMULI SECONDARY SCHOOL
S.3276,NAGUSI SECONDARY SCHOOL
S.3277,MIHAMA SECONDARY SCHOOL
S.3278,BUHONGWA SECONDARY SCHOOL
S.3279,BUGARIKA SECONDARY SCHOOL
S.3280,LUMALA SECONDARY SCHOOL
S.3281,BUPANDWA SECONDARY SCHOOL
S.3282,MAISOME SECONDARY SCHOOL
S.3283,NYAKASUNGWA SECONDARY SCHOOL
S.3284,KAFUNZO SECONDARY SCHOOL
S.3285,MWALIGA SECONDARY SCHOOL
S.3286,NYAMAHONA SECONDARY SCHOOL
S.3287,NGWELI SECONDARY SCHOOL
S.3288,BUZILASOGA SECONDARY SCHOOL
S.3289,LWENGE SECONDARY SCHOOL
S.3290,KIBIRIZI SECONDARY SCHOOL
S.3291,RUHUNGA SECONDARY SCHOOL
S.3292,BUSILIKYA SECONDARY SCHOOL
S.3293,BWANJAI SECONDARY SCHOOL
S.3294,KIKUKWE SECONDARY SCHOOL
S.3295,KASHENYE SECONDARY SCHOOL
S.3296,KAKUNYU SECONDARY SCHOOL
S.3297,NKENGE SECONDARY SCHOOL
S.3298,BUGANDIKA SECONDARY SCHOOL
S.3299,GERA SECONDARY SCHOOL
S.3300,RUNAZI SECONDARY SCHOOL
S.3301,NYAMIGOGO SECONDARY SCHOOL
S.3302,KALENGE DAY SECONDARY SCHOOL
S.3303,UDURU SECONDARY SCHOOL
S.3304,BOMA SECONDARY SCHOOL
S.3305,KIA SECONDARY SCHOOL
S.3306,UDORO SECONDARY SCHOOL
S.3307,ROO SECONDARY SCHOOL
S.3308,NAMWAI SECONDARY SCHOOL
S.3309,KIKAFU SECONDARY SCHOOL
S.3310,LUKANI SECONDARY SCHOOL
S.3311,KYUU SECONDARY SCHOOL
S.3312,SAWE SECONDARY SCHOOL
S.3313,NDOLWA SECONDARY SCHOOL
S.3314,KWENJUGO SECONDARY SCHOOL
S.3315,KWALUGURU SECONDARY SCHOOL
S.3316,KWEDIZINGA SECONDARY SCHOOL
S.3317,KOMNYANG'ANYO SECONDARY SCHOOL
S.3318,CHOGO SECONDARY SCHOOL
S.3319,MALAJA SECONDARY SCHOOL
S.3320,KWANKONJE SECONDARY SCHOOL
S.3321,KWALUDEGE SECONDARY SCHOOL
S.3322,MKATA SECONDARY SCHOOL
S.3323,GOMBERO SECONDARY SCHOOL
S.3324,PANDE DARAJANI SECONDARY SCHOOL
S.3325,MISALAI SECONDARY SCHOOL
S.3326,KWAFUNGO SECONDARY SCHOOL
S.3327,MTINDIRO SECONDARY SCHOOL
S.3328,KIGOMBE SECONDARY SCHOOL
S.3329,KICHEBA SECONDARY SCHOOL
S.3330,ZIRAI SECONDARY SCHOOL
S.3331,JOROJIK SECONDARY SCHOOL
S.3332,GANANA SECONDARY SCHOOL
S.3333,CHIEF GEJARU SECONDARY SCHOOL
S.3334,GIDAHABABIEG SECONDARY SCHOOL
S.3335,ENDAGAW SECONDARY SCHOOL
S.3336,SIMBAY SECONDARY SCHOOL
S.3337,MASQARODA SECONDARY SCHOOL
S.3338,DIRMA SECONDARY SCHOOL
S.3339,SIROP SECONDARY SCHOOL
S.3340,SALAGE SECONDARY SCHOOL
S.3341,BADI SECONDARY SCHOOL
S.3342,MASUMBA SECONDARY SCHOOL
S.3343,JIJA SECONDARY SCHOOL
S.3344,SENANI SECONDARY SCHOOL
S.3345,ITULE SECONDARY SCHOOL
S.3346,MWAMANENGE SECONDARY SCHOOL
S.3347,BUSULWA SECONDARY SCHOOL
S.3348,TOWN SECONDARY SCHOOL
S.3349,KOLANDOTO SECONDARY SCHOOL
S.3350,UZOGORE SECONDARY SCHOOL
S.3351,IBINZAMATA SECONDARY SCHOOL
S.3352,NDALA SECONDARY SCHOOL
S.3353,MWAWAZA SECONDARY SCHOOL
S.3354,MWAMALILI SECONDARY SCHOOL
S.3355,CHANG'A SECONDARY SCHOOL
S.3356,FUNDIKIRA SECONDARY SCHOOL
S.3357,NDEVELWA SECONDARY SCHOOL
S.3358,MISHA SECONDARY SCHOOL
S.3359,SIKANDA SECONDARY SCHOOL
S.3360,KALUNDE SECONDARY SCHOOL
S.3361,ITONJANDA SECONDARY SCHOOL
S.3362,NYAMWEZI SECONDARY SCHOOL
S.3363,NANSIO SECONDARY SCHOOL
S.3364,MUMBUGA SECONDARY SCHOOL
S.3366,BUKINDO SECONDARY SCHOOL
S.3367,IRUGWA SECONDARY SCHOOL
S.3368,IGALLA SECONDARY SCHOOL
S.3369,NDURUMA DAY SECONDARY SCHOOL
S.3370,NAKOZA SECONDARY SCHOOL
S.3371,MSASANI SECONDARY SCHOOL
S.3372,KIUSA SECONDARY SCHOOL
S.3373,KORONGONI SECONDARY SCHOOL
S.3374,KWEMDIMU SECONDARY SCHOOL
S.3375,MWISHO WA SHAMBA SECONDARY SCHOOL
S.3376,NGOMBEZI SECONDARY SCHOOL
S.3377,MASHINDEI SECONDARY SCHOOL
S.3378,NG'HUMBI SECONDARY SCHOOL
S.3379,NORINI SECONDARY SCHOOL
S.3380,MAKAWA SECONDARY SCHOOL
S.3381,IKUKWA SECONDARY SCHOOL
S.3382,MWAKIPESILE SECONDARY SCHOOL
S.3383,MARUVANGO SECONDARY SCHOOL
S.3384,MIRIRINY SECONDARY SCHOOL
S.3385,NKOASENGA SECONDARY SCHOOL
S.3386,SINGISI SECONDARY SCHOOL
S.3387,MKONGORO SECONDARY SCHOOL
S.3388,ENDEVESI SECONDARY SCHOOL
S.3389,KILIMAMOJA SECONDARY SCHOOL
S.3390,GYEKRUMARUSHA SECONDARY SCHOOL
S.3391,DOMEL SECONDARY SCHOOL
S.3392,CHAENDA SECONDARY SCHOOL
S.3393,OLDEANI SECONDARY SCHOOL
S.3394,MARANG SECONDARY SCHOOL
S.3395,ORBOSHAN SECONDARY SCHOOL
S.3396,BUSHIRI SECONDARY SCHOOL
S.3397,TONGANI SECONDARY SCHOOL
S.3398,SIGINO SECONDARY SCHOOL
S.3399,KWARAA SECONDARY SCHOOL
S.3400,KWAANG'W SECONDARY SCHOOL
S.3401,NKAITI SECONDARY SCHOOL
S.3402,MAGARA SECONDARY SCHOOL
S.3403,UMAGI SECONDARY SCHOOL
S.3404,IGOMBAVANU SECONDARY SCHOOL
S.3405,BUMILAYINGA SECONDARY SCHOOL
S.3406,KIYOWELA SECONDARY SCHOOL
S.3407,KIHANSI SECONDARY SCHOOL
S.3408,IDUNDA SECONDARY SCHOOL
S.3409,BWENI SECONDARY SCHOOL
S.3410,KILINDONI SECONDARY SCHOOL
S.3411,MONICA MBEGA SECONDARY SCHOOL
S.3412,NYONI SECONDARY SCHOOL
S.3413,LIPARAMBA SECONDARY SCHOOL
S.3414,MASEKELO SECONDARY SCHOOL
S.3415,MAZINGE SECONDARY SCHOOL
S.3416,CHISORYA SECONDARY SCHOOL
S.3417,KINDIMBA SECONDARY SCHOOL
S.3418,MELI SECONDARY SCHOOL
S.3419,MTAKANINI SECONDARY SCHOOL
S.3420,RWINGA SECONDARY SCHOOL
S.3421,LUKIMWA SECONDARY SCHOOL
S.3422,MAGAZINI SECONDARY SCHOOL
S.3423,HORTEN SECONDARY SCHOOL
S.3424,CHONGOLEANI SECONDARY SCHOOL
S.3425,MABOKWENI SECONDARY SCHOOL
S.3426,MARUNGU SECONDARY SCHOOL
S.3427,MWAPACHU SECONDARY SCHOOL
S.3428,NALASI SECONDARY SCHOOL
S.3429,SEMENI SECONDARY SCHOOL
S.3430,MARUMBA SECONDARY SCHOOL
S.3431,MAYANGA SECONDARY SCHOOL
S.3432,NJENGWA SECONDARY SCHOOL
S.3433,MNYAWI SECONDARY SCHOOL
S.3434,MTIMBWILIMBWI SECONDARY SCHOOL
S.3435,KIROMBA SECONDARY SCHOOL
S.3436,CHAWI SECONDARY SCHOOL
S.3437,KYIMO SECONDARY SCHOOL
S.3438,MASUKULU SECONDARY SCHOOL
S.3439,UMOJA SECONDARY SCHOOL
S.3440,MITENGO SECONDARY SCHOOL
S.3441,IMALAMPAKA SECONDARY SCHOOL
S.3442,TURA SECONDARY SCHOOL
S.3443,MWARUSEMBE SECONDARY SCHOOL
S.3444,KISIJU SECONDARY SCHOOL
S.3445,KIPARANG'ANDA SECONDARY SCHOOL
S.3446,OLD MASWA SECONDARY SCHOOL
S.3447,MWANTIMBA SECONDARY SCHOOL
S.3448,MAKORONGO SECONDARY SCHOOL
S.3449,SAKAMI SECONDARY SCHOOL
S.3450,BERABERA SECONDARY SCHOOL
S.3451,DARAJA MBILI SECONDARY SCHOOL
S.3452,LIPUPUMA SECONDARY SCHOOL
S.3453,MAWENI SECONDARY SCHOOL
S.3454,TONGONI SECONDARY SCHOOL
S.3455,CHANDARUA SECONDARY SCHOOL
S.3456,MBULANI SECONDARY SCHOOL
S.3457,MKOMALILE SECONDARY SCHOOL
S.3458,LIZABONI SECONDARY SCHOOL
S.3459,IKOVO SECONDARY SCHOOL
S.3460,MLOWA SECONDARY SCHOOL
S.3461,MGAWA SECONDARY SCHOOL
S.3462,IKAPU SECONDARY SCHOOL
S.3463,SULULU SECONDARY SCHOOL
S.3464,ZOGOWALE SECONDARY SCHOOL
S.3465,MAKURUNGE SECONDARY SCHOOL
S.3466,WAILES SECONDARY SCHOOL
S.3467,MBEYELA SECONDARY SCHOOL
S.3468,BUCHAMBI SECONDARY SCHOOL
S.3469,BULYAGA SECONDARY SCHOOL
S.3470,ABBEY SECONDARY SCHOOL
S.3471,SITALIKE SECONDARY SCHOOL
S.3472,SOITSAMBU SECONDARY SCHOOL
S.3473,DONGO SECONDARY SCHOOL
S.3474,NDEDO SECONDARY SCHOOL
S.3475,JIPE SECONDARY SCHOOL
S.3476,UBANG'I SECONDARY SCHOOL
S.3477,BWAKALO SECONDARY SCHOOL
S.3478,MIKINDANI SECONDARY SCHOOL
S.3479,NALA SECONDARY SCHOOL
S.3480,MAZUNGWE SECONDARY SCHOOL
S.3481,GUNYODA SECONDARY SCHOOL
S.3482,MWENYEHERI ANUARITE SECONDARY SCHOOL
S.3483,ST. MARY'S-ULETE SECONDARY SCHOOL
S.3484,NYUGWA SECONDARY SCHOOL
S.3485,WAAMUZI SECONDARY SCHOOL
S.3486,KANSAY SECONDARY SCHOOL
S.3487,NAISINYAI SECONDARY SCHOOL
S.3488,ZIWANI SECONDARY SCHOOL
S.3489,SUMAYE SECONDARY SCHOOL
S.3490,ST. BAKANJA SECONDARY SCHOOL
S.3491,BUKOBA LUTHERAN SECONDARY SCHOOL
S.3492,SAZIRA SECONDARY SCHOOL
S.3493,MKWAYA SECONDARY SCHOOL
S.3494,IGAGALA SECONDARY SCHOOL
S.3495,KISAZA SECONDARY SCHOOL
S.3499,LUWAWASI SECONDARY SCHOOL
S.3500,B. HILLHORST SECONDARY SCHOOL
S.3502,OYSTERBAY SECONDARY SCHOOL
S.3503,MWENDAKULIMA SECONDARY SCHOOL
S.3504,LUGOYE SECONDARY SCHOOL
S.3505,KIRONGOCHINI SECONDARY SCHOOL
S.3506,KISHINDA SECONDARY SCHOOL
S.3507,LIBOBE SECONDARY SCHOOL
S.3508,LWAMGASA SECONDARY SCHOOL
S.3509,SAPIENTIA SECONDARY SCHOOL
S.3510,RUCHUGI SECONDARY SCHOOL
S.3511,MBARALI SECONDARY SCHOOL
S.3512,LUMULI SECONDARY SCHOOL
S.3513,PANKUMBI SECONDARY SCHOOL
S.3514,CHIFU MANG'ENYA SECONDARY SCHOOL
S.3515,MANOLO SECONDARY SCHOOL
S.3517,MIKANGAULA SECONDARY SCHOOL
S.3518,BASSOTU SECONDARY SCHOOL
S.3519,KIVUKONI SECONDARY SCHOOL
S.3520,NKUNDUTSI SECONDARY SCHOOL
S.3522,BUKIMA SECONDARY SCHOOL
S.3523,SAJA SECONDARY SCHOOL
S.3525,CHAKWALE SECONDARY SCHOOL
S.3526,HUNYARI SECONDARY SCHOOL
S.3528,KALEMELA SECONDARY SCHOOL
S.3529,MKAKO SECONDARY SCHOOL
S.3530,KARIAKOO SECONDARY SCHOOL
S.3531,RUTAMBA SECONDARY SCHOOL
S.3532,ACACIA SECONDARY SCHOOL
S.3533,KAWE UKWAMANI SECONDARY SCHOOL
S.3534,CENTRAL VALLEY SECONDARY SCHOOL
S.3535,DEBRABANT SECONDARY SCHOOL
S.3536,LILIAN KIBO SECONDARY SCHOOL
S.3537,PAWAGA SECONDARY SCHOOL
S.3539,ST. MARY'S MBEYA SECONDARY SCHOOL
S.3544,LIGUNGA SECONDARY SCHOOL
S.3545,UYOVU SECONDARY SCHOOL
S.3546,SEGEREA HILL SECONDARY SCHOOL
S.3547,GOD'S BRIDGE SONGWE SECONDARY SCHOOL
S.3548,MIDWAY SECONDARY SCHOOL
S.3550,MWALUGULU SECONDARY SCHOOL
S.3560,UCHILE SECONDARY SCHOOL
S.3561,SALMA KIKWETE SECONDARY SCHOOL
S.3562,MANUSHI SECONDARY SCHOOL
S.3563,KIMOLO SECONDARY SCHOOL
S.3564,MADAGO SECONDARY SCHOOL
S.3565,MANGU SECONDARY SCHOOL
S.3566,MNARA SECONDARY SCHOOL
S.3567,MADANGWA SECONDARY SCHOOL
S.3568,BASHAY SECONDARY SCHOOL
S.3569,MUKANGWA SECONDARY SCHOOL
S.3570,KUSINI SECONDARY SCHOOL
S.3571,VUNTA SECONDARY SCHOOL
S.3572,LWANZALI SECONDARY SCHOOL
S.3573,PRIME SECONDARY SCHOOL
S.3574,UGUNGA SECONDARY SCHOOL
S.3575,BARGISH SECONDARY SCHOOL
S.3576,NYERI SECONDARY SCHOOL
S.3577,NGUMBO SECONDARY SCHOOL
S.3578,KISIRIRI SECONDARY SCHOOL
S.3579,EBENEZER SEMINARY
S.3580,WUKIRO SECONDARY SCHOOL
S.3581,MURANGI SECONDARY SCHOOL
S.3582,NYAMBURETI SECONDARY SCHOOL
S.3583,MWABOMBA SECONDARY SCHOOL
S.3584,NGULA SECONDARY SCHOOL
S.3585,SOLWA SECONDARY SCHOOL
S.3586,FARKWA SECONDARY SCHOOL
S.3587,MAGUGU SECONDARY SCHOOL
S.3588,NONGWE SECONDARY SCHOOL
S.3589,RULONGO SECONDARY SCHOOL
S.3590,SENGA SECONDARY SCHOOL
S.3591,RUSUMO SECONDARY SCHOOL
S.3592,NYIKOBOKO SECONDARY SCHOOL
S.3593,KATENTE SECONDARY SCHOOL
S.3594,BUGULULA SECONDARY SCHOOL
S.3595,KANEGERE SECONDARY SCHOOL
S.3596,MAVALA SECONDARY SCHOOL
S.3597,KISABA SECONDARY SCHOOL
S.3598,BUHARE SECONDARY SCHOOL
S.3599,KALINZI SECONDARY SCHOOL
S.3600,BUGAMBA SECONDARY SCHOOL
S.3601,ILASI SECONDARY SCHOOL
S.3602,NYANDEKWA SECONDARY SCHOOL
S.3603,NYAMOKO SECONDARY SCHOOL
S.3604,MOLE SECONDARY SCHOOL
S.3606,MASUMBWE SECONDARY SCHOOL
S.3607,MTOPWA SECONDARY SCHOOL
S.3608,NDOLA SECONDARY SCHOOL
S.3609,IGALULA SECONDARY SCHOOL
S.3610,NYAMPANDE SECONDARY SCHOOL
S.3611,KWELA SECONDARY SCHOOL
S.3612,MLALE SECONDARY SCHOOL
S.3613,RUBEHO SECONDARY SCHOOL
S.3614,NABERERA SECONDARY SCHOOL
S.3615,MALATU SECONDARY SCHOOL
S.3616,NSUNGA SECONDARY SCHOOL
S.3617,MAMA MARIA NYERERE SECONDARY SCHOOL
S.3618,NDELA SECONDARY SCHOOL
S.3619,MNOLELA SECONDARY SCHOOL
S.3622,MAKUMBUSHO SECONDARY SCHOOL
S.3623,ST. VICENT DE PAUL SECONDARY SCHOOL
S.3624,LUA SECONDARY SCHOOL
S.3626,USINGE SECONDARY SCHOOL
S.3627,MAGNUS SECONDARY SCHOOL
S.3628,MSHIKAMANO SECONDARY SCHOOL
S.3629,MANGA MPAKANI SECONDARY SCHOOL
S.3630,HOLLY WOOD SECONDARY SCHOOL
S.3631,DE PAUL SECONDARY SCHOOL
S.3632,KWALA SECONDARY SCHOOL
S.3633,KIAMILI SECONDARY SCHOOL
S.3634,MUGUMU SECONDARY SCHOOL
S.3635,KIDAMALI SECONDARY SCHOOL
S.3636,TAMBANI SECONDARY SCHOOL
S.3638,NYASUBI SECONDARY SCHOOL
S.3639,BUKANDA SECONDARY SCHOOL
S.3640,MOUNT CHANZA SECONDARY SCHOOL
S.3641,NABOTI SECONDARY SCHOOL
S.3642,IPANDE SECONDARY SCHOOL
S.3643,LUPOTO SECONDARY SCHOOL
S.3644,FUNTA SECONDARY SCHOOL
S.3646,ST. MARY'S DULUTI SECONDARY SCHOOL
S.3647,MCHUCHUMA SECONDARY SCHOOL
S.3648,THEOFLO NGOWI MEMORIAL SECONDARY SCHOOL
S.3649,MILOLA SECONDARY SCHOOL
S.3650,VUGIRI SECONDARY SCHOOL
S.3651,ILIMA SECONDARY SCHOOL
S.3652,NKOLOLO SECONDARY SCHOOL
S.3653,UKWIVA SECONDARY SCHOOL
S.3654,KAKOMA SECONDARY SCHOOL
S.3655,NYASA SECONDARY SCHOOL
S.3656,KITWE SECONDARY SCHOOL
S.3657,NG'WAKITOLYO SECONDARY SCHOOL
S.3658,MOUNT SAMBA SECONDARY SCHOOL
S.3659,MWAMALA SECONDARY SCHOOL
S.3660,IHALIMBA SECONDARY SCHOOL
S.3661,BEROYA SECONDARY SCHOOL
S.3662,MIBUNGO SECONDARY SCHOOL
S.3664,MATAMBA SECONDARY SCHOOL
S.3665,SAGARA SECONDARY SCHOOL
S.3668,KANOGE SECONDARY SCHOOL
S.3669,SANDY VALLEY SECONDARY SCHOOL
S.3670,NANGANGA SECONDARY SCHOOL
S.3671,MBOGI SECONDARY SCHOOL
S.3672,KIRIMA SECONDARY SCHOOL
S.3673,KAGONGO SECONDARY SCHOOL
S.3674,ST. JOSEPH MILLENIUM SECONDARY SCHOOL
S.3675,RAU SECONDARY SCHOOL
S.3676,KITAYA DAY SECONDARY SCHOOL
S.3677,NYANCHENCHE SECONDARY SCHOOL
S.3678,MIKANJUNI SECONDARY SCHOOL
S.3679,MADAHA SECONDARY SCHOOL
S.3680,CHABALISA SECONDARY SCHOOL
S.3682,KILUMBA SECONDARY SCHOOL
S.3683,USILILO SECONDARY SCHOOL
S.3684,MANCHIRA SECONDARY SCHOOL
S.3685,NANJOTA SECONDARY SCHOOL
S.3686,MWAMASHIMBA SECONDARY SCHOOL
S.3687,MAHURUNGA SECONDARY SCHOOL
S.3688,KISHENGWENI SECONDARY SCHOOL
S.3689,KASHOZA SECONDARY SCHOOL
S.3690,KANDA SECONDARY SCHOOL
S.3691,ANNA MKAPA SECONDARY SCHOOL
S.3692,KINKATI SECONDARY SCHOOL
S.3693,KARANGA SECONDARY SCHOOL
S.3695,NAMOMBWE SECONDARY SCHOOL
S.3696,MMULUNGA SECONDARY SCHOOL
S.3698,MTENGA SECONDARY SCHOOL
S.3699,KIZUMBI SECONDARY SCHOOL
S.3700,KASINGIRIMA SECONDARY SCHOOL
S.3701,NANGARA SECONDARY SCHOOL
S.3702,MUGHANGA SECONDARY SCHOOL
S.3703,IRINGO SECONDARY SCHOOL
S.3704,CHANIKANGUO SECONDARY SCHOOL
S.3705,IWIJI SECONDARY SCHOOL
S.3706,BAGARA SECONDARY SCHOOL
S.3707,KANYELE SECONDARY SCHOOL
S.3711,KIMWANI SECONDARY SCHOOL
S.3712,NKINTO SECONDARY SCHOOL
S.3713,MUMI SECONDARY SCHOOL
S.3714,MATWIGA SECONDARY SCHOOL
S.3715,BUZA SECONDARY SCHOOL
S.3716,NYAKASALUMA SECONDARY SCHOOL
S.3718,NAPUTA SECONDARY SCHOOL
S.3719,MSITU WA TEMBO SECONDARY SCHOOL
S.3721,LUSHOTO SECONDARY SCHOOL
S.3723,YANZA SECONDARY SCHOOL
S.3725,FELIX MREMA SECONDARY SCHOOL
S.3726,MTANANA SECONDARY SCHOOL
S.3727,MALOCHO SECONDARY SCHOOL
S.3728,NGIRESI SECONDARY SCHOOL
S.3729,STESHENI SECONDARY SCHOOL
S.3730,MBAMBA BAY SECONDARY SCHOOL
S.3731,LIONJA SECONDARY SCHOOL
S.3732,CHITEKETE SECONDARY SCHOOL
S.3734,MANDAWA SECONDARY SCHOOL
S.3735,GOLDLAND SECONDARY SCHOOL
S.3736,DESTINY SECONDARY SCHOOL
S.3737,ITUMBA SECONDARY SCHOOL
S.3738,MIZIBAZIBA SECONDARY SCHOOL
S.3739,ZENGWA SECONDARY SCHOOL
S.3740,YAEDA CHINI SECONDARY SCHOOL
S.3741,ALEXANDER SECONDARY SCHOOL
S.3742,MATUI SECONDARY SCHOOL
S.3743,DOSIDOSI SECONDARY SCHOOL
S.3744,MPANDA NDOGO SECONDARY SCHOOL
S.3745,MAGAMBA SECONDARY SCHOOL
S.3746,KASOKOLA SECONDARY SCHOOL
S.3747,NOTRE DAME SECONDARY SCHOOL
S.3748,MANGO SECONDARY SCHOOL
S.3749,KINYETO SECONDARY SCHOOL
S.3750,KINYAKA SECONDARY SCHOOL
S.3751,MKOPWE SECONDARY SCHOOL
S.3752,LULINDI SECONDARY SCHOOL
S.3753,ENDAKISO SECONDARY SCHOOL
S.3754,SAVIAK SECONDARY SCHOOL
S.3755,SELENGE SECONDARY SCHOOL
S.3756,NAMSWEA SECONDARY SCHOOL
S.3757,GUSE SECONDARY SCHOOL
S.3758,MASABEDA SECONDARY SCHOOL
S.3759,MUTUKA SECONDARY SCHOOL
S.3760,GICHAMEDA SECONDARY SCHOOL
S.3761,KISARAWE II SECONDARY SCHOOL
S.3762,USISYA SECONDARY SCHOOL
S.3763,LENGO SECONDARY SCHOOL
S.3764,CHRISTOPHER SECONDARY SCHOOL
S.3765,NOONKODIN SECONDARY SCHOOL
S.3766,MUGUNZU SECONDARY SCHOOL
S.3767,MPOTOLA SECONDARY SCHOOL
S.3768,ZASHE SECONDARY SCHOOL
S.3769,NYARERO SECONDARY SCHOOL
S.3770,KICHEMA SECONDARY SCHOOL
S.3771,MHAMA SECONDARY SCHOOL
S.3772,REBU SECONDARY SCHOOL
S.3776,ST. LUKAS-KIGOMA SECONDARY SCHOOL
S.3777,WINAM CAREER SECONDARY SCHOOL
S.3778,DOHOM SECONDARY SCHOOL
S.3779,USHOKOLA SECONDARY SCHOOL
S.3780,MPIJI MAGOHE SECONDARY SCHOOL
S.3781,MAKUKWE SECONDARY SCHOOL
S.3783,KASIMBA SECONDARY SCHOOL
S.3784,NSEMULWA SECONDARY SCHOOL
S.3785,SISTER IRENE SECONDARY SCHOOL
S.3786,UPUGE SECONDARY SCHOOL
S.3787,MABUI SECONDARY SCHOOL
S.3788,UYUMBU SECONDARY SCHOOL
S.3789,MCHUNGAJI MWEMA SECONDARY SCHOOL
S.3790,MAFISA SECONDARY SCHOOL
S.3791,LYOTO SECONDARY SCHOOL
S.3792,FABCAST SECONDARY SCHOOL
S.3793,RUANGWA SECONDARY SCHOOL
S.3794,NYANKUMBU SECONDARY SCHOOL
S.3795,YEMEN SECONDARY SCHOOL
S.3796,NANGANO SECONDARY SCHOOL
S.3797,KAINAM RHOTIA SECONDARY SCHOOL
S.3798,KISEGESE SECONDARY SCHOOL
S.3799,TEMBONI GVT. SECONDARY SCHOOL
S.3800,KIKODI SECONDARY SCHOOL
S.3801,RUZIBA SECONDARY SCHOOL
S.3802,MUKA SECONDARY SCHOOL
S.3803,KICHANGANI SECONDARY SCHOOL
S.3805,MWIMBI SECONDARY SCHOOL
S.3806,UKUMBISIGANGA SECONDARY SCHOOL
S.3807,MNIMA SECONDARY SCHOOL
S.3808,IHANGO SECONDARY SCHOOL
S.3809,MWERA SECONDARY SCHOOL
S.3810,DIHIMBA SECONDARY SCHOOL
S.3811,OVERLAND SECONDARY SCHOOL
S.3812,BUNA SECONDARY SCHOOL
S.3813,BWAFUMBA SECONDARY SCHOOL
S.3814,NYAMALALA SECONDARY SCHOOL
S.3815,VITIRA SECONDARY SCHOOL
S.3816,KAPUGI SECONDARY SCHOOL
S.3817,MBWEGO SECONDARY SCHOOL
S.3818,BUSAMI SECONDARY SCHOOL
S.3819,KANYAMAHELA SECONDARY SCHOOL
S.3820,UNYIHA SECONDARY SCHOOL
S.3821,KWEMBE SECONDARY SCHOOL
S.3822,MOTHER TERESA OF CALCUTA GIRLS' SECONDARY SCHOOL
S.3824,NAMEMA SECONDARY SCHOOL
S.3825,LUKIMA SECONDARY SCHOOL
S.3826,MIVUMONI ISLAMIC SEMINARY
S.3827,NYIHOGO SECONDARY SCHOOL
S.3828,KINING'INILA SECONDARY SCHOOL
S.3829,MADILU SECONDARY SCHOOL
S.3830,UTENGULE-USANGU SECONDARY SCHOOL
S.3831,NGAYA SECONDARY SCHOOL
S.3832,CHOMA SECONDARY SCHOOL
S.3833,JAKAYA SECONDARY SCHOOL
S.3834,UKONDAMOYO SECONDARY SCHOOL
S.3835,MRAMA SECONDARY SCHOOL
S.3836,IPEPO SECONDARY SCHOOL
S.3837,NYANSHA SECONDARY SCHOOL
S.3838,PEACE HOUSE SECONDARY SCHOOL
S.3839,ROSEHILL SECONDARY SCHOOL
S.3840,MKUZI JUU SECONDARY SCHOOL
S.3841,EPIPHANY SECONDARY SCHOOL
S.3842,KIBEDYA SECONDARY SCHOOL
S.3843,A.M. SHABIBY SECONDARY SCHOOL
S.3844,MBOGAMO SECONDARY SCHOOL
S.3845,MALAMA SECONDARY SCHOOL
S.3846,MTUMBATU SECONDARY SCHOOL
S.3847,NYASHIMBI SECONDARY SCHOOL
S.3848,MWAHU SECONDARY SCHOOL
S.3849,KHAIRAAT ISLAMIC SECONDARY SCHOOL
S.3850,SHUHUDIA SECONDARY SCHOOL
S.3851,JANDA SECONDARY SCHOOL
S.3852,MAZINGARA SECONDARY SCHOOL
S.3853,NYARUGUSU SECONDARY SCHOOL
S.3854,YALAWE SECONDARY SCHOOL
S.3855,MWIGUMBI SECONDARY SCHOOL
S.3856,GARE SECONDARY SCHOOL
S.3857,NGOGWA SECONDARY SCHOOL
S.3858,BUIKO SECONDARY SCHOOL
S.3860,DINDIRA SECONDARY SCHOOL
S.3861,ANDERLEK RIDGES SECONDARY SCHOOL
S.3862,MAVUMO SECONDARY SCHOOL
S.3863,LWATI SECONDARY SCHOOL
S.3864,UYOGO SECONDARY SCHOOL
S.3865,FUFU SECONDARY SCHOOL
S.3866,REGINA MUMBA LOWASSA SECONDARY SCHOOL
S.3867,ST. TERESA OF AVILA GIRLS' SECONDARY SCHOOL
S.3869,MUGOMBE SECONDARY SCHOOL
S.3870,VITI SECONDARY SCHOOL
S.3871,BULYANHULU SECONDARY SCHOOL
S.3872,BULYAKASHAJU SECONDARY SCHOOL
S.3873,UPARO SECONDARY SCHOOL
S.3875,RUDEWA SECONDARY SCHOOL
S.3876,RUSESA SECONDARY SCHOOL
S.3877,CHIEF NTINGINYA SECONDARY SCHOOL
S.3878,ISSUNA SECONDARY SCHOOL
S.3879,IGANDUKA SECONDARY SCHOOL
S.3880,ISYESYE SECONDARY SCHOOL
S.3881,AHMES SECONDARY SCHOOL
S.3882,SANU TECHNICAL SECONDARY SCHOOL
S.3883,MACHINDA SECONDARY SCHOOL
S.3884,OLOIRIEN SECONDARY SCHOOL
S.3885,WENDA HIGH SCHOOL
S.3886,SIMBA WA YUDA SECONDARY SCHOOL
S.3889,MLIMWA SECONDARY SCHOOL
S.3890,LILASIA SECONDARY SCHOOL
S.3891,NYATHOROGO SECONDARY SCHOOL
S.3892,PASTOR RAPHAEL ODUNGA SECONDARY SCHOOL
S.3893,CHUMBAGENI SECONDARY SCHOOL
S.3894,MURAMBA SECONDARY SCHOOL
S.3895,IPEMBE SECONDARY SCHOOL
S.3897,MISIMA SECONDARY SCHOOL
S.3898,IMALILO SECONDARY SCHOOL
S.3899,SHIBOLYA SECONDARY SCHOOL
S.3900,NYAMIGOTA SECONDARY SCHOOL
S.3901,KURUNYEMI SECONDARY SCHOOL
S.3902,MISEZERO SECONDARY SCHOOL
S.3903,QARU SECONDARY SCHOOL
S.3904,FAHARI SECONDARY SCHOOL
S.3905,UWATA SECONDARY SCHOOL
S.3906,SAMARITAN TECH SECONDARY SCHOOL
S.3907,KIBAHA GIRLS' SECONDARY SCHOOL
S.3912,KIBURUBUTU SECONDARY SCHOOL
S.3913,KIVESA SECONDARY SCHOOL
S.3914,ALFAGEMS SECONDARY SCHOOL
S.3915,CHIKONJI SECONDARY SCHOOL
S.3916,MANG'ONYI SHANTA SECONDARY SCHOOL
S.3917,ZEZE SECONDARY SCHOOL
S.3918,BITURANA SECONDARY SCHOOL
S.3919,KITUNGURUMA SECONDARY SCHOOL
S.3920,INGWE SECONDARY SCHOOL
S.3921,MWEMBESONGO SECONDARY SCHOOL
S.3922,HORONGO SECONDARY SCHOOL
S.3923,GOLOGOLO SECONDARY SCHOOL
S.3924,MKAALIE SECONDARY SCHOOL
S.3925,KINGOLWIRA SECONDARY SCHOOL
S.3926,MAKIUNGU SECONDARY SCHOOL
S.3927,KASHAULILI SECONDARY SCHOOL
S.3928,GOBA SECONDARY SCHOOL
S.3929,WELA SECONDARY SCHOOL
S.3930,TEULE SECONDARY SCHOOL
S.3931,NSOHO SECONDARY SCHOOL
S.3932,NINDE SECONDARY SCHOOL
S.3933,RISING STAR SECONDARY SCHOOL
S.3934,YUSTA SECONDARY SCHOOL
S.3935,BUNG'WANGOKO SECONDARY SCHOOL
S.3936,KIZARA SECONDARY SCHOOL
S.3937,SUMA SECONDARY SCHOOL
S.3938,DURU SECONDARY SCHOOL
S.3939,MIPARU SECONDARY SCHOOL
S.3940,SUNUKA SECONDARY SCHOOL
S.3942,NYAMAGOMA SECONDARY SCHOOL
S.3943,MGANZA SECONDARY SCHOOL
S.3944,KITONGONI SECONDARY SCHOOL
S.3945,BUKARA SECONDARY SCHOOL
S.3946,KIKWALE SECONDARY SCHOOL
S.3947,GWANSELI SECONDARY SCHOOL
S.3948,ENDUIMET SECONDARY SCHOOL
S.3950,NANHYANGA SECONDARY SCHOOL
S.3951,NDOMONI SECONDARY SCHOOL
S.3952,MKOTOKUYANA SECONDARY SCHOOL
S.3953,CHIOLA SECONDARY SCHOOL
S.3954,KIPARA SECONDARY SCHOOL
S.3955,MKOKA SECONDARY SCHOOL
S.3956,NAMAPWIA SECONDARY SCHOOL
S.3957,NDITI SECONDARY SCHOOL
S.3958,NAMIKANGO SECONDARY SCHOOL
S.3959,MBONDO SECONDARY SCHOOL
S.3960,KILIMARONDO SECONDARY SCHOOL
S.3961,KIEGEI SECONDARY SCHOOL
S.3962,NDANGALIMBO SECONDARY SCHOOL
S.3963,NYAMTUKUZA SECONDARY SCHOOL
S.3964,JOYLAND GIRLS' SECONDARY SCHOOL
S.3965,IRINGA ADVENTIST SECONDARY SCHOOL
S.3966,IGHOMBWE SECONDARY SCHOOL
S.3967,MUGHAMO SECONDARY SCHOOL
S.3968,MSUNGUA SECONDARY SCHOOL
S.3969,LIGWA SECONDARY SCHOOL
S.3970,MUGHUNGA SECONDARY SCHOOL
S.3971,UTAHO SECONDARY SCHOOL
S.3972,POHAMA SECONDARY SCHOOL
S.3973,NTONGE SECONDARY SCHOOL
S.3974,IGLANSONI SECONDARY SCHOOL
S.3975,MKIWA SECONDARY SCHOOL
S.3976,SINGITU SECONDARY SCHOOL
S.3977,MWAU SECONDARY SCHOOL
S.3978,MIKIWU SECONDARY SCHOOL
S.3979,NDUMBWE SECONDARY SCHOOL
S.3980,MKOMAZI SECONDARY SCHOOL
S.3981,MUSTAFA SABODO SECONDARY SCHOOL
S.3983,ULAMBYA SECONDARY SCHOOL
S.3984,WAKULIMA SECONDARY SCHOOL
S.3985,BUSHABANI SECONDARY SCHOOL
S.3986,KASIMBU SECONDARY SCHOOL
S.3987,GUNGU SECONDARY SCHOOL
S.3988,KIRUGU SECONDARY SCHOOL
S.3989,MASANGA SECONDARY SCHOOL
S.3990,CHANIKA SECONDARY SCHOOL
S.3991,NTAMYA SECONDARY SCHOOL
S.3992,KIGODYA SECONDARY SCHOOL
S.3993,VANESSA SECONDARY SCHOOL
S.3994,KAIBANJA SECONDARY SCHOOL
S.3995,BUTULAGE SECONDARY SCHOOL
S.3996,BUREZA SECONDARY SCHOOL
S.3997,NKWAMWASI SECONDARY SCHOOL
S.3998,IKONGOLO SECONDARY SCHOOL
S.3999,KIPAGAMO SECONDARY SCHOOL
S.4000,FT SUMAYE SECONDARY SCHOOL
S.4001,KATAZI SECONDARY SCHOOL
S.4003,VENITE SECONDARY SCHOOL
S.4004,TANDIKA SECONDARY SCHOOL
S.4005,MIKUMBI SECONDARY SCHOOL
S.4006,MFUNDIA SECONDARY SCHOOL
S.4007,AGUSTIVO HIGH SCHOOL
S.4008,LUTALE SECONDARY SCHOOL
S.4009,LUHOTA SECONDARY SCHOOL
S.4010,LUPANGA PRACTISING SECONDARY SCHOOL
S.4013,BOKO MTAMBANI SECONDARY SCHOOL
S.4014,WINNING SPIRIT SECONDARY SCHOOL
S.4015,IRINGA UMMU-SALAMA SECONDARY SCHOOL
S.4016,ISALU EXCEL HIGH SCHOOL
S.4018,MATEKA SECONDARY SCHOOL
S.4020,RUBONDO SECONDARY SCHOOL
S.4023,RUVU STATION SECONDARY SCHOOL
S.4024,USAMBARA GIRLS' SECONDARY SCHOOL
S.4025,MNYUZI SECONDARY SCHOOL
S.4026,BUNJU 'A' SECONDARY SCHOOL
S.4027,BWONGERA SECONDARY SCHOOL
S.4028,DIMITRIOS SECONDARY SCHOOL
S.4029,WILLIAM LUKUVI SECONDARY SCHOOL
S.4030,KIMAIGA SECONDARY SCHOOL
S.4031,MLANDEGE SECONDARY SCHOOL
S.4032,KWAKILOSA SECONDARY SCHOOL
S.4033,MKWAWA SECONDARY SCHOOL
S.4035,CHEKELEI SECONDARY SCHOOL
S.4037,MUNKINYA SECONDARY SCHOOL
S.4038,MSEKE SECONDARY SCHOOL
S.4039,ST. THERESA OF THE CHILD JESUS SECONDARY SCHOOL
S.4040,BUTINZYA SECONDARY SCHOOL
S.4041,KAZAROHO SECONDARY SCHOOL
S.4042,KARANSI SECONDARY SCHOOL
S.4043,BOMBAMZINGA SECONDARY SCHOOL
S.4044,EWONG'ON SECONDARY SCHOOL
S.4046,MATEVES SECONDARY SCHOOL
S.4047,VIZIWI NJOMBE SECONDARY SCHOOL
S.4048,MUUNGANO USA RIVER SECONDARY SCHOOL
S.4049,GREEN VIEW SECONDARY SCHOOL
S.4051,MATARAWE SECONDARY SCHOOL
S.4052,KITUNDA SECONDARY SCHOOL
S.4053,NYUMBA YA MUNGU SECONDARY SCHOOL
S.4054,ILULU SECONDARY SCHOOL
S.4055,MALAMBAMAWILI SECONDARY SCHOOL
S.4056,SHIGAMBA SECONDARY SCHOOL
S.4057,MKONJOWANO SECONDARY SCHOOL
S.4059,IMALAMAKOYE SECONDARY SCHOOL
S.4060,KETUMBEINE SECONDARY SCHOOL
S.4061,IKOLA SECONDARY SCHOOL
S.4062,TABASAMU SECONDARY SCHOOL
S.4063,CHIEF WANZAGI SECONDARY SCHOOL
S.4064,CAPRI-POINT SECONDARY SCHOOL
S.4065,SIMBO SECONDARY SCHOOL
S.4066,SHILELA SECONDARY SCHOOL
S.4070,UNYAMBWA SECONDARY SCHOOL
S.4071,AGGREY CHANJI SECONDARY SCHOOL
S.4072,IGOWEKO SECONDARY SCHOOL
S.4073,MISANA SECONDARY SCHOOL
S.4074,MWAMASHIGA SECONDARY SCHOOL
S.4075,ICHAMA SECONDARY SCHOOL
S.4076,NGULUMWA SECONDARY SCHOOL
S.4077,NGUVUMOJA SECONDARY SCHOOL
S.4078,SECHELELA SECONDARY SCHOOL
S.4080,SHAMBARAI SECONDARY SCHOOL
S.4081,KOLA HILL SECONDARY SCHOOL
S.4082,SUNGWIZI SECONDARY SCHOOL
S.4083,GIFT SKILFUL SECONDARY SCHOOL
S.4084,JENERALI DAVID MSUGULI SECONDARY SCHOOL
S.4085,BUMBIRE SECONDARY SCHOOL
S.4086,MAGINGO SECONDARY SCHOOL
S.4089,KAPILULA SECONDARY SCHOOL
S.4090,NGARENARO SECONDARY SCHOOL
S.4091,MUKENDO SECONDARY SCHOOL
S.4092,BUSEGWE GIRLS' SECONDARY SCHOOL
S.4093,MKULWE SECONDARY SCHOOL
S.4094,ST. MARTINS GIRLS' SECONDARY SCHOOL
S.4095,MAGOLE SECONDARY SCHOOL
S.4097,BUGUZA SECONDARY SCHOOL
S.4098,NDAOYA SECONDARY SCHOOL
S.4099,MKOLYE SECONDARY SCHOOL
S.4100,SALAMA SECONDARY SCHOOL
S.4101,PANDE MAGUBENI SECONDARY SCHOOL
S.4102,MPELEPELE SECONDARY SCHOOL
S.4103,KWAMATUKU SECONDARY SCHOOL
S.4105,MKULULU SECONDARY SCHOOL
S.4106,NDEMBEZI SECONDARY SCHOOL
S.4107,KWAI SECONDARY SCHOOL
S.4109,MAVOVO SECONDARY SCHOOL
S.4111,KIZANDA SECONDARY SCHOOL
S.4112,UNYAHATI SECONDARY SCHOOL
S.4113,KAKANGAGA MUSLIM SECONDARY SCHOOL
S.4115,MLANZI SECONDARY SCHOOL
S.4116,HASSANALI DAMJI SECONDARY SCHOOL
S.4117,MNYANJANI SECONDARY SCHOOL
S.4118,KANYENYE SECONDARY SCHOOL
S.4119,CONSOLATA IRINGA SECONDARY SCHOOL
S.4120,CHIENJERE SECONDARY SCHOOL
S.4121,MCHOTEKA SECONDARY SCHOOL
S.4122,UTEMINI SECONDARY SCHOOL
S.4123,WELLA SECONDARY SCHOOL
S.4124,TITYE SECONDARY SCHOOL
S.4125,BUKOKO SECONDARY SCHOOL
S.4126,LUPIRO SECONDARY SCHOOL
S.4127,CHETU SECONDARY SCHOOL
S.4128,MABAMA SECONDARY SCHOOL
S.4129,KINUNGU SECONDARY SCHOOL
S.4130,CHIKOLA SECONDARY SCHOOL
S.4131,NYANZA ADVENTIST SECONDARY SCHOOL
S.4132,NAMIHORO SECONDARY SCHOOL
S.4133,NGYEKU SECONDARY SCHOOL
S.4135,MONTESSORI MARIA SECONDARY SCHOOL
S.4136,MBUTU SECONDARY SCHOOL
S.4138,KIHENYA SECONDARY SCHOOL
S.4139,IDIGIMA SECONDARY SCHOOL
S.4140,SIMBOMU SECONDARY SCHOOL
S.4142,ST. SOSTHENES SECONDARY SCHOOL
S.4143,NYAMBOGE SECONDARY SCHOOL
S.4144,MIRUI SECONDARY SCHOOL
S.4145,LISIMONJI SECONDARY SCHOOL
S.4146,MIHUMO SECONDARY SCHOOL
S.4147,BUGALAMA SECONDARY SCHOOL
S.4148,KAHUNGA SECONDARY SCHOOL
S.4149,BOSHA SECONDARY SCHOOL
S.4150,MOMELLA SECONDARY SCHOOL
S.4151,MIHANDE SECONDARY SCHOOL
S.4152,MABULA SECONDARY SCHOOL
S.4153,UPPER KITETE SECONDARY SCHOOL
S.4155,MAKOTE SECONDARY SCHOOL
S.4156,MSUVA SECONDARY SCHOOL
S.4157,MWAKALUBA SECONDARY SCHOOL
S.4158,POLI SECONDARY SCHOOL
S.4159,MANDERA GIRLS' SECONDARY SCHOOL
S.4160,IGUSULE SECONDARY SCHOOL
S.4161,MALULA SECONDARY SCHOOL
S.4162,KIGOGO SECONDARY SCHOOL
S.4163,KIJOTA HULL HIGH SCHOOL
S.4164,ULEWE SECONDARY SCHOOL
S.4165,KIHUMULO SECONDARY SCHOOL
S.4166,KINAMAPULA SECONDARY SCHOOL
S.4167,IYOGWE SECONDARY SCHOOL
S.4168,MIRARE SECONDARY SCHOOL
S.4169,PENDAMOYO SECONDARY SCHOOL
S.4171,MKIGO SECONDARY SCHOOL
S.4172,MILINA SECONDARY SCHOOL
S.4173,MABWE SECONDARY SCHOOL
S.4174,LUTENDE SECONDARY SCHOOL
S.4175,MEMYA SECONDARY SCHOOL
S.4176,IMAULUMA SECONDARY SCHOOL
S.4177,HWAZI SECONDARY SCHOOL
S.4178,MWONGOZO SECONDARY SCHOOL
S.4179,GONGOLAMBOTO SECONDARY SCHOOL
S.4180,KIKOLO SECONDARY SCHOOL
S.4181,KILIMANI MAWENI SECONDARY SCHOOL
S.4183,BINTIMUSA SECONDARY SCHOOL
S.4184,ITUMPI SECONDARY SCHOOL
S.4185,RUNGWE MPYA SECONDARY SCHOOL
S.4186,LYCEUM SECONDARY SCHOOL
S.4187,CHONA SECONDARY SCHOOL
S.4188,KIMAHA SECONDARY SCHOOL
S.4189,USOJI SECONDARY SCHOOL
S.4191,MWASHIKU SECONDARY SCHOOL
S.4192,KABUNGU SECONDARY SCHOOL
S.4193,HARRISON UWATA GIRLS' SECONDARY SCHOOL
S.4194,NYASHO SECONDARY SCHOOL
S.4195,MKWEZI GIRLS' SECONDARY SCHOOL
S.4198,KWELU SECONDARY SCHOOL
S.4199,IBIRI SECONDARY SCHOOL
S.4200,CHIEF GIDOBAT SECONDARY SCHOOL
S.4201,SIUYU SECONDARY SCHOOL
S.4203,STEPS SECONDARY SCHOOL
S.4205,MTUNDURU SECONDARY SCHOOL
S.4206,RUHEMBE SECONDARY SCHOOL
S.4207,MARIA DE MATTIAS SECONDARY SCHOOL
S.4208,ELONI SECONDARY SCHOOL
S.4209,FOUNTAIN OF HOPE CHRISTIAN SEMINARY
S.4210,KONDO SECONDARY SCHOOL
S.4211,HANANASIF SECONDARY SCHOOL
S.4212,USAGARI SECONDARY SCHOOL
S.4213,MARIAN BOYS' SECONDARY SCHOOL
S.4214,MTUMACHI SECONDARY SCHOOL
S.4215,GWANDI SECONDARY SCHOOL
S.4216,KISANGA SECONDARY SCHOOL
S.4217,ALGEBRA ISLAMIC SEMINARY
S.4218,REV.A. BUNGWA SECONDARY SCHOOL
S.4220,DR. ALEX MTAVALA SECONDARY SCHOOL
S.4223,MBWENITETA SECONDARY SCHOOL
S.4224,MARKAZ ISLAMIC SEMINARY
S.4225,ITABA SECONDARY SCHOOL
S.4226,TERRAT SECONDARY SCHOOL
S.4227,LYAMKENA SECONDARY SCHOOL
S.4228,MBUGA SECONDARY SCHOOL
S.4229,SOFI SECONDARY SCHOOL
S.4230,EUGA SECONDARY SCHOOL
S.4231,VIGOI SECONDARY SCHOOL
S.4232,CHILOMBOLA SECONDARY SCHOOL
S.4233,IRAGUA SECONDARY SCHOOL
S.4234,ISONGO SECONDARY SCHOOL
S.4235,IGAWA SECONDARY SCHOOL
S.4236,DiNoBB HIGH SCHOOL
S.4238,ELOHIMU SECONDARY SCHOOL
S.4239,MPATA SECONDARY SCHOOL
S.4260,ILOWOLA SECONDARY SCHOOL
S.4261,DOSA AZIZI SECONDARY SCHOOL
S.4262,CHRIST THE KING SECONDARY SCHOOL
S.4264,KISAUKE SECONDARY SCHOOL
S.4265,RUBUGA SECONDARY SCHOOL
S.4266,BUTEKO SECONDARY SCHOOL
S.4267,MKOMA SECONDARY SCHOOL
S.4268,MKUCHIKA SECONDARY SCHOOL
S.4269,UCHUNGA SECONDARY SCHOOL
S.4270,ITAJA SECONDARY SCHOOL
S.4271,HAITEMBA SECONDARY SCHOOL
S.4272,YESPA SECONDARY SCHOOL
S.4273,DIONGOYA SECONDARY SCHOOL
S.4275,MBIGILI SECONDARY SCHOOL
S.4276,ILELA SECONDARY SCHOOL
S.4277,BIZIMYA SECONDARY SCHOOL
S.4278,BISIBO SECONDARY SCHOOL
S.4279,NKINGA SECONDARY SCHOOL
S.4280,NYARUYEYE SECONDARY SCHOOL
S.4281,RENEA GIRLS' SECONDARY SCHOOL
S.4285,MORETO SECONDARY SCHOOL
S.4286,JOSHUA SECONDARY SCHOOL
S.4288,ULOWA SECONDARY SCHOOL
S.4289,MKOLE SECONDARY SCHOOL
S.4290,KYANG'OMBE SECONDARY SCHOOL
S.4292,KIMPUNGUA SECONDARY SCHOOL
S.4294,KATOKE-LWERU SECONDARY SCHOOL
S.4295,TCHENZEMA SECONDARY SCHOOL
S.4296,MARIAM MSHANGAMA SECONDARY SCHOOL
S.4297,KALUMELE SECONDARY SCHOOL
S.4298,MIGAMBO SECONDARY SCHOOL
S.4299,SHITA SECONDARY SCHOOL
S.4300,MAKOLE JUU SECONDARY SCHOOL
S.4301,NYAKIBIMBILI SECONDARY SCHOOL
S.4302,RWAGATI SECONDARY SCHOOL
S.4303,NEMBA SECONDARY SCHOOL
S.4304,KIPUMBWI SECONDARY SCHOOL
S.4305,MKWAJA SECONDARY SCHOOL
S.4306,HEREMBE SECONDARY SCHOOL
S.4307,LAGOSA SECONDARY SCHOOL
S.4308,MKABOGO SECONDARY SCHOOL
S.4309,MUNGONYA SECONDARY SCHOOL
S.4310,KITAWASI SECONDARY SCHOOL
S.4311,ITUMBA SECONDARY SCHOOL
S.4312,MRAOKERYO SECONDARY SCHOOL
S.4313,LUSWISI SECONDARY SCHOOL
S.4314,NAKALULU SECONDARY SCHOOL
S.4315,JANA SECONDARY SCHOOL
S.4316,ENG'ENO SECONDARY SCHOOL
S.4317,MIGANGA SECONDARY SCHOOL
S.4318,NAURA SECONDARY SCHOOL
S.4319,LUSAHUNGA SECONDARY SCHOOL
S.4320,KANYONZA SECONDARY SCHOOL
S.4321,UDEKWA SECONDARY SCHOOL
S.4322,KISANGA SECONDARY SCHOOL
S.4323,LOYA SECONDARY SCHOOL
S.4324,LOLANGULU SECONDARY SCHOOL
S.4325,MSOMBA SECONDARY SCHOOL
S.4326,RUTUNGA SECONDARY SCHOOL
S.4327,KIBETA SECONDARY SCHOOL
S.4328,NYANGA SECONDARY SCHOOL
S.4329,NSHAMBYA SECONDARY SCHOOL
S.4330,BAKOBA SECONDARY SCHOOL
S.4331,RWAZI SECONDARY SCHOOL
S.4332,KALYA SECONDARY SCHOOL
S.4333,SANGE SECONDARY SCHOOL
S.4334,DR ASHA ROSE MIGIRO SECONDARY SCHOOL
S.4335,MGAGAO SECONDARY SCHOOL
S.4336,MNEKEZI SECONDARY SCHOOL
S.4337,IGAGA SECONDARY SCHOOL
S.4338,LWEMO SECONDARY SCHOOL
S.4339,MATI SECONDARY SCHOOL
S.4340,GIRANGO SECONDARY SCHOOL
S.4342,KAKEREGE SECONDARY SCHOOL
S.4343,LANGWA SECONDARY SCHOOL
S.4345,HONDOGO SECONDARY SCHOOL
S.4346,USHORA SECONDARY SCHOOL
S.4351,GENDA SECONDARY SCHOOL
S.4353,SORENYI SECONDARY SCHOOL
S.4355,MAENDELEO SECONDARY SCHOOL
S.4357,MLIMANI SUMAWE SECONDARY SCHOOL
S.4358,KEKO SECONDARY SCHOOL
S.4359,KIPILI SECONDARY SCHOOL
S.4360,SINTALI SECONDARY SCHOOL
S.4361,KATAHOKA SECONDARY SCHOOL
S.4362,KARABAGAINE SECONDARY SCHOOL
S.4363,RHEC SECONDARY SCHOOL
S.4364,UKWAMA SECONDARY SCHOOL
S.4365,MBALATSE SECONDARY SCHOOL
S.4366,NYAMIYAGA SECONDARY SCHOOL
S.4367,MUFUMBU SECONDARY SCHOOL
S.4368,KEMAMBO SECONDARY SCHOOL
S.4369,NYAMISANGURA SECONDARY SCHOOL
S.4370,KOROTAMBE SECONDARY SCHOOL
S.4371,SIRARI SECONDARY SCHOOL
S.4372,KIIMBWANINDI SECONDARY SCHOOL
S.4373,KISIMA SECONDARY SCHOOL
S.4374,TENGELEA SECONDARY SCHOOL
S.4375,KITOMANGA SECONDARY SCHOOL
S.4376,MGERA SECONDARY SCHOOL
S.4377,KAOZE SECONDARY SCHOOL
S.4378,ITOLWA SECONDARY SCHOOL
S.4379,MWATULOLE SECONDARY SCHOOL
S.4380,TUSHIKAMANE SECONDARY SCHOOL
S.4381,KILELENI SECONDARY SCHOOL
S.4382,BWINA SECONDARY SCHOOL
S.4383,NAMWANGA SECONDARY SCHOOL
S.4384,SOMBETINI SECONDARY SCHOOL
S.4385,CHANDAMA SECONDARY SCHOOL
S.4386,KINYASI SECONDARY SCHOOL
S.4387,LALTA SECONDARY SCHOOL
S.4388,MASAWI SECONDARY SCHOOL
S.4389,MPENDO SECONDARY SCHOOL
S.4390,SANZAWA SECONDARY SCHOOL
S.4391,MSAADA SECONDARY SCHOOL
S.4397,BUNGODIMWE SECONDARY SCHOOL
S.4399,ITUNDURU SECONDARY SCHOOL
S.4400,ILEMELA ISLAMIC SEMINARY
S.4401,IDAHINA SECONDARY SCHOOL
S.4402,MAHEZANGULU MAKAMBA SECONDARY SCHOOL
S.4403,MABIBO SECONDARY SCHOOL
S.4404,ENDOJI SECONDARY SCHOOL
S.4405,ST. AMEDEUS SECONDARY SCHOOL
S.4406,ZIWA NGOSI SECONDARY SCHOOL
S.4409,BUNYAGONGO SECONDARY SCHOOL
S.4410,KILOLENI SECONDARY SCHOOL
S.4411,KHATAMUL ANBIYAA BOYS' SEMINARY
S.4412,IKOMWA SECONDARY SCHOOL
S.4413,MANGHWETA SECONDARY SCHOOL
S.4414,INCHAGE SECONDARY SCHOOL
S.4415,RUGENGE SECONDARY SCHOOL
S.4416,MIZENGO PINDA SECONDARY SCHOOL
S.4417,VIANZI SECONDARY SCHOOL
S.4420,RUVU REMIT SECONDARY SCHOOL
S.4421,NDOBO SECONDARY SCHOOL
S.4422,MABONDE SECONDARY SCHOOL
S.4423,ST. FRANCIS XAVIER SECONDARY SCHOOL
S.4424,BUTENGORUMASA SECONDARY SCHOOL
S.4425,MWAUKOLI SECONDARY SCHOOL
S.4427,NYAMAZUGO SECONDARY SCHOOL
S.4428,MWABALUHI SECONDARY SCHOOL
S.4429,LUSIKWI SECONDARY SCHOOL
S.4430,LUSHAMBA SECONDARY SCHOOL
S.4431,KATWE SECONDARY SCHOOL
S.4432,BITOTO SECONDARY SCHOOL
S.4433,KIDETE DAY SECONDARY SCHOOL
S.4434,VIDUNDA SECONDARY SCHOOL
S.4435,LUMBIJI SECONDARY SCHOOL
S.4436,DENDEGO SECONDARY SCHOOL
S.4437,NJUNGWA SECONDARY SCHOOL
S.4438,MKULO DAY SECONDARY SCHOOL
S.4439,KIABAKARI SECONDARY SCHOOL
S.4440,RUSOLI SECONDARY SCHOOL
S.4441,LAKITATU SECONDARY SCHOOL
S.4442,HAMBALAWEI SECONDARY SCHOOL
S.4443,LYAMBAMGONGO SECONDARY SCHOOL
S.4444,USHETU SECONDARY SCHOOL
S.4445,SENGEREMA ISLAMIC SECONDARY SCHOOL
S.4446,LUTHER GIRLS' SECONDARY SCHOOL
S.4447,ISALE SECONDARY SCHOOL
S.4448,SIKIRARI SECONDARY SCHOOL
S.4452,NYANSURURA SECONDARY SCHOOL
S.4453,MACHIMBONI SECONDARY SCHOOL
S.4454,NANKANGA SECONDARY SCHOOL
S.4455,RUSABA SECONDARY SCHOOL
S.4457,KALEMBE SECONDARY SCHOOL
S.4459,ST. JUDE'S SECONDARY SCHOOL
S.4460,MPANDAPANDA SECONDARY SCHOOL
S.4461,KWEKANGA SECONDARY SCHOOL
S.4462,SONI ISLAMIC SEMINARY
S.4465,QUEEN MARY'S SECONDARY SCHOOL
S.4466,D'ALZON GIRLS' SECONDARY SCHOOL
S.4467,ST. JOSEPH SOGA BOYS' SECONDARY SCHOOL
S.4468,HAMPANGALA SECONDARY SCHOOL
S.4469,NYWELO SECONDARY SCHOOL
S.4470,MASHETE SECONDARY SCHOOL
S.4471,KIBWEHERI SECONDARY SCHOOL
S.4472,GOD'S BRIDGE SECONDARY SCHOOL
S.4473,USUNGA SECONDARY SCHOOL
S.4474,TANGA DON BOSCO TECHNICAL SECONDARY SCHOOL
S.4475,IHONGOLE SECONDARY SCHOOL
S.4477,MILENIA SECONDARY SCHOOL
S.4478,MADUMA SECONDARY SCHOOL
S.4479,ST. ANN'S SECONDARY SCHOOL
S.4480,MBURAHATI SECONDARY SCHOOL
S.4481,MLABANI SECONDARY SCHOOL
S.4482,KINGALU SECONDARY SCHOOL
S.4485,MIGEZI SECONDARY SCHOOL
S.4487,IKOWA SECONDARY SCHOOL
S.4488,LUTEBA SECONDARY SCHOOL
S.4489,NYABISINDU SECONDARY SCHOOL
S.4490,MBEZA SECONDARY SCHOOL
S.4491,KITEFU SECONDARY SCHOOL
S.4493,RELINI SECONDARY SCHOOL
S.4494,MTAZAMO SECONDARY SCHOOL
S.4495,MALINDINDO SECONDARY SCHOOL
S.4497,MAKONGO JUU SECONDARY SCHOOL
S.4498,HANIHANI SECONDARY SCHOOL
S.4499,MARETADU JUU SECONDARY SCHOOL
S.4502,AFRICAN TABATA SECONDARY SCHOOL
S.4503,MILLES WHITE MAPATANO SECONDARY SCHOOL
S.4504,EDEN SECONDARY SCHOOL
S.4506,MAKURUMLA SECONDARY SCHOOL
S.4507,HAYDARER SECONDARY SCHOOL
S.4508,KALA SECONDARY SCHOOL
S.4509,DR. WILBROAD SLAA SECONDARY SCHOOL
S.4510,ILOGOMBE SECONDARY SCHOOL
S.4511,WENA SECONDARY SCHOOL
S.4513,KASANGA SECONDARY SCHOOL
S.4514,ORKEESWA SECONDARY SCHOOL
S.4515,ST. ACHILLEUS KIWANUKA KIJWIRE SECONDARY SCHOOL
S.4516,ST. JAMES KIGOMA SECONDARY SCHOOL
S.4517,MLANG'A SECONDARY SCHOOL
S.4518,HIGHVIEW SECONDARY SCHOOL
S.4519,TUTUO SECONDARY SCHOOL
S.4520,KWEMKABARA SECONDARY SCHOOL
S.4521,MLINGA SECONDARY SCHOOL
S.4522,BWEMBWERA SECONDARY SCHOOL
S.4523,MKULUMUZI SECONDARY SCHOOL
S.4524,KILOLI SECONDARY SCHOOL
S.4525,SIGILI SECONDARY SCHOOL
S.4526,KASELA SECONDARY SCHOOL
S.4527,ITILO SECONDARY SCHOOL
S.4528,MUHUGI SECONDARY SCHOOL
S.4529,ISAGENHE SECONDARY SCHOOL
S.4530,MLUNGUI SECONDARY SCHOOL
S.4531,NEGERO SECONDARY SCHOOL
S.4532,PAGWI SECONDARY SCHOOL
S.4533,SHAJI SECONDARY SCHOOL
S.4534,MUBABA SECONDARY SCHOOL
S.4536,MGALO SECONDARY SCHOOL
S.4537,MGONGO SECONDARY SCHOOL
S.4538,SISTER'S OF USHIRIKA WA NEEMA SECONDARY SCHOOL
S.4542,CHUNO SECONDARY SCHOOL
S.4543,BRILLIANT SECONDARY SCHOOL
S.4544,MTUTURA SECONDARY SCHOOL
S.4545,MBWAWA LUTHERAN SECONDARY SCHOOL
S.4546,UKUNE SECONDARY SCHOOL
S.4547,MURUGWANZA SECONDARY SCHOOL
S.4548,NZIVI SECONDARY SCHOOL
S.4549,LUGANGA SECONDARY SCHOOL
S.4550,MKATANGA SECONDARY SCHOOL
S.4552,AGNES TRUST SECONDARY SCHOOL
S.4553,NJECHELE SECONDARY SCHOOL
S.4554,HENRY GOGARTY SECONDARY SCHOOL
S.4556,ST. CLARA SECONDARY SCHOOL
S.4557,KINGEGE SECONDARY SCHOOL
S.4558,BUHANDA SECONDARY SCHOOL
S.4560,BUSAWE SECONDARY SCHOOL
S.4562,MWAKIPANGA SECONDARY SCHOOL
S.4564,PADRE PIO SECONDARY SCHOOL
S.4565,GILI SECONDARY SCHOOL
S.4567,SACRED HEART SECONDARY SCHOOL
S.4568,ROYAL SECONDARY SCHOOL
S.4569,ST. MARIE EUGENIE SECONDARY SCHOOL
S.4570,MAGUNGU SECONDARY SCHOOL
S.4571,KIJUNGU SECONDARY SCHOOL
S.4572,IPWAGA SECONDARY SCHOOL
S.4573,UWANJA WA TAIFA SECONDARY SCHOOL
S.4574,ITONA SECONDARY SCHOOL
S.4575,MESSA SECONDARY SCHOOL
S.4576,PAROMA SECONDARY SCHOOL
S.4577,KAMUNYONGE SECONDARY SCHOOL
S.4578,KIBWIGWA SECONDARY SCHOOL
S.4579,MURUNGU SECONDARY SCHOOL
S.4580,MAMA KARI SECONDARY SCHOOL
S.4581,KICHANGA SECONDARY SCHOOL
S.4582,LUNDAMATWE SECONDARY SCHOOL
S.4583,MURUVYAGIRA SECONDARY SCHOOL
S.4585,GWILI SECONDARY SCHOOL
S.4587,CHAMBO SECONDARY SCHOOL
S.4590,NAKATUNGURU SECONDARY SCHOOL
S.4591,KIMWA GIRLS' ISLAMIC SEMINARY
S.4592,DAR ES SALAAM ISLAMIC SECONDARY SCHOOL
S.4593,ITULAHUMBA SECONDARY SCHOOL
S.4596,MKWAMBA SECONDARY SCHOOL
S.4597,IKUYU SECONDARY SCHOOL
S.4598,MAKOKA SECONDARY SCHOOL
S.4599,SALE SECONDARY SCHOOL
S.4601,ST. FRANCIS OF ASSISI GIRLS' SECONDARY SCHOOL
S.4602,STEVEN KIBONA SECONDARY SCHOOL
S.4603,KILANGALI SECONDARY SCHOOL
S.4607,ITABULYA SECONDARY SCHOOL
S.4608,BAMA SECONDARY SCHOOL
S.4609,KAMACHUMU SECONDARY SCHOOL
S.4610,KINANGA SECONDARY SCHOOL
S.4611,SIGNAL SECONDARY SCHOOL
S.4612,KINZUDI SECONDARY SCHOOL
S.4613,MAWAMBALA SECONDARY SCHOOL
S.4614,KIMAMMPE SECONDARY SCHOOL
S.4615,GETAMOCK SECONDARY SCHOOL
S.4616,UCHINDILE SECONDARY SCHOOL
S.4617,BONDWA SECONDARY SCHOOL
S.4619,CALL AND VISION SECONDARY SCHOOL
S.4620,HERRING CHRISTIAN SECONDARY SCHOOL
S.4621,MKIU SECONDARY SCHOOL
S.4622,ST. LUKE SECONDARY SCHOOL
S.4623,ST. JAMES KILOLO SECONDARY SCHOOL
S.4624,PREMIER GIRLS' SECONDARY SCHOOL
S.4628,JIFUNZENI SECONDARY SCHOOL
S.4630,LUBILI SECONDARY SCHOOL
S.4631,KAIZIREGE SECONDARY SCHOOL
S.4633,SINAI SECONDARY SCHOOL
S.4634,MBOPO SECONDARY SCHOOL
S.4635,QANGDEND SECONDARY SCHOOL
S.4637,MATOSA SECONDARY SCHOOL
S.4638,ANGEL HOUSE SECONDARY SCHOOL
S.4640,MLEWA SECONDARY SCHOOL
S.4642,NYAMAHANGA SECONDARY SCHOOL
S.4643,GABULANGA SECONDARY SCHOOL
S.4645,ALLIANCE BOYS' SECONDARY SCHOOL
S.4648,ST. THADEUS SECONDARY SCHOOL
S.4650,UTWANGO SECONDARY SCHOOL
S.4654,MWALIKO SECONDARY SCHOOL
S.4655,IHANGA SECONDARY SCHOOL
S.4657,GREENLIGHT SECONDARY SCHOOL
S.4658,SAKAMBONA SECONDARY SCHOOL
S.4659,SHANWE SECONDARY SCHOOL
S.4660,MT. MASUSA SECONDARY SCHOOL
S.4661,KAJUMULO ALEXANDER GIRLS' SECONDARY SCHOOL
S.4662,KASEKE SECONDARY SCHOOL
S.4663,MSAMBWENI SECONDARY SCHOOL
S.4664,LUNA SECONDARY SCHOOL
S.4665,SKILLPATH SECONDARY SCHOOL
S.4666,MISUNKUMILO SECONDARY SCHOOL
S.4671,MAHANJE SECONDARY SCHOOL
S.4672,HEZYA SECONDARY SCHOOL
S.4673,WESTERN TANGANYIKA SECONDARY SCHOOL
S.4674,UTENDE SECONDARY SCHOOL
S.4675,HOJA SECONDARY SCHOOL
S.4676,CHIWALE DAY SECONDARY SCHOOL
S.4678,MWEDO GIRLS' SECONDARY SCHOOL
S.4679,NKOMOLO SECONDARY SCHOOL
S.4680,MKANGALE SECONDARY SCHOOL
S.4681,KIBWEGERE SECONDARY SCHOOL
S.4683,MKALALA SECONDARY SCHOOL
S.4684,NAR SECONDARY SCHOOL
S.4685,TIMBOLO BAPTIST SECONDARY SCHOOL
S.4686,BWAKIRA JUU SECONDARY SCHOOL
S.4691,KIZOMLA SECONDARY SCHOOL
S.4693,MBALAWALA SECONDARY SCHOOL
S.4696,PELAZIA SECONDARY SCHOOL
S.4697,KILINDI SECONDARY SCHOOL
S.4698,KORIDO SECONDARY SCHOOL
S.4699,MUHUWESI SEMINARY
S.4700,LOUIS MONTFORT SECONDARY SCHOOL
S.4701,LIKUNJA SECONDARY SCHOOL
S.4702,LUGURUNI SECONDARY SCHOOL
S.4703,MABILIONI SECONDARY SCHOOL
S.4704,NAMWINYU SECONDARY SCHOOL
S.4705,FRAY LUIS AMIGO SECONDARY SCHOOL
S.4706,FAMGI SECONDARY SCHOOL
S.4707,ZANKA SECONDARY SCHOOL
S.4708,IKOBE SECONDARY SCHOOL
S.4709,LA MIRIAM SECONDARY SCHOOL
S.4710,ENDAMANANG' SECONDARY SCHOOL
S.4711,KIDAHWE SECONDARY SCHOOL
S.4712,KAPUYA SECONDARY SCHOOL
S.4713,ANNA MAGOWA SECONDARY SCHOOL
S.4714,KIHITU SECONDARY SCHOOL
S.4715,KETEWAKA SECONDARY SCHOOL
S.4716,ITONGO SECONDARY SCHOOL
S.4717,NANGAYA SECONDARY SCHOOL
S.4719,ST. ALOIS SECONDARY SCHOOL
S.4721,KISHISHA SECONDARY SCHOOL
S.4722,KIGONSERA CATECHISTS SECONDARY SCHOOL
S.4723,GRACEMESAKI SECONDARY SCHOOL
S.4724,NGANGWE SECONDARY SCHOOL
S.4725,MAKWEMA SECONDARY SCHOOL
S.4726,BUTOBELA SECONDARY SCHOOL
S.4727,UTWARI SECONDARY SCHOOL
S.4728,KIBOGWA SECONDARY SCHOOL
S.4729,MUSASA SECONDARY SCHOOL
S.4732,CHONAMA SECONDARY SCHOOL
S.4733,ST. MARGARET MARIA ALAKOK GIRLS'' SECONDARY SCHOOL
S.4734,LAIKALA SECONDARY SCHOOL
S.4735,IBWAGA SECONDARY SCHOOL
S.4736,NDALIBO SECONDARY SCHOOL
S.4737,SETH BENJAMIN SECONDARY SCHOOL
S.4738,NEW KIOMBOI SECONDARY SCHOOL
S.4739,SULLIVAN PROVOST BOYS' SECONDARY SCHOOL
S.4740,ST. STEPHEN BOYS' SECONDARY SCHOOL
S.4741,DIPLOMAT SECONDARY SCHOOL
S.4742,LUANA SECONDARY SCHOOL
S.4743,LOIBORSIRET SECONDARY SCHOOL
S.4744,MAKONDE SECONDARY SCHOOL
S.4745,MAMBOYA SECONDARY SCHOOL
S.4747,CHAMAZI MIFE SECONDARY SCHOOL
S.4748,KING'S VISION SECONDARY SCHOOL
S.4749,MBWARA SECONDARY SCHOOL
S.4750,KIKALE SECONDARY SCHOOL
S.4751,NARWI SECONDARY SCHOOL
S.4752,CHANYANGABWA SECONDARY SCHOOL
S.4753,KITWECHENKURA SECONDARY SCHOOL
S.4754,NGORONGO SECONDARY SCHOOL
S.4756,NYAMISATI SECONDARY SCHOOL
S.4757,RUKURAIJO SECONDARY SCHOOL
S.4758,UNAMBWE SECONDARY SCHOOL
S.4759,HEBRON SECONDARY SCHOOL
S.4760,MSISI JUU SECONDARY SCHOOL
S.4762,LIKOKONA SECONDARY SCHOOL
S.4763,LUMESULE SECONDARY SCHOOL
S.4764,KABWOBA SECONDARY SCHOOL
S.4765,MAMNDIMKONGO SECONDARY SCHOOL
S.4766,ST. PETER'S SECONDARY SCHOOL
S.4768,KISIJU PWANI SECONDARY SCHOOL
S.4769,ST. CECILIA SECONDARY SCHOOL
S.4770,DUNDANI SECONDARY SCHOOL
S.4771,APEX SECONDARY SCHOOL
S.4772,LWANDE SECONDARY SCHOOL
S.4773,MASAGALU SECONDARY SCHOOL
S.4774,BERNARD MEMBE SECONDARY SCHOOL
S.4775,PRINCE CLAUS SECONDARY SCHOOL
S.4776,LUNGUZA SECONDARY SCHOOL
S.4777,NDURUMO SECONDARY SCHOOL
S.4778,KIZIMBA SECONDARY SCHOOL
S.4779,ILINDI SECONDARY SCHOOL
S.4780,HAWA MCHOPA SECONDARY SCHOOL
S.4781,MKUWANI SECONDARY SCHOOL
S.4782,KANDAGA SECONDARY SCHOOL
S.4783,MAGAGA SECONDARY SCHOOL
S.4785,KIRANDO SECONDARY SCHOOL
S.4786,NKANGAMO SECONDARY SCHOOL
S.4787,OASIS SECONDARY SCHOOL
S.4788,SINDENI SECONDARY SCHOOL
S.4789,KIVA SECONDARY SCHOOL
S.4790,KANG'ATA SECONDARY SCHOOL
S.4791,MSAJE SECONDARY SCHOOL
S.4792,KONJE SECONDARY SCHOOL
S.4793,KOMSANGA SECONDARY SCHOOL
S.4794,MWANKULWE SECONDARY SCHOOL
S.4795,LYANIKA SECONDARY SCHOOL
S.4796,ST. CLARE BIHARAMULO GIRLS' SECONDARY SCHOOL
S.4797,FARAJASIHA SECONDARY SCHOOL
S.4798,SHISYETE SECONDARY SCHOOL
S.4799,MTWARA ISLAMIC SECONDARY SCHOOL
S.4800,PANGAMBILI SECONDARY SCHOOL
S.4801,SONGAMBELE SECONDARY SCHOOL
S.4802,CHITWE SECONDARY SCHOOL
S.4803,NDYUDA SECONDARY SCHOOL
S.4804,UNBERKANT SECONDARY SCHOOL
S.4805,NTAMBWE SECONDARY SCHOOL
S.4807,NACHINGWEA GIRLS' SECONDARY SCHOOL
S.4808,EMBEKO SECONDARY SCHOOL
S.4810,MAGABA SECONDARY SCHOOL
S.4811,BIDII SECONDARY SCHOOL
S.4812,KINGUGI SECONDARY SCHOOL
S.4813,MBEMBALEO SECONDARY SCHOOL
S.4814,MAWANDA SECONDARY SCHOOL
S.4815,LAKE NATRON SECONDARY SCHOOL
S.4816,NAINOKANOKA SECONDARY SCHOOL
S.4817,ARASH SECONDARY SCHOOL
S.4819,KENYAMANYORI SECONDARY SCHOOL
S.4820,GIBASO SECONDARY SCHOOL
S.4822,SUNYA SECONDARY SCHOOL
S.4823,KIPERESA SECONDARY SCHOOL
S.4824,NJORO SECONDARY SCHOOL
S.4825,LESOIT SECONDARY SCHOOL
S.4826,ORKINE SECONDARY SCHOOL
S.4827,ST. PETER CLAVER HIGH SCHOOL
S.4828,GILGAL SECONDARY SCHOOL
S.4829,GEITA ISLAMIC SEMINARY
S.4830,WEST SERENGETI SECONDARY SCHOOL
S.4834,MUTUKULA SECONDARY SCHOOL
S.4835,MABALE SECONDARY SCHOOL
S.4836,ALLIANCE GIRLS' SECONDARY SCHOOL
S.4837,NKANGA SECONDARY SCHOOL
S.4838,NAMOLE SECONDARY SCHOOL
S.4839,LUMBILA SECONDARY SCHOOL
S.4841,CHANJI SECONDARY SCHOOL
S.4842,NANGOO SECONDARY SCHOOL
S.4844,AKILIMALI SECONDARY SCHOOL
S.4845,KINGO SECONDARY SCHOOL
S.4846,MTETEMELA SECONDARY SCHOOL
S.4847,PEACE LAND SECONDARY SCHOOL
S.4848,AFRICAN RAINBOW SECONDARY SCHOOL
S.4850,KIDODOMA SECONDARY SCHOOL
S.4851,NAMPUNGU SECONDARY SCHOOL
S.4852,MTANGA DELTA SECONDARY SCHOOL
S.4853,LIGOMA SECONDARY SCHOOL
S.4854,GEITA ADVENTIST SECONDARY SCHOOL
S.4855,MIANDI SECONDARY SCHOOL
S.4856,TWIHULUMILE SECONDARY SCHOOL
S.4857,KITULO SECONDARY SCHOOL
S.4858,SHITAGE SECONDARY SCHOOL
S.4859,IBUGULE SECONDARY SCHOOL
S.4860,ST. THOMAS NYABULA SECONDARY SCHOOL
S.4861,EMBOREET SECONDARY SCHOOL
S.4862,GOMBE HIGH SCHOOL
S.4863,PARENI SECONDARY SCHOOL
S.4864,KERITH BROOK SECONDARY SCHOOL
S.4865,HANDU SECONDARY SCHOOL
S.4866,UNDOMO SECONDARY SCHOOL
S.4867,KITUNGWA SECONDARY SCHOOL
S.4868,BALENI SECONDARY SCHOOL
S.4869,MICHENI SECONDARY SCHOOL
S.4870,LUKALA SECONDARY SCHOOL
S.4871,SUNLIGHT SECONDARY SCHOOL
S.4875,HAYATUL ISLAMIYA SECONDARY SCHOOL
S.4877,KASSINGA SECONDARY SCHOOL
S.4878,IKUNGUIGAZI SECONDARY SCHOOL
S.4879,MPINDIMBI SECONDARY SCHOOL
S.4880,IYULA MALAIKA SECONDARY SCHOOL
S.4881,IZYIRA SECONDARY SCHOOL
S.4882,NYASA LAKE SHORE SECONDARY SCHOOL
S.4884,KIZUMBA SECONDARY SCHOOL
S.4887,MILONGODI SECONDARY SCHOOL
S.4888,LUKOKODA SECONDARY SCHOOL
S.4889,MKWITI SECONDARY SCHOOL
S.4890,MICHENJELE SECONDARY SCHOOL
S.4891,RIGHTEOUS SECONDARY SCHOOL
S.4893,CHIWATA SECONDARY SCHOOL
S.4894,CANAAN SECONDARY SCHOOL
S.4895,DADU SECONDARY SCHOOL
S.4897,ITIRYO SECONDARY SCHOOL
S.4898,NYAMWIGURA SECONDARY SCHOOL
S.4899,BOMANI SECONDARY SCHOOL
S.4900,MKUZA GIRLS' SECONDARY SCHOOL
S.4902,OLEMEDEYE SECONDARY SCHOOL
S.4903,KITETE SECONDARY SCHOOL
S.4904,LERAI SECONDARY SCHOOL
S.4905,MUFINDI GIRLS' SECONDARY SCHOOL
S.4906,DON BOSCO SECONDARY SCHOOL
S.4907,ISEKE MUUNGANO SECONDARY SCHOOL
S.4908,KWAUSO SECONDARY SCHOOL
S.4909,RARANYA SECONDARY SCHOOL
S.4910,MLOWA BWAWANI SECONDARY SCHOOL
S.4911,MANZASE SECONDARY SCHOOL
S.4912,MSANGA SECONDARY SCHOOL
S.4913,MAJELEKO SECONDARY SCHOOL
S.4914,MEMBE SECONDARY SCHOOL
S.4915,DR JOHN SAMWEL MALECELA SECONDARY SCHOOL
S.4916,FAITH SECONDARY SCHOOL
S.4917,KIJELESHI SECONDARY SCHOOL
S.4918,KINAMPUNDU SECONDARY SCHOOL
S.4919,MATUMBO SECONDARY SCHOOL
S.4920,SHAGHAYU SECONDARY SCHOOL
S.4921,KAMAGI SECONDARY SCHOOL
S.4922,WATU SECONDARY SCHOOL
S.4923,SHEPHERDS SECONDARY SCHOOL
S.4924,FUMAGILA SECONDARY SCHOOL
S.4925,NYEGEZI SECONDARY SCHOOL
S.4926,KILIMANI SECONDARY SCHOOL
S.4927,VIKUMBURU SECONDARY SCHOOL
S.4928,LIVING STONE BOYS' SEMINARY
S.4930,NKUNDI SECONDARY SCHOOL
S.4931,MKUNGUAKIHENDO SECONDARY SCHOOL
S.4932,BUHONGWA ISLAMIC SECONDARY SCHOOL
S.4933,MGUTWA SECONDARY SCHOOL
S.4934,MWAYUNGE SECONDARY SCHOOL
S.4935,CHAMBOGO SECONDARY SCHOOL
S.4937,SERENGETI NURU SECONDARY SCHOOL
S.4938,GOGONI SECONDARY SCHOOL
S.4939,CENTENNIAL CHRISTIAN SEMINARY
S.4941,MDAULA SECONDARY SCHOOL
S.4942,MBOGA SECONDARY SCHOOL
S.4943,ISALALO SECONDARY SCHOOL
S.4944,EMARA HIGHLAND SECONDARY SCHOOL
S.4945,BUJUNANGOMA SECONDARY SCHOOL
S.4946,NSONGWI JUU SECONDARY SCHOOL
S.4947,LONGA SECONDARY SCHOOL
S.4948,BUKIMAU SECONDARY SCHOOL
S.4949,KATUNDA SECONDARY SCHOOL
S.4950,KAZOVU SECONDARY SCHOOL
S.4951,MTINYAKI SECONDARY SCHOOL
S.4952,MPEPO SECONDARY SCHOOL
S.4953,BUTONGA SECONDARY SCHOOL
S.4954,TAMABU SECONDARY SCHOOL
S.4955,NYAMADOKE SECONDARY SCHOOL
S.4956,MAGULUKENDA SECONDARY SCHOOL
S.4957,KIJUKA SECONDARY SCHOOL
S.4958,KAHUMULO SECONDARY SCHOOL
S.4959,TUNYENYE SECONDARY SCHOOL
S.4960,SUYE SECONDARY SCHOOL
S.4961,MTONI MORO SECONDARY SCHOOL
S.4962,BISHOP NICODEMUS HHANDO SECONDARY SCHOOL
S.4963,MWAMAGIGISI SECONDARY SCHOOL
S.4964,HERITAGE SECONDARY SCHOOL
S.4965,CHRIST THE KING NYANTAKUBWA SECONDARY SCHOOL
S.4966,MWASAUYA SECONDARY SCHOOL
S.4967,ST. ALOYSIUS GIRLS' SECONDARY SCHOOL
S.4968,ST. FRANCIS DE SALES MISSION SECONDARY SCHOOL
S.4969,QUEEN OF PEACE SECONDARY SCHOOL
S.4970,MURIET SECONDARY SCHOOL
S.4973,ISUNUKA SECONDARY SCHOOL
S.4974,KURUI SECONDARY SCHOOL
S.4978,MISINKO SECONDARY SCHOOL
S.4980,ILANDAMILUMBA SECONDARY SCHOOL
S.4981,ARUSHA CITY BOYS' SECONDARY SCHOOL
S.4982,PROSPERITY SECONDARY SCHOOL
S.4983,MUKULU SECONDARY SCHOOL
S.4984,TOMONDO SECONDARY SCHOOL
S.4985,NAMUPA SECONDARY SCHOOL
S.4986,GOLDEN SECONDARY SCHOOL
S.4987,SOHEDA SECONDARY SCHOOL
S.4988,DAARUL-ARQAM ISLAMIC SECONDARY SCHOOL
S.4989,MADASENGA SECONDARY SCHOOL
S.4990,IFINGA SECONDARY SCHOOL
S.4991,AIMEE MILEMBE SECONDARY SCHOOL
S.4992,ST. JOSEPH MBUBA SECONDARY SCHOOL
S.4993,RODAN SECONDARY SCHOOL
S.4994,EDEN VALLEY SECONDARY SCHOOL
S.4995,THE LORD'S HILL SECONDARY SCHOOL
S.4996,BUYUNGU SECONDARY SCHOOL
S.5000,WAMA-NAKAYAMA SECONDARY SCHOOL
S.5001,ABETI SECONDARY SCHOOL
S.5002,ST. MONTFORT SECONDARY SCHOOL
S.5003,ELULI SECONDARY SCHOOL
S.5004,STEVEN SECONDARY SCHOOL
S.5005,KINGCOLLINS SECONDARY SCHOOL
S.5007,MBUMI SECONDARY SCHOOL
S.5008,NAMBUNGA SECONDARY SCHOOL
S.5009,NZOVU SECONDARY SCHOOL
S.5010,INSANI SECONDARY SCHOOL
S.5011,BARANGA SECONDARY SCHOOL
S.5012,WILLIAM'S SECONDARY SCHOOL
S.5013,CHIHANGU SECONDARY SCHOOL
S.5014,PADUCAH HILL SECONDARY SCHOOL
S.5016,KILIMA MPIMBI SECONDARY SCHOOL
S.5018,CHAI SECONDARY SCHOOL
S.5019,FPCT-USHINDI SECONDARY SCHOOL
S.5020,KORONGWE BEACH SECONDARY SCHOOL
S.5021,KUMWAMBU SECONDARY SCHOOL
S.5022,ST. RITA OF CASSIA SECONDARY SCHOOL
S.5023,KIBAYA SECONDARY SCHOOL
S.5024,ECO SECONDARY SCHOOL
S.5025,KEIFO SECONDARY SCHOOL
S.5026,ADONAI SECONDARY SCHOOL
S.5027,MUGINI SECONDARY SCHOOL
S.5028,MTUA SECONDARY SCHOOL
S.5029,PEHISCO SECONDARY SCHOOL
S.5030,ARUSHA ISLAMIC BOYS' SECONDARY SCHOOL
S.5031,ARUSHA ISLAMIC GIRLS' SECONDARY SCHOOL
S.5032,UCHIRA GIRLS' ISLAMIC SECONDARY SCHOOL
S.5033,KONDOA ISLAMIC SECONDARY SCHOOL
S.5034,KISANA SECONDARY SCHOOL
S.5035,MAVUNO GIRLS' SECONDARY SCHOOL
S.5036,KOMOTO SECONDARY SCHOOL
S.5038,MWL. TUTUBA SECONDARY SCHOOL
S.5039,MAKANJIRO SECONDARY SCHOOL
S.5040,ITEBULA SECONDARY SCHOOL
S.5041,NAMAYUNI SECONDARY SCHOOL
S.5042,MUNGUBARIKI SECONDARY SCHOOL
S.5043,MWASELELA SECONDARY SCHOOL
S.5044,KILWA ISLAMIC SECONDARY SCHOOL
S.5045,TOTOWE SECONDARY SCHOOL
S.5048,GABADAW SECONDARY SCHOOL
S.5049,QUEEN ESTHER GIRLS' SECONDARY SCHOOL
S.5050,DUMBETA SECONDARY SCHOOL
S.5051,MSAMAKA SECONDARY SCHOOL
S.5053,SANTAKAGWA SECONDARY SCHOOL
S.5054,SEGA GIRLS' SECONDARY SCHOOL
S.5056,ELISHADAI HOLILI SECONDARY SCHOOL
S.5058,AL HIJRA ISLAMIC SECONDARY SCHOOL
S.5061,ST. JOSEPH-IPOGOLO SECONDARY SCHOOL
S.5063,KIRARE SECONDARY SCHOOL
S.5064,KIKHONDA SECONDARY SCHOOL
S.5065,AMKA SECONDARY SCHOOL
S.5066,NDAMHI SECONDARY SCHOOL
S.5067,MWASHILALAGE SECONDARY SCHOOL
S.5068,JOEL BENDERA SECONDARY SCHOOL
S.5069,NYANG'ORO SECONDARY SCHOOL
S.5070,ULELING'OMBE SECONDARY SCHOOL
S.5071,HANDENI ISLAMIC SECONDARY SCHOOL
S.5072,MGANDU SECONDARY SCHOOL
S.5073,KALEKWA SECONDARY SCHOOL
S.5074,SINDANO SECONDARY SCHOOL
S.5075,MASAGATI SECONDARY SCHOOL
S.5076,NKOANEKOLI SECONDARY SCHOOL
S.5077,MIKIGA SECONDARY SCHOOL
S.5078,BIGABIRO SECONDARY SCHOOL
S.5079,KWASUNGA SECONDARY SCHOOL
S.5080,KAZAMOYO SECONDARY SCHOOL
S.5081,AHMADIYYA SECONDARY SCHOOL
S.5083,PATMOS SECONDARY SCHOOL
S.5084,BARABARANI SECONDARY SCHOOL
S.5085,KIDO ISLAMIC SEMINARY
S.5086,SWAFAA ISLAMIC SEMINARY
S.5087,ISANZU SECONDARY SCHOOL
S.5090,KAKUBILO SECONDARY SCHOOL
S.5091,MPANZI SECONDARY SCHOOL
S.5092,SICHOWE SECONDARY SCHOOL
S.5093,ANNE MAKINDA SECONDARY SCHOOL
S.5094,MJAWA SECONDARY SCHOOL
S.5095,KITANDILILO SECONDARY SCHOOL
S.5096,KIMANI SECONDARY SCHOOL
S.5097,ALCP KILASARA SECONDARY SCHOOL
S.5102,IGOSI SECONDARY SCHOOL
S.5103,CALFONIA HILLS SECONDARY SCHOOL
S.5104,MUSA AKASHA SECONDARY SCHOOL
S.5105,UMAWANJO BOYS' SECONDARY SCHOOL
S.5106,OLMOTONYI FOREST SECONDARY SCHOOL
S.5107,COLLEGINE GIRLS' SECONDARY SCHOOL
S.5108,MAHENDE SECONDARY SCHOOL
S.5112,THE VOICE SECONDARY SCHOOL
S.5113,ST. FRANCIS OF ASSISI SECONDARY SCHOOL
S.5115,OLASITI SECONDARY SCHOOL
S.5116,LOSIRWAY SECONDARY SCHOOL
S.5117,MARIST BOYS' SECONDARY SCHOOL
S.5118,EASTERN STAR SECONDARY SCHOOL
S.5119,NGAZI SECONDARY SCHOOL
S.5121,HOPE AND JOY SECONDARY SCHOOL
S.5122,WAJA GIRLS' SECONDARY SCHOOL
S.5123,LUGHANO SECONDARY SCHOOL
S.5124,ST. MAXIMILLIAN SECONDARY SCHOOL
S.5127,SINAI PUMA JUNIOR SEMINARY
S.5128,OSWE SECONDARY SCHOOL
S.5129,MUHUNGA SECONDARY SCHOOL
S.5130,SHAMSIYE BOYS' SECONDARY SCHOOL
S.5131,KAMEYA SECONDARY SCHOOL
S.5132,UDANG'U SECONDARY SCHOOL
S.5133,AL-HIKMA BOYS SECONDARY SCHOOL
S.5134,KIMANGE SECONDARY SCHOOL
S.5137,ST. MONICA CATHOLIC SEMINARY
S.5139,RUSUMO B SECONDARY SCHOOL
S.5141,ST. THERESE MIBIKIMITALI SECONDARY SCHOOL
S.5142,PEMBA MNAZI SECONDARY SCHOOL
S.5143,KAGERA SECONDARY SCHOOL
S.5144,ARISTOTLE SECONDARY SCHOOL
S.5146,ARISE SECONDARY SCHOOL
S.5147,CHALINZE ISLAMIC SEMINARY
S.5148,MWAJI SECONDARY SCHOOL
S.5152,MTAPENDA SECONDARY SCHOOL
S.5153,MBEDE SECONDARY SCHOOL
S.5154,BRIGHT FUTURE GIRLS' SECONDARY SCHOOL
S.5155,DAORA SECONDARY SCHOOL
S.5156,IRENZA SECONDARY SCHOOL
S.5157,CHIFUNFU SECONDARY SCHOOL
S.5158,NYARUBAMBA SECONDARY SCHOOL
S.5159,SUMA ENGIKARETH SECONDARY SCHOOL
S.5160,AL-SAFA SECONDARY SCHOOL
S.5163,KWEMA MODERN SECONDARY SCHOOL
S.5164,ST. MARCUS SECONDARY SCHOOL
S.5166,ST. JOHN PAUL II SEMINARY
S.5167,KEREGE SECONDARY SCHOOL
S.5168,MOUNT MORIE SECONDARY SCHOOL
S.5174,ST. CATHERINE SECONDARY SCHOOL
S.5175,MASHEKO SECONDARY SCHOOL
S.5177,COMPASSION SECONDARY SCHOOL
S.5178,ELIMIKA SECONDARY SCHOOL
S.5180,JAFFERY BUKOBA SECONDARY SCHOOL
S.5181,NAMBILANJE SECONDARY SCHOOL
S.5182,NARUNGOMBE SECONDARY SCHOOL
S.5183,NYABUMHANDA SECONDARY SCHOOL
S.5184,ST. AUGUSTINE TAGASTE SECONDARY SCHOOL
S.5185,MKULAZI SECONDARY SCHOOL
S.5186,MLOWA SECONDARY SCHOOL
S.5188,NJELELA SECONDARY SCHOOL
S.5189,ROMAN BOYS' SECONDARY SCHOOL
S.5190,BREAD OF LIFE SECONDARY SCHOOL
S.5191,A.I.C.T KATUNGURU CHRISTIAN SEMINARY
S.5192,ARCH-BISHOP MAYALA GIRLS' SECONDARY SCHOOL
S.5193,BANDARI SECONDARY SCHOOL
S.5194,MADIMBA SECONDARY SCHOOL
S.5195,GOLDEN GATE SECONDARY SCHOOL
S.5196,GREEN CITY SECONDARY SCHOOL
S.5197,BUJUMBA SECONDARY SCHOOL
S.5198,ANNA TIBAIJUKA SECONDARY SCHOOL
S.5199,NYAKABANGO SECONDARY SCHOOL
S.5200,BETHANY GIRLS' SECONDARY SCHOOL
S.5201,ST. JOSEPH BOYS' SCIENCE SECONDARY SCHOOL
S.5202,TINGATINGA SECONDARY SCHOOL
S.5203,LEKULE SECONDARY SCHOOL
S.5204,MAKETE GIRLS' SECONDARY SCHOOL
S.5205,PETER KATWIGA SECONDARY SCHOOL
S.5206,IPETA SECONDARY SCHOOL
S.5207,JOSEPH AND MARY SECONDARY SCHOOL
S.5208,JOSEPHINE GIRLS' SECONDARY SCHOOL
S.5209,ST. CLARA MLALI GIRLS' SECONDARY SCHOOL
S.5210,BUHINGO-CHATO SECONDARY SCHOOL
S.5211,MIYOMBWENI SECONDARY SCHOOL
S.5212,IGAVA SECONDARY SCHOOL
S.5213,ST. JOACHIM BOYS' SECONDARY SCHOOL
S.5214,SAMBASHA SECONDARY SCHOOL
S.5215,MBINGA GIRLS' SECONDARY SCHOOL
S.5216,AL-AZHARY SECONDARY SCHOOL
S.5217,NTUMBE SECONDARY SCHOOL
S.5218,NINGA SECONDARY SCHOOL
S.5219,MKEHA SECONDARY SCHOOL
S.5220,LIPAYA SECONDARY SCHOOL
S.5221,BISHOP MCHONDE SECONDARY SCHOOL
S.5223,KIHEKA SECONDARY SCHOOL
S.5224,MWAMBISI FOREST SECONDARY SCHOOL
S.5225,NAKIDO SECONDARY SCHOOL
S.5226,EL-SHAMMAH SECONDARY SCHOOL
S.5227,LUGULU SECONDARY SCHOOL
S.5228,ELIMO SECONDARY SCHOOL
S.5229,ESPERANTO SECONDARY SCHOOL
S.5230,MWIBARA SECONDARY SCHOOL
S.5232,ONE WORLD SECONDARY SCHOOL
S.5234,IHAHI SECONDARY SCHOOL
S.5235,MBEYA ADVENTIST SECONDARY SCHOOL
S.5236,SONGWE SUNRISE SECONDARY SCHOOL
S.5237,ST. ALOYSIUS GONZAGA BOYS' SEMINARY
S.5238,NYAMTINGA SECONDARY SCHOOL
S.5239,NGULYATI SECONDARY SCHOOL
S.5241,USUKA SECONDARY SCHOOL
S.5242,ST. THERESA OF AVILA GIRLS' SECONDARY SCHOOL
S.5243,KANINDO SECONDARY SCHOOL
S.5244,WAJA BOYS' SECONDARY SCHOOL
S.5250,OMEGA SECONDARY SCHOOL
S.5251,REGINA PACIS GIRLS' SECONDARY SCHOOL
S.5252,MANYOVU SECONDARY SCHOOL
S.5254,SONGOSONGO SECONDARY SCHOOL
S.5255,CIRKET SECONDARY SCHOOL
S.5256,BENIGNIS GIRLS' SECONDARY SCHOOL
S.5257,MCHUKWI SECONDARY SCHOOL
S.5258,ST. GETRUDE MLANDIZI GIRLS' SECONDARY SCHOOL
S.5259,MKONOO SECONDARY SCHOOL
S.5261,LENGIJAVE SECONDARY SCHOOL
S.5263,NEEMAH SECONDARY SCHOOL
S.5265,AMANAH SECONDARY SCHOOL
S.5266,MIKINDANI ISLAMIC SECONDARY SCHOOL
S.5267,HOPEGATE SECONDARY SCHOOL
S.5268,HOLY FAMILY GIRLS' SECONDARY SCHOOL
S.5271,LWEZERA SECONDARY SCHOOL
S.5272,LUTOZO SECONDARY SCHOOL
S.5273,NYANKONGOCHORO SECONDARY SCHOOL
S.5274,LIKONGOWELE SECONDARY SCHOOL
S.5276,MLEKIA WINNERS SECONDARY SCHOOL
S.5277,HADY SECONDARY SCHOOL
S.5278,SAKANA SECONDARY SCHOOL
S.5282,JULIUS KAMBARAGE NYERERE SECONDARY SCHOOL
S.5283,NYUMBIGWA SECONDARY SCHOOL
S.5284,ACT BUNDA GIRLS' SECONDARY SCHOOL
S.5285,DOKAMAN SECONDARY SCHOOL
S.5286,MWASAMBA SECONDARY SCHOOL
S.5288,BERACHAH VALLEY SECONDARY SCHOOL
S.5289,MAFIHILLS SECONDARY SCHOOL
S.5290,CHRISTON SECONDARY SCHOOL
S.5291,BARAKA SECONDARY SCHOOL
S.5292,TCRC FURAHA SECONDARY SCHOOL
S.5293,MOUNT ARARAT SECONDARY SCHOOL
S.5295,KILAMSA SECONDARY SCHOOL
S.5298,VUCHAMA UGWENO ISLAMIC SECONDARY SCHOOL
S.5300,KILIMANJARO ISLAMIC SECONDARY SCHOOL
S.5301,SIMIYU SECONDARY SCHOOL
S.5302,ST. XAVIER'S VISITATION SECONDARY SCHOOL
S.5303,MAILA SECONDARY SCHOOL
S.5304,MPESU SECONDARY SCHOOL
S.5306,SAYUNI SECONDARY SCHOOL
S.5307,KINOJA SECONDARY SCHOOL
S.5308,NYAMILAMBO SECONDARY SCHOOL
S.5309,NYAMHOZA SECONDARY SCHOOL
S.5310,AMAHORO SECONDARY SCHOOL
S.5313,KWEKIVU SECONDARY SCHOOL
S.5314,KILINDI GIRLS' SECONDARY SCHOOL
S.5315,MKINDI SECONDARY SCHOOL
S.5316,NKAMA SECONDARY SCHOOL
S.5317,TUNGULI SECONDARY SCHOOL
S.5318,KITESA MOUNTAIN SECONDARY SCHOOL
S.5319,MTANILA SECONDARY SCHOOL
S.5320,IFWENKENYA SECONDARY SCHOOL
S.5321,LITIPU SECONDARY SCHOOL
S.5322,MBWAWA MISWE SECONDARY SCHOOL
S.5323,SOKONI II SECONDARY SCHOOL
S.5324,LIBERMANN BOYS' SECONDARY SCHOOL
S.5325,IMPERIAL SECONDARY SCHOOL
S.5326,KIUMAKO SECONDARY SCHOOL
S.5327,NYAGIMORET SECONDARY SCHOOL
S.5330,OLIVEGREEN SECONDARY SCHOOL
S.5331,MAGAWA SECONDARY SCHOOL
S.5332,FR. RAMON BOYS' SECONDARY SCHOOL
S.5334,DEO SANGA SECONDARY SCHOOL
S.5335,IGANDU SECONDARY SCHOOL
S.5336,HUZI SECONDARY SCHOOL
S.5337,MSWAHA SECONDARY SCHOOL
S.5338,TAITA SECONDARY SCHOOL
S.5339,SELEJELE SECONDARY SCHOOL
S.5340,SAMARIA SECONDARY SCHOOL
S.5341,FINGWA SECONDARY SCHOOL
S.5342,KATOROSIA SECONDARY SCHOOL
S.5343,MUSABE BOYS' SECONDARY SCHOOL
S.5344,MUSABE GIRLS' SECONDARY SCHOOL
S.5345,DE PAUL MBANGAMAO SECONDARY SCHOOL
S.5346,BUSONGE SECONDARY SCHOOL
S.5347,RENEA BOYS' SECONDARY SCHOOL
S.5348,ULANGA SECONDARY SCHOOL
S.5349,DE PAUL MBINGA SECONDARY SCHOOL
S.5351,KIMENYI SECONDARY SCHOOL
S.5352,NEW LIFE OLOSIVA SECONDARY SCHOOL
S.5354,BUSINDA SECONDARY SCHOOL
S.5355,KAMPALA JUNIOR SECONDARY SCHOOL
S.5356,ST. DON BOSCO MTIMBIRA GIRLS' SECONDARY SCHOOL
S.5357,ST. PIO X MALINYI SECONDARY SCHOOL
S.5358,NANDONDE SECONDARY SCHOOL
S.5359,MWEMINAKI SECONDARY SCHOOL
S.5360,ST. URSULA SECONDARY SCHOOL
S.5362,QUDUS ISLAMIC SECONDARY SCHOOL
S.5363,KIZAGILA SECONDARY SCHOOL
S.5364,NINGA SECONDARY SCHOOL
S.5365,WAMA SHARAF GIRLS' SECONDARY SCHOOL
S.5367,UJIJI ISLAMIC SECONDARY SCHOOL
S.5368,DEKAPOLI SECONDARY SCHOOL
S.5369,NHOMOLWA SECONDARY SCHOOL
S.5370,KAFULUSU SECONDARY SCHOOL
S.5371,MARGARETA NASEAU SECONDARY SCHOOL
S.5375,KUSEKWA MEMORIAL SECONDARY SCHOOL
S.5376,RITALIZA SECONDARY SCHOOL
S.5377,ROHILA SECONDARY SCHOOL
S.5378,AL-HUDA ISLAMIC SECONDARY SCHOOL
S.5379,ISTIQAAMA TANGA ISLAMIC SECONDARY SCHOOL
S.5380,IBUN JAZAR ISLAMIC SECONDARY SCHOOL
S.5381,PEARLICY SECONDARY SCHOOL
S.5382,KINDIMBA JUU SECONDARY SCHOOL
S.5383,FEO GIRLS' SECONDARY SCHOOL
S.5384,BUJULA SECONDARY SCHOOL
S.5388,EMAU SECONDARY SCHOOL
S.5389,MAZWE SECONDARY SCHOOL
S.5390,MUNGERE SECONDARY SCHOOL
S.5391,JOHN MERLINI SECONDARY SCHOOL
S.5392,NDULI SECONDARY SCHOOL
S.5393,HOPE KIVULE SECONDARY SCHOOL
S.5394,ABDULRAHIM - BUSOKA SECONDARY SCHOOL
S.5395,ASSALAF ISLAMIC SEMINARY
S.5396,VAILETH SECONDARY SCHOOL
S.5397,MSASANI ISLAMIC SECONDARY SCHOOL
S.5398,NYAMANG'UTA SECONDARY SCHOOL
S.5403,MBARALI RIVERSIDE SECONDARY SCHOOL
S.5404,OLJORO NAMBA TANO SECONDARY SCHOOL
S.5405,PONGWE ISLAMIC GIRLS' SECONDARY SCHOOL
S.5406,MARANATHA MISSION SEMINARY
S.5407,MKUZO ISLAMIC SECONDARY SCHOOL
S.5412,WENDYRAYNA SECONDARY SCHOOL
S.5413,SARANGA SECONDARY SCHOOL
S.5414,MIKOCHENI SECONDARY SCHOOL
S.5415,DREAM ACHIEVERS SECONDARY SCHOOL
S.5416,OSWE BOYS' SECONDARY SCHOOL
S.5417,MAVUNO MODAL GIRLS' SECONDARY SCHOOL
S.5418,ST. JOSEPH KOLPING SECONDARY SCHOOL
S.5419,ST. MONICA MOSHONO GIRLS' SECONDARY SCHOOL
S.5420,ST. FRANCISCO DE ASIZ SECONDARY SCHOOL
S.5421,NDURUGUMI SECONDARY SCHOOL
S.5422,ST. ANSELM SECONDARY SCHOOL
S.5423,SANTA LUCIA SECONDARY SCHOOL
S.5424,NYANTIRA SECONDARY SCHOOL
S.5425,JIPEMOYO SECONDARY SCHOOL
S.5428,KITENGA GIRLS' SECONDARY SCHOOL
S.5429,TWING MEMORIAL SECONDARY SCHOOL
S.5430,KAOZYA SECONDARY SCHOOL
S.5431,HARADALI WINNERS SECONDARY SCHOOL
S.5432,CAPUCHIN BOYS' SECONDARY SCHOOL
S.5433,AL-AMIN SECONDARY SCHOOL
S.5434,TASNIM MUSLIM SECONDARY SCHOOL
S.5436,KWACHAGA SECONDARY SCHOOL
S.5437,KWAMGWE SECONDARY SCHOOL
S.5438,KOMKALAKALA SECONDARY SCHOOL
S.5439,VIBAONI SECONDARY SCHOOL
S.5441,CHIGONGWE SECONDARY SCHOOL
S.5448,ST. LEONARD CO-EDUCATION SECONDARY SCHOOL
S.5449,KEBOGWE SECONDARY SCHOOL
S.5451,ST. DOMINIC SAVIO SECONDARY SCHOOL
S.5452,KINGS SECONDARY SCHOOL
S.5457,DAUDI TEEWI SECONDARY SCHOOL
S.5458,BUKIKO SECONDARY SCHOOL
S.5459,LITETEMA SECONDARY SCHOOL
S.5460,UBETU MAWENZI SECONDARY SCHOOL
S.5462,ST. WILBALDA SECONDARY SCHOOL
S.5463,MADANDI SECONDARY SCHOOL
S.5464,KIKALA SECONDARY SCHOOL
S.5465,ILYAMCHELE SECONDARY SCHOOL
S.5466,REDO SECONDARY SCHOOL
S.5467,IGUNDA SECONDARY SCHOOL
S.5468,NYANKENDE SECONDARY SCHOOL
S.5469,SABASABINI SECONDARY SCHOOL
S.5470,REAL HOPE SECONDARY SCHOOL
S.5471,ROCKS HILL SECONDARY SCHOOL
S.5472,SAVANNAH PLAINS SECONDARY SCHOOL
S.5473,LUMWAGO SECONDARY SCHOOL
S.5474,MIKAMBA SECONDARY SCHOOL
S.5475,MPINDA BOYS' SECONDARY SCHOOL
S.5476,MAJEMBWE SECONDARY SCHOOL
S.5477,NTONZO SECONDARY SCHOOL
S.5478,SAKURA GIRLS' SECONDARY SCHOOL
S.5479,FUKAYOSI SECONDARY SCHOOL
S.5480,KINYENCHE SECONDARY SCHOOL
S.5482,MANUS DEI SECONDARY SCHOOL
S.5486,NEW ERA MONTESSORI SECONDARY SCHOOL
S.5490,ATLAS SECONDARY SCHOOL
S.5491,NATRON FLAMINGO'S SECONDARY SCHOOL
S.5492,BENJAMIN SECONDARY SCHOOL
S.5493,TUMAINI SENIOR SECONDARY SCHOOL
S.5494,DIVINE MERCY GIRLS' SEMINARY
S.5495,WESTGATE GIRLS' SECONDARY SCHOOL
S.5496,RUSHE SECONDARY SCHOOL
S.5497,NYIJUNDU SECONDARY SCHOOL
S.5498,ISTIQAAMA SHINYANGA ISLAMIC SECONDARY SCHOOL
S.5500,ST. JOHN VIANNEY SECONDARY SCHOOL
S.5502,ZAMZAM ISLAMIC GIRLS' SECONDARY SCHOOL
S.5503,ELU SECONDARY SCHOOL
S.5504,MARY WILSON GIRLS' SECONDARY SCHOOL
S.5505,JOSTIHEGO SECONDARY SCHOOL
S.5506,EMI SECONDARY SCHOOL
S.5507,INTEL SECONDARY SCHOOL
S.5517,BANYIBANYI SECONDARY SCHOOL
S.5518,OLMOTI SECONDARY SCHOOL
S.5519,URAFIKI SECONDARY SCHOOL
S.5520,SHANGWALE SECONDARY SCHOOL
S.5521,INSPIRE SECONDARY SCHOOL
S.5530,IHSAN ISLAMIC SECONDARY SCHOOL
S.5531,LYAHIRA SECONDARY SCHOOL
S.5532,MICHAUD GIRLS' SECONDARY SCHOOL
S.5533,FRANCISCAN GIRLS' SECONDARY SCHOOL
S.5536,HELASITA SECONDARY SCHOOL
S.5538,SUMAGHA SECONDARY SCHOOL
S.5539,TWIZA SECONDARY SCHOOL
S.5542,NAMNYAKI SECONDARY SCHOOL
S.5543,UMWE SECONDARY SCHOOL
S.5544,KING COSTANTINO SECONDARY SCHOOL
S.5546,AL-FALLAH ISLAMIC SECONDARY SCHOOL
S.5547,MUJUMUZI SECONDARY SCHOOL
S.5549,USHINDI SECONDARY SCHOOL
S.5550,LITAPWASI SECONDARY SCHOOL
S.5551,RENIE SECONDARY SCHOOL
S.5552,DONNYBROOK SECONDARY SCHOOL
S.5553,THEMI HILL SECONDARY SCHOOL
S.5555,KEMEBOS SECONDARY SCHOOL
S.5556,YAKINI SECONDARY SCHOOL
S.5557,ROBANDA SECONDARY SCHOOL
S.5558,BUKOBA HOPE LUTHERAN SECONDARY SCHOOL
S.5559,SINGLAND SECONDARY SCHOOL
S.5560,MARIA STIEREN GIRLS' SECONDARY SCHOOL
S.5568,BEREA SECONDARY SCHOOL
S.5570,CHANJALE SECONDARY SCHOOL
S.5571,CHAGONGWE SECONDARY SCHOOL
S.5573,IBUN RUSHDY SECONDARY SCHOOL
S.5578,EMINK SECONDARY SCHOOL
S.5581,KASSIM MAJALIWA SECONDARY SCHOOL
S.5585,MBAGHAI SECONDARY SCHOOL
S.5587,SCIM POLYTECHNIC SECONDARY SCHOOL
S.5588,ALFA OMEGA SECONDARY SCHOOL
S.5590,MARANGU HILLS SECONDARY SCHOOL
S.5591,YEDIDIA SECONDARY SCHOOL
S.5595,KIGOMA GRAND HIGH SCHOOL
S.5596,BURHANI SECONDARY SCHOOL
S.5597,ST. GABRIEL TECHNICAL SECONDARY SCHOOL
S.5600,KALENGO SECONDARY SCHOOL
S.5601,DR. JOHN CHACHA SECONDARY SCHOOL
S.5602,ISAPULANO SECONDARY SCHOOL
S.5603,ALPHA ADVENTIST SECONDARY SCHOOL
S.5605,MAMAYE SECONDARY SCHOOL
S.5606,IBISABAGENI SECONDARY SCHOOL
S.5607,EDITH GVORA SECONDARY SCHOOL
S.5609,NYAHIRI MEMORIAL SECONDARY SCHOOL
S.5610,HHAYNU SECONDARY SCHOOL
S.5611,NASERIAN SECONDARY SCHOOL
S.5612,IZUO SECONDARY SCHOOL
S.5613,NYAMUGE SECONDARY SCHOOL
S.5614,AL-SWIDIIQ SECONDARY SCHOOL
S.5615,CARMEL MOUNT GIRLS' SECONDARY SCHOOL
S.5616,FRANSALIAN HEKIMA SEMINARY
S.5619,UPENDO AMANI SECONDARY SCHOOL
S.5620,URSULINE SECONDARY SCHOOL
S.5622,ELIZABETH SECONDARY SCHOOL
S.5623,NAKWA SECONDARY SCHOOL
S.5624,PILIKANO SECONDARY SCHOOL
S.5626,GENGE SECONDARY SCHOOL
S.5627,ILYEMA SECONDARY SCHOOL
S.5628,EXPERANCIA SECONDARY SCHOOL
S.5629,PARTIMBO SECONDARY SCHOOL
S.5630,ST. VICENT SECONDARY SCHOOL
S.5631,UMOJA KING'ORI SECONDARY SCHOOL
S.5634,JERUSALEM SECONDARY SCHOOL
S.5636,CHONGI SECONDARY SCHOOL
S.5637,KIMANGA SECONDARY SCHOOL
S.5638,LUMVE SECONDARY SCHOOL
S.5639,GIDAGWAJEDA SECONDARY SCHOOL
S.5640,MAKUNDUSI SECONDARY SCHOOL
S.5641,MFRIGA SECONDARY SCHOOL
S.5642,UNYIANGA SECONDARY SCHOOL
S.5643,ST. JOSEPH ALLAMANO SECONDARY SCHOOL
S.5644,KIBENA SECONDARY SCHOOL
S.5645,ST. ANDREW SECONDARY SCHOOL
S.5646,ST. JOSEPH RUTABO SECONDARY SCHOOL
S.5647,PROF. JOYCE NDALICHAKO SECONDARY SCHOOL
S.5648,MAKALA SECONDARY SCHOOL
S.5649,NYANZWA SECONDARY SCHOOL
S.5650,IBUMU SECONDARY SCHOOL
S.5651,KIZENGI SECONDARY SCHOOL
S.5652,GWATA KISARAWE SECONDARY SCHOOL
S.5653,MITWERO SECONDARY SCHOOL
S.5654,USA RIVER REHABILITATION SECONDARY SCHOOL
S.5655,MUKIDOMA SECONDARY SCHOOL
S.5661,HOCET SECONDARY SCHOOL
S.5662,UFUNUO SECONDARY SCHOOL
S.5663,ELPAS SECONDARY SCHOOL
S.5666,ST. RAPHAEL SECONDARY SCHOOL
S.5667,LITTLE TREASURES SECONDARY SCHOOL
S.5668,MASANZA SECONDARY SCHOOL
S.5669,ANTHONY MTAKA SECONDARY SCHOOL
S.5670,DR. CHEGENI SECONDARY SCHOOL
S.5672,SAKAPE SECONDARY SCHOOL
S.5673,ST. PAMACHIUS INCLUSIVE SECONDARY SCHOOL
S.5674,LUCKY STARS SECONDARY SCHOOL
S.5675,ZIGI SECONDARY SCHOOL
S.5676,KATETE SECONDARY SCHOOL
S.5677,CHAPWA SECONDARY SCHOOL
S.5678,MWAKAKATI SECONDARY SCHOOL
S.5679,MUUNGANO-1 SECONDARY SCHOOL
S.5680,MIANZINI SECONDARY SCHOOL
S.5681,ST.ANTHONY TECHNICAL SECONDARY SCHOOL
S.5683,KAGWA SECONDARY SCHOOL
S.5684,MPEMBA ILASI GIRLS' SECONDARY SCHOOL
S.5685,NDANTO SECONDARY SCHOOL
S.5686,VICTORIAN GIRLS' SECONDARY SCHOOL
S.5687,LIVING WATER SECONDARY SCHOOL
S.5688,AGAPE BOYS' SECONDARY SCHOOL
S.5689,UFUNDI BETHANIA SECONDARY SCHOOL
S.5690,KAPENTA SECONDARY SCHOOL
S.5691,MT. KAROLO BOROMEO SECONDARY SCHOOL
S.5692,ZULU SECONDARY SCHOOL
S.5693,KANUDA SECONDARY SCHOOL
S.5695,IPWANI SECONDARY SCHOOL
S.5696,BASANZA SECONDARY SCHOOL
S.5697,ST. ALBERTO GIRLS' SECONDARY SCHOOL
S.5698,HILL LAND SECONDARY SCHOOL
S.5700,BLUE SKY GIRLS' SECONDARY SCHOOL
S.5702,KINGDOM LIFE SECONDARY SCHOOL
S.5703,MWAKAGANGA SECONDARY SCHOOL
S.5704,BUSOKELO GIRLS' SECONDARY SCHOOL
S.5713,ST. JOHN PAUL II SECONDARY SCHOOL
S.5714,NASCO SECONDARY SCHOOL
S.5715,REGINA SANTORUM SECONDARY SCHOOL
S.5716,PREISWERK GIRLS' SECONDARY SCHOOL
S.5717,GREEN WOOD SECONDARY SCHOOL
S.5718,SUN SECONDARY SCHOOL
S.5719,MANTANJI SECONDARY SCHOOL
S.5720,SEGESE SECONDARY SCHOOL
S.5721,MAGS SECONDARY SCHOOL
S.5722,PARADISE SECONDARY SCHOOL
S.5723,MISO SECONDARY SCHOOL
S.5724,GENIUS KINGS' SECONDARY SCHOOL
S.5725,MATALE SECONDARY SCHOOL
S.5726,MKOMBOZI HILLS SECONDARY SCHOOL
S.5727,UWIRO SECONDARY SCHOOL
S.5728,MAJENGO KATI SECONDARY SCHOOL
S.5729,NGURUDOTO SECONDARY SCHOOL
S.5730,LOSIKITO SECONDARY SCHOOL
S.5731,OLDONYOWAS SECONDARY SCHOOL
S.5732,ARUSHA TERRAT SECONDARY SCHOOL
S.5733,MOIVARO SECONDARY SCHOOL
S.5734,HONDOMOIRO SECONDARY SCHOOL
S.5735,BUMBUTA SECONDARY SCHOOL
S.5740,GOOD HOPE SECONDARY SCHOOL
S.5741,TAQWA MODERN SECONDARY SCHOOL
S.5743,BUSONZO SECONDARY SCHOOL
S.5744,SHIWANDA SECONDARY SCHOOL
S.5745,CROWN SECONDARY SCHOOL
S.5746,HANGONI SECONDARY SCHOOL
S.5747,NYARUBOZA SECONDARY SCHOOL
S.5748,MWAKIZEGA SECONDARY SCHOOL
S.5749,MATUFA SECONDARY SCHOOL
S.5750,MAGANJWA SECONDARY SCHOOL
S.5751,GALIJEMBE SECONDARY SCHOOL
S.5752,IYELANYALA SECONDARY SCHOOL
S.5753,SASYAKA SECONDARY SCHOOL
S.5754,LABAY SECONDARY SCHOOL
S.5755,NAMBIS SECONDARY SCHOOL
S.5756,QURUS SECONDARY SCHOOL
S.5757,BARAY KHUSMAYI SECONDARY SCHOOL
S.5758,KITANGA SECONDARY SCHOOL
S.5759,AHSANTE NYERERE SECONDARY SCHOOL
S.5760,MURUBONA SECONDARY SCHOOL
S.5761,MWIBUYE SECONDARY SCHOOL
S.5762,IBN HAMBAL ISLAMIC SECONDARY SCHOOL
S.5763,AMANI SECONDARY SCHOOL
S.5765,MUMITERAMA SECONDARY SCHOOL
S.5766,DIMANI SECONDARY SCHOOL
S.5767,UGALA SECONDARY SCHOOL
S.5768,IMARA SECONDARY SCHOOL
S.5769,TAIFA SECONDARY SCHOOL
S.5770,FPCT NEEMA SECONDARY SCHOOL
S.5771,J. MAGUFULI SECONDARY SCHOOL
S.5772,KINYIKA SECONDARY SCHOOL
S.5773,MWANZOLI SECONDARY SCHOOL
S.5774,KIMARA SECONDARY SCHOOL
S.5775,NDALALA SECONDARY SCHOOL
S.5776,MAJIMOTO SECONDARY SCHOOL
S.5777,MIVUMONI SECONDARY SCHOOL
S.5778,MBEZI JUU SECONDARY SCHOOL
S.5779,MZIMUNI SECONDARY SCHOOL
S.5781,ILALA KASULU SECONDARY SCHOOL
S.5782,EFFORTS SECONDARY SCHOOL
S.5783,IGWISI SECONDARY SCHOOL
S.5784,ZUGIMLOLE SECONDARY SCHOOL
S.5785,SILAMBO SECONDARY SCHOOL
S.5786,SELELI SECONDARY SCHOOL
S.5787,ILEGE SECONDARY SCHOOL
S.5788,BUKOKWA SECONDARY SCHOOL
S.5789,KASISA SECONDARY SCHOOL
S.5791,HOLY GHOST VIZIWI HIGH SCHOOL
S.5793,LULA SECONDARY SCHOOL
S.5795,BULAMATA SECONDARY SCHOOL
S.5796,SIBWESA SECONDARY SCHOOL
S.5797,ILANGU SECONDARY SCHOOL
S.5798,JANUARY MAKAMBA SECONDARY SCHOOL
S.5799,KWALEI SECONDARY SCHOOL
S.5800,NAZARENE PROGRESS SECONDARY SCHOOL
S.5801,MPYAGULA SECONDARY SCHOOL
S.5802,MASUGURU SECONDARY SCHOOL
S.5803,KIGWA SECONDARY SCHOOL
S.5804,MWALUKWA SECONDARY SCHOOL
S.5805,KILUMBI SECONDARY SCHOOL
S.5806,MHARAMBA SECONDARY SCHOOL
S.5807,LUDETE SECONDARY SCHOOL
S.5808,BUSANZU SECONDARY SCHOOL
S.5809,ISINGILO SECONDARY SCHOOL
S.5810,BULINGA SECONDARY SCHOOL
S.5811,MPOMBWE SECONDARY SCHOOL
S.5812,KAYENZE SECONDARY SCHOOL
S.5813,KITERE SECONDARY SCHOOL
S.5814,KISUNDI SECONDARY SCHOOL
S.5815,MARATA SECONDARY SCHOOL
S.5817,KAGANGO 'B' GIRLS' SECONDARY SCHOOL
S.5818,AL-MAKTOUM SECONDARY SCHOOL
S.5819,VICTORY MIONO SECONDARY SCHOOL
S.5820,UAMUZI SECONDARY SCHOOL
S.5821,JUHUDI JESHINI SECONDARY SCHOOL
S.5822,MIVINJENI SECONDARY SCHOOL
S.5823,SHILUSHI SECONDARY SCHOOL
S.5824,SHADAIMU SECONDARY SCHOOL
S.5825,SEDECO SECONDARY SCHOOL
S.5826,NYAMBURI SECONDARY SCHOOL
S.5827,SOMOCHE SECONDARY SCHOOL
S.5828,MOSONGO SECONDARY SCHOOL
S.5829,KEMARONGE SECONDARY SCHOOL
S.5830,NYICHOKA SECONDARY SCHOOL
S.5831,ABDALLAH H. ULEGA SECONDARY SCHOOL
S.5832,MWANDEGE SECONDARY SCHOOL
S.5833,MITEZA SECONDARY SCHOOL
S.5834,CHILULUMO SECONDARY SCHOOL
S.5835,IZUNYA SECONDARY SCHOOL
S.5836,SALVATION GIRLS' SECONDARY SCHOOL
S.5837,GAMBOSI SECONDARY SCHOOL
S.5838,NYANZA SECONDARY SCHOOL
S.5839,MAKAO SECONDARY SCHOOL
S.5840,NKONGORE SECONDARY SCHOOL
S.5844,MUHUWESI SECONDARY SCHOOL
S.5845,HILELA SECONDARY SCHOOL
S.5846,PATANDI MAALUM SECONDARY SCHOOL
S.5849,MWANZA LUTHERAN SECONDARY SCHOOL
S.5850,NYAKANAZI SECONDARY SCHOOL
S.5856,RICHARD NORGETE MEMORIAL SECONDARY SCHOOL
S.5858,KEFA SECONDARY SCHOOL
S.5859,ST. MONICA WASA SECONDARY SCHOOL
S.5860,ANGELINA MABULA SECONDARY SCHOOL
S.5861,ST. MONICA WINO GIRLS' SECONDARY SCHOOL
S.5862,NYAMANGA SECONDARY SCHOOL
S.5863,CHAUKA SECONDARY SCHOOL
S.5864,ST. JUDE GIRLS' SECONDARY SCHOOL
S.5865,ST. DOMINIC SAVIO KIGONZILE SECONDARY SCHOOL
S.5866,ENG. STELLA MANYANYA SECONDARY SCHOOL
S.5867,MYULA SECONDARY SCHOOL
S.5868,HERMON BOYS' SECONDARY SCHOOL
S.5869,CHIKOLOPOLA SECONDARY SCHOOL
S.5870,MANG'A SECONDARY SCHOOL
S.5871,KITWANA SECONDARY SCHOOL
S.5872,ESINYARI SECONDARY SCHOOL
S.5873,RIRODA ISLAMIC SECONDARY SCHOOL
S.5874,KWAMBEGU SECONDARY SCHOOL
S.5875,GWAMIYE SECONDARY SCHOOL
S.5876,TANZANITE SECONDARY SCHOOL
S.5877,MASHUJAA-SINZA SECONDARY SCHOOL
S.5878,SISTERS OF MARY SECONDARY SCHOOL
S.5879,NYAMWILOLEWA SECONDARY SCHOOL
S.5880,KIDIMU SECONDARY SCHOOL
S.5881,GRAIYAKI SECONDARY SCHOOL
S.5882,TANANGOZI SECONDARY SCHOOL
S.5883,NGEMO SECONDARY SCHOOL
S.5884,ISEBYA SECONDARY SCHOOL
S.5885,MKONO VISION SECONDARY SCHOOL
S.5886,NANDA SECONDARY SCHOOL
S.5887,MAFINGA BOYS' SECONDARY SCHOOL
S.5888,NANINA MEMORIAL SECONDARY SCHOOL
S.5889,ALPHA GIRLS' SECONDARY SCHOOL
S.5891,NEW DAWN SECONDARY SCHOOL
S.5892,LUHUWIKO SECONDARY SCHOOL
S.5893,MIGHARA SECONDARY SCHOOL
S.5894,MATAMBARALE SECONDARY SCHOOL
S.5895,CHIBULA SECONDARY SCHOOL
S.5896,LUCAS MALIA SECONDARY SCHOOL
S.5897,LUCHELEGWA SECONDARY SCHOOL
S.5898,BUGAYAMBELELE SECONDARY SCHOOL
S.5899,BISHOP THOMAS LABRECQUE GIRLS' SECONDARY SCHOOL
S.5900,KARIBUNI SECONDARY SCHOOL
S.5901,NYAMIGAMBA SECONDARY SCHOOL
S.5902,RUHITA SECONDARY SCHOOL
S.5903,NYABUBELE SECONDARY SCHOOL
S.5904,NYANGUKU SECONDARY SCHOOL
S.5905,NYAKABALE SECONDARY SCHOOL
S.5906,MGUSU SECONDARY SCHOOL
S.5907,NYANTARE SECONDARY SCHOOL
S.5908,NYABIRONGO SECONDARY SCHOOL
S.5909,MARIA SECONDARY SCHOOL
S.5911,ISTIQAAMA BUKOBA SECONDARY SCHOOL
S.5912,UMIKI SECONDARY SCHOOL
S.5914,IDIBO SECONDARY SCHOOL
S.5915,KWIBUSE SECONDARY SCHOOL
S.5916,KUKONA SECONDARY SCHOOL
S.5917,NAMIRAH SECONDARY SCHOOL
S.5918,MELA SECONDARY SCHOOL
S.5919,TAMBARARE SECONDARY SCHOOL
S.5920,ST. PATRICK SEMINARY
S.5921,ILUMAKI SECONDARY SCHOOL
S.5922,IZAZI SECONDARY SCHOOL
S.5923,MAKIFU SECONDARY SCHOOL
S.5924,CHEKELENI SECONDARY SCHOOL
S.5929,SUNNI MUSLIM JAMAAT SECONDARY SCHOOL
S.5930,MRISHO GAMBO SECONDARY SCHOOL
S.5937,LUKARANGA SECONDARY SCHOOL
S.5938,KITUMBI SECONDARY SCHOOL
S.5939,NGASARO SECONDARY SCHOOL
S.5940,NGOLEA SECONDARY SCHOOL
S.5941,GUA SECONDARY SCHOOL
S.5942,MAILIKUMI SECONDARY SCHOOL
S.5943,NANGANDO SECONDARY SCHOOL
S.5944,MAPINGA SECONDARY SCHOOL
S.5945,MOTHER KEVIN SECONDARY SCHOOL
S.5946,NKOLATI SECONDARY SCHOOL
S.5947,KILIMANJARO MODERN BOYS' SECONDARY SCHOOL
S.5948,KAKOSO SECONDARY SCHOOL
S.5949,NYANG'HOMANGO SECONDARY SCHOOL
S.5950,IGANANA SECONDARY SCHOOL
S.5951,TAGOTA SECONDARY SCHOOL
S.5952,FLORENCE GIRLS' SECONDARY SCHOOL
S.5954,LUTINDI SECONDARY SCHOOL
S.5955,NDALICHAKO SECONDARY SCHOOL
S.5956,NDEMBELA ONE SECONDARY SCHOOL
S.5957,ITAGATA SECONDARY SCHOOL
S.5958,MARY QUEEN OF PEACE GIRLS' SECONDARY SCHOOL
S.5959,RUGERA SECONDARY SCHOOL
S.5960,BUZEBAZEBA SECONDARY SCHOOL
S.5961,KANONO SECONDARY SCHOOL
S.5962,ILUNDE SECONDARY SCHOOL
S.5963,MWASENKWA SECONDARY SCHOOL
S.5964,EBENEZER SECONDARY SCHOOL
S.5965,WESTERN SECONDARY SCHOOL
S.5966,MURIBA SECONDARY SCHOOL
S.5967,TUMAINI JEMA SECONDARY SCHOOL
S.5968,WASHAM SECONDARY SCHOOL
S.5969,HARVARD PREMIUM SECONDARY SCHOOL
S.5970,PERA SECONDARY SCHOOL
S.5971,IYUMBU SECONDARY SCHOOL
S.5972,NZOKA SECONDARY SCHOOL
S.5973,PAMOJA NGABOBO SECONDARY SCHOOL
S.5974,RUBONDO-CHATO SECONDARY SCHOOL
S.5981,UHAMIAJI SECONDARY SCHOOL
S.5982,DIPLOMASIA SECONDARY SCHOOL
S.5983,IBOLOGERO SECONDARY SCHOOL
S.5984,ITENKA SECONDARY SCHOOL
S.5985,NGORONGORO GIRLS' SECONDARY SCHOOL
S.5986,LITTLE SISTERS OF ST. FRANCIS SECONDARY SCHOOL
S.5987,KAKESE SECONDARY SCHOOL
S.5988,NKEREGE SECONDARY SCHOOL
S.5989,NYANSISINE SECONDARY SCHOOL
S.5990,LOSINONI SECONDARY SCHOOL
S.5991,KISERIANI SECONDARY SCHOOL
S.5992,LIKAMBA SECONDARY SCHOOL
S.5993,DAN-MAPIGANO MEMORIAL SECONDARY SCHOOL
S.5994,BUSAMBARA SECONDARY SCHOOL
S.5995,ITAMBOLEO SECONDARY SCHOOL
S.5996,MWATENGA SECONDARY SCHOOL
S.5997,KAPUNGA SECONDARY SCHOOL
S.5998,MUWALE SECONDARY SCHOOL
S.5999,NYAMAKUYU SECONDARY SCHOOL
S.6000,DANIDA SECONDARY SCHOOL
S.6001,MAJENGO MJINI SECONDARY SCHOOL
S.6002,NG'WANIMA SECONDARY SCHOOL
S.6003,AHAVA SECONDARY SCHOOL
S.6004,REHEMA WAKFU SECONDARY SCHOOL
S.6005,BUSOKELO BOYS' SECONDARY SCHOOL
S.6006,RAINBOW CHRISTIAN SECONDARY SCHOOL
S.6007,HOPE EXTENDED EXCELLENCE SECONDARY SCHOOL
S.6008,KITUMBIKWELA SECONDARY SCHOOL
S.6011,IDETEMA SECONDARY SCHOOL
S.6012,KISHAPU GIRLS' SECONDARY SCHOOL
S.6013,JOB SECONDARY SCHOOL
S.6014,KASEKESE SECONDARY SCHOOL
S.6015,SANGAMBI SECONDARY SCHOOL
S.6016,ISACK KAMWELWE SECONDARY SCHOOL
S.6017,ADAM KIGHOMA MALIMA SECONDARY SCHOOL
S.6018,MIVINJENI IDUNDA SECONDARY SCHOOL
S.6019,BEROYA MISSION SECONDARY SCHOOL
S.6020,MAYONGA SECONDARY SCHOOL
S.6022,JITEGEMEE-SIHA SECONDARY SCHOOL
S.6023,KALOLA SECONDARY SCHOOL
S.6024,MWAKATA SECONDARY SCHOOL
S.6025,UPENDO MAFINGA SECONDARY SCHOOL
S.6026,UFULUMA SECONDARY SCHOOL
S.6027,KALYUWA SECONDARY SCHOOL
S.6028,NSOLOLO SECONDARY SCHOOL
S.6029,IBELAMILUNDI SECONDARY SCHOOL
S.6030,MHELULE SECONDARY SCHOOL
S.6031,MANONGA SECONDARY SCHOOL
S.6032,ST. THERESE SECONDARY SCHOOL
S.6033,AL-RAHMAH SECONDARY SCHOOL
S.6034,OLIYO SECONDARY SCHOOL
S.6035,KIPOKA SECONDARY SCHOOL
S.6036,SHIRATI SOTA SECONDARY SCHOOL
S.6037,GESARYA SECONDARY SCHOOL
S.6038,MBATAMO SECONDARY SCHOOL
S.6039,MAJIMOTO HILLS SECONDARY SCHOOL
S.6040,MILLENIUM GIRLS' SECONDARY SCHOOL
S.6041,NZUBUKA SECONDARY SCHOOL
S.6042,NGARAWANI SECONDARY SCHOOL
S.6043,MUSATI SECONDARY SCHOOL
S.6047,KABELA GOLD SECONDARY SCHOOL
S.6048,UGALLA RIVER SECONDARY SCHOOL
S.6049,ISENDELO SECONDARY SCHOOL
S.6050,BUBANGO SECONDARY SCHOOL
S.6051,NYABUGERA SECONDARY SCHOOL
S.6052,MINKOTO SECONDARY SCHOOL
S.6053,NAMWAWALA SECONDARY SCHOOL
S.6054,KIJITONYAMA SAYANSI SECONDARY SCHOOL
S.6055,LITTLE FLOWER SECONDARY SCHOOL
S.6057,KINYEREZI MPYA SECONDARY SCHOOL
S.6058,BONYOKWA SECONDARY SCHOOL
S.6059,BUYUNI ZAVALA SECONDARY SCHOOL
S.6060,BUGURUNI MOTO SECONDARY SCHOOL
S.6061,MINAZI MIREFU SECONDARY SCHOOL
S.6062,JOKATE MWEGELO SECONDARY SCHOOL
S.6063,BISHESHE SECONDARY SCHOOL
S.6067,BARJOMOT SECONDARY SCHOOL
S.6068,NONDWA SECONDARY SCHOOL
S.6069,FURAHINI YOUTH SECONDARY SCHOOL
S.6070,KISANGAJI SECONDARY SCHOOL
S.6071,BOAY SECONDARY SCHOOL
S.6072,CHAHUA SECONDARY SCHOOL
S.6073,RUPUNGWI SECONDARY SCHOOL
S.6079,MAGOMENI MAKUTI SECONDARY SCHOOL
S.6080,IHANGA MBARALI SECONDARY SCHOOL
S.6081,MAPINDUZI DAY SECONDARY SCHOOL
S.6082,MSANGANI GOVERNMENT SECONDARY SCHOOL
S.6083,MENDGOAL SANGANA GIRLS' SECONDARY SCHOOL
S.6084,MANGOCHI JUNIOR SECONDARY SCHOOL
S.6089,NSIMBO HIARI SECONDARY SCHOOL
S.6090,CHUMBI SECONDARY SCHOOL
S.6092,MURANDA-CHATO SECONDARY SCHOOL
S.6093,MWAKISANDU SECONDARY SCHOOL
S.6094,MANDARAWE SECONDARY SCHOOL
S.6095,GARAWJA SECONDARY SCHOOL
S.6096,EMBRIS BOYS' SECONDARY SCHOOL
S.6097,KIGOMA UJIJI SECONDARY SCHOOL
S.6098,BUGATU SECONDARY SCHOOL
S.6100,ZAEKI SECONDARY SCHOOL
S.6102,KASHARU SECONDARY SCHOOL
S.6103,MBAGALA KUU SECONDARY SCHOOL
S.6105,NYARUBANJA SECONDARY SCHOOL
S.6107,MWANGULUMBI SECONDARY SCHOOL
S.6108,SAN- LAND SECONDARY SCHOOL
S.6109,GLOBAL MISSION SECONDARY SCHOOL
S.6110,MTAWANYA SECONDARY SCHOOL
S.6111,UTALINGOLO SECONDARY SCHOOL
S.6112,MAGOLE MPYA SECONDARY SCHOOL
S.6113,HIGHWAY SECONDARY SCHOOL
S.6114,MARYO SECONDARY SCHOOL
S.6115,KIWAWA SECONDARY SCHOOL
S.6116,DYANAMIC MAIN SECONDARY SCHOOL
S.6117,ST. MARIA GORRETI SECONDARY SCHOOL
S.6118,THE TARA GETTY SECONDARY SCHOOL
S.6119,CHAMAKWEZA SECONDARY SCHOOL
S.6122,RAFIKI FOUNDATION SECONDARY SCHOOL
S.6124,KALENGAKELU SECONDARY SCHOOL
S.6125,CHING'ANDA SECONDARY SCHOOL
S.6126,NGAI SECONDARY SCHOOL
S.6127,LONDO SECONDARY SCHOOL
S.6128,NAUREY GOLDEN SOIL SECONDARY SCHOOL
S.6129,MULALA SECONDARY SCHOOL
S.6130,MKOMBA SECONDARY SCHOOL
S.6131,MASEWA SECONDARY SCHOOL
S.6132,KIFARU ISLAMIC SECONDARY SCHOOL
S.6134,TURWA SECONDARY SCHOOL
S.6135,PAUL MAKONDA SECONDARY SCHOOL
S.6136,KATALA HIGH SCHOOL
S.6138,MATULI SECONDARY SCHOOL
S.6139,KIGUNGA SECONDARY SCHOOL
S.6140,PAUL JONES SECONDARY SCHOOL
S.6141,BUNDA STOO SECONDARY SCHOOL
S.6142,KIGERA SECONDARY SCHOOL
S.6143,ISERESERE SECONDARY SCHOOL
S.6144,SEKA SECONDARY SCHOOL
S.6146,HUNGUMALWA SECONDARY SCHOOL
S.6147,OLTUROTO SECONDARY SCHOOL
S.6148,JUHUDI USONGWE SECONDARY SCHOOL
S.6149,KIBANDE SECONDARY SCHOOL
S.6150,KIDYAMA SECONDARY SCHOOL
S.6151,KUMNYIKA SECONDARY SCHOOL
S.6152,MANYAMANYAMA SECONDARY SCHOOL
S.6154,MIGUNGANI SECONDARY SCHOOL
S.6155,KEWAMAMBA SECONDARY SCHOOL
S.6156,HIDAYA SULTAN ISLAMIC HIGH SCHOOL
S.6157,ADAM K. MALIMA SECONDARY SCHOOL
S.6158,MBINGA BOYS' SECONDARY SCHOOL
S.6159,KIPAPA SECONDARY SCHOOL
S.6160,ILANGALA SECONDARY SCHOOL
S.6161,CORNEL MAGEMBE SECONDARY SCHOOL
S.6162,NKILIZYA SECONDARY SCHOOL
S.6163,KIBANCHA SECONDARY SCHOOL
S.6164,MERENGA SECONDARY SCHOOL
S.6165,LAMATA SECONDARY SCHOOL
S.6166,KAGUGU SECONDARY SCHOOL
S.6167,NYAWILIMILWA SECONDARY SCHOOL
S.6168,ST. THERESE MAPINGA SECONDARY SCHOOL
S.6169,KADUDA SECONDARY SCHOOL
S.6170,MPINDO SECONDARY SCHOOL
S.6171,EVARIST SECONDARY SCHOOL
S.6172,KAPALAMSENGA SECONDARY SCHOOL
S.6173,TANGAZO SECONDARY SCHOOL
S.6174,MANGOPACHANNE SECONDARY SCHOOL
S.6175,MSANGAMKUU SECONDARY SCHOOL
S.6176,NYAMIDAHO SECONDARY SCHOOL
S.6177,LIPWIDI SECONDARY SCHOOL
S.6179,IRIMA SECONDARY SCHOOL
S.6180,LWICHE SECONDARY SCHOOL
S.6181,NG'ANG'ANGE SECONDARY SCHOOL
S.6182,KILIMAHEWA MODERN SECONDARY SCHOOL
S.6188,BUSALE SECONDARY SCHOOL
S.6189,KWEDIYAMBA SECONDARY SCHOOL
S.6191,SUME SECONDARY SCHOOL
S.6192,UDONJA SECONDARY SCHOOL
S.6193,UMOJA B SECONDARY SCHOOL
S.6194,MBAWALA SECONDARY SCHOOL
S.6195,MPANDA DAY SECONDARY SCHOOL
S.6196,MAMA SAMIA SECONDARY SCHOOL
S.6197,JUMA ZUBERI HOMERA SECONDARY SCHOOL
S.6198,HEKIMA SECONDARY SCHOOL
S.6199,DOTO BITEKO SECONDARY SCHOOL
S.6200,KATOME SECONDARY SCHOOL
S.6201,MIGHARENI SECONDARY SCHOOL
S.6202,ISTIQAAMA PANGANI ISLAMIC SECONDARY SCHOOL
S.6203,MISECHELA SECONDARY SCHOOL
S.6204,NAIPUTA SECONDARY SCHOOL
S.6205,KISIMANI SECONDARY SCHOOL
S.6206,J. P. MAGUFULI SECONDARY SCHOOL
S.6208,DINYECHA SECONDARY SCHOOL
S.6209,SANTHOME SABS GIRLS' SECONDARY SCHOOL
S.6210,CHAMALENDI SECONDARY SCHOOL
S.6211,KASANSA SECONDARY SCHOOL
S.6212,ROSMINI BOYS' SECONDARY SCHOOL
S.6213,KIGUNGAWE SECONDARY SCHOOL
S.6215,MAPOGORO SECONDARY SCHOOL
S.6216,HAROON MULLA PIRMOHAMED SECONDARY SCHOOL
S.6217,MAROGORO SECONDARY SCHOOL
S.6218,NYAMATO SECONDARY SCHOOL
S.6219,NZEGA NDOGO SECONDARY SCHOOL
S.6220,IYENZE SECONDARY SCHOOL
S.6221,BISHEKE SECONDARY SCHOOL
S.6222,ISOSO SECONDARY SCHOOL
S.6223,LAGANA SECONDARY SCHOOL
S.6224,SEKE IDIDI SECONDARY SCHOOL
S.6225,SUMWA SECONDARY SCHOOL
S.6226,IMENYA SECONDARY SCHOOL
S.6227,MAZZOLDI SECONDARY SCHOOL
S.6228,ST. PADRI PIO GIRLS' SECONDARY SCHOOL
S.6229,CHANGUGE SECONDARY SCHOOL
S.6230,KABURONGE SECONDARY SCHOOL
S.6231,IVUNGWE SECONDARY SCHOOL
S.6232,URUWIRA SECONDARY SCHOOL
S.6233,LUHANGARAS SECONDARY SCHOOL
S.6234,MARTINE SHIGELA SECONDARY SCHOOL
S.6235,MKANGALA SECONDARY SCHOOL
S.6239,KALEMAWE SECONDARY SCHOOL
S.6240,IRIKIPONI SECONDARY SCHOOL
S.6242,DR. DUGANGE SECONDARY SCHOOL
S.6243,MINDU SECONDARY SCHOOL
S.6244,BUGUMBIKISO SECONDARY SCHOOL
S.6245,ZANZUI SECONDARY SCHOOL
S.6246,MWANG'HONOLI SECONDARY SCHOOL
S.6247,SOKOINE MEMORIAL SECONDARY SCHOOL
S.6248,NDOLE SECONDARY SCHOOL
S.6250,MAGUTA SECONDARY SCHOOL
S.6251,BUHUMBI SECONDARY SCHOOL
S.6252,MUGANI SECONDARY SCHOOL
S.6253,GAMBAJIGA SECONDARY SCHOOL
S.6254,JANETH MAGUFULI SECONDARY SCHOOL
S.6255,JITIHADA SECONDARY SCHOOL
S.6256,NANGARAMO SECONDARY SCHOOL
S.6257,MASIEDA SECONDARY SCHOOL
S.6258,MKONONA SECONDARY SCHOOL
S.6259,KURUYA SECONDARY SCHOOL
S.6260,LALAJI SECONDARY SCHOOL
S.6261,MNAVIRA SECONDARY SCHOOL
S.6264,SHILEMBO SECONDARY SCHOOL
S.6265,RUBAMBAGWE SECONDARY SCHOOL
S.6266,NYARUZUMBURA SECONDARY SCHOOL
S.6267,RUTUNGURU SECONDARY SCHOOL
S.6268,KABOHA SECONDARY SCHOOL
S.6269,DKT. JOHN POMBE MAGUFULI SECONDARY SCHOOL
S.6270,SAN GIOVANNI PAOLO SECONDO SECONDARY SCHOOL
S.6271,MAKANG'WA SECONDARY SCHOOL
S.6272,CHAKWALE CHIGAGE SECONDARY SCHOOL
S.6273,JUMBE MUNGOLI SECONDARY SCHOOL
S.6274,BUHEKELA SECONDARY SCHOOL
S.6275,SIGRID MATEMA GIRLS' SECONDARY SCHOOL
S.6276,MAGENGE SECONDARY SCHOOL
S.6277,SAMA MEMORIAL SECONDARY SCHOOL
S.6279,MUJUMUZI GOLDEN BRIDGE SECONDARY SCHOOL
S.6280,JOPE BOYS' SECONDARY SCHOOL
S.6281,NYAGANGA SECONDARY SCHOOL
S.6282,SIGUNGA SECONDARY SCHOOL
S.6283,KIBENA NJOMBE SECONDARY SCHOOL
S.6285,NYALWANZAJA SECONDARY SCHOOL
S.6286,NTIMBANJAYO SECONDARY SCHOOL
S.6287,BUKENYE SECONDARY SCHOOL
S.6288,REGICHERI SECONDARY SCHOOL
S.6289,NYUNDO SECONDARY SCHOOL
S.6290,MNYAGALA SECONDARY SCHOOL
S.6291,GANYANGE SECONDARY SCHOOL
S.6293,KAMANDO SECONDARY SCHOOL
S.6294,BURUNGE SECONDARY SCHOOL
S.6295,KANGARIANI SECONDARY SCHOOL
S.6296,NYABICHUNE SECONDARY SCHOOL
S.6297,MATONGO SECONDARY SCHOOL
S.6300,ASSURANCE SECONDARY SCHOOL
S.6301,MNYALA SECONDARY SCHOOL
S.6302,JOY GIRLS' SECONDARY SCHOOL
S.6303,PRECIOUS LEADERS SECONDARY SCHOOL
S.6304,MEDALA SECONDARY SCHOOL
S.6305,IPANDIKILO SECONDARY SCHOOL
S.6306,BUGWANGOSO SECONDARY SCHOOL
S.6307,KISOJI SECONDARY SCHOOL
S.6308,DISUNYARA SECONDARY SCHOOL
S.6309,PICHA YA NDEGE SECONDARY SCHOOL
S.6312,GOLDMINE SECONDARY SCHOOL
S.6313,ST. BERNADETA SECONDARY SCHOOL
S.6314,EDUCA SECONDARY SCHOOL
S.6315,ICHESA SECONDARY SCHOOL
S.6316,ISENENGEJA SECONDARY SCHOOL
S.6317,MARY MAJALIWA SECONDARY SCHOOL
S.6322,BUYOMBE SECONDARY SCHOOL
S.6323,MBUYE SECONDARY SCHOOL
S.6324,NYARUTUTU SECONDARY SCHOOL
S.6325,MAPAMBA SECONDARY SCHOOL
S.6326,UBAGWE SECONDARY SCHOOL
S.6327,KILIMANI KATI SECONDARY SCHOOL
S.6328,MASENGESE SECONDARY SCHOOL
S.6330,DOHA SECONDARY SCHOOL
S.6334,MLOGANZILA SECONDARY SCHOOL
S.6335,BUHALAHALA SECONDARY SCHOOL
S.6336,MEGA SECONDARY SCHOOL
S.6337,JENISTER MHAGAMA SECONDARY SCHOOL
S.6338,MUST LEAD SECONDARY SCHOOL
S.6339,DORCAS SECONDARY SCHOOL
S.6340,KIWALANI SECONDARY SCHOOL
S.6341,KIPUNGUNI SECONDARY SCHOOL
S.6342,KAZAURA SECONDARY SCHOOL
S.6344,CHRIFFA SECONDARY SCHOOL
S.6346,KENASKY SECONDARY SCHOOL
S.6352,LUHIMBA SECONDARY SCHOOL
S.6353,GOOD HOPE ELLY'S SECONDARY SCHOOL
S.6354,DKT. YOHANA BALELE SECONDARY SCHOOL
S.6355,KATENGA SECONDARY SCHOOL
S.6356,KISESA GEITA SECONDARY SCHOOL
S.6357,BOMBAMBILI GEITA SECONDARY SCHOOL
S.6358,ISTIQAAMA TABORA SECONDARY SCHOOL
S.6359,BELIEVE EXCELLENCE SECONDARY SCHOOL
S.6360,GREEN LANE SECONDARY SCHOOL
S.6361,KISARAWE SECONDARY SCHOOL
S.6362,MAJALIWA SECONDARY SCHOOL
S.6363,DAKAWA MAZOEZI SECONDARY SCHOOL
S.6364,TUNDUMA TC SECONDARY SCHOOL
S.6365,MWASHIWAWALA SECONDARY SCHOOL
S.6366,MTUNENEE SECONDARY SCHOOL
S.6367,DANIEL CHONGOLO SECONDARY SCHOOL
S.6368,LITTLE WAYS SECONDARY SCHOOL
S.6369,RUVUMA LUTHERAN SECONDARY SCHOOL
S.6370,ST. MARIA GIRLS' SECONDARY SCHOOL
S.6371,MICHAEL TARIMO SECONDARY SCHOOL
S.6372,GRASSLAND SECONDARY SCHOOL
S.6373,MICHAEL JACKSON SECONDARY SCHOOL
S.6374,MPANDE SECONDARY SCHOOL
S.6375,UWANJANI SECONDARY SCHOOL
S.6376,ST. RITA SECONDARY SCHOOL
S.6377,AFRICA AMINI SECONDARY SCHOOL
S.6378,GREEN STAR SECONDARY SCHOOL
S.6379,SAO-HILL SECONDARY SCHOOL
S.6380,UPANGWA SECONDARY SCHOOL
S.6382,ROSALIA SECONDARY SCHOOL
S.6383,PREMIER BOYS' SECONDARY SCHOOL
S.6387,KATINDIUKA SECONDARY SCHOOL
S.6388,LUNGONGOLE SECONDARY SCHOOL
S.6389,KALUNGA SECONDARY SCHOOL
S.6390,MAHUTANGA SECONDARY SCHOOL
S.6391,MBASA SECONDARY SCHOOL
S.6392,ABUBAKARI ASENGA SECONDARY SCHOOL
S.6393,KIKOTA SECONDARY SCHOOL
S.6394,MITUMBATI SECONDARY SCHOOL
S.6395,MUGAJWALE SECONDARY SCHOOL
S.6396,RUKOMA SECONDARY SCHOOL
S.6397,MWAMKULU SECONDARY SCHOOL
S.6398,LYAMBA SECONDARY SCHOOL
S.6399,DKT. MPANGO SECONDARY SCHOOL
S.6400,KAKONKO GIRLS' SECONDARY SCHOOL
S.6401,UNGA LIMITED SECONDARY SCHOOL
S.6402,KALIMAJI SECONDARY SCHOOL
S.6403,IKAMBI SECONDARY SCHOOL
S.6404,TIMOTHEO MZAVA SECONDARY SCHOOL
S.6405,KAIMLETT MEMORIAL SECONDARY SCHOOL
S.6406,IVWANGA SECONDARY SCHOOL
S.6407,LUPEMBELWASENGA SECONDARY SCHOOL
S.6408,ITAGANO SECONDARY SCHOOL
S.6409,DR TULIA ACKSON SECONDARY SCHOOL
S.6410,MPANGA KIPENGERE SECONDARY SCHOOL
S.6411,IZUMACHELI SECONDARY SCHOOL
S.6412,UHENGA SECONDARY SCHOOL
S.6413,SEME MOTHERLAND SECONDARY SCHOOL
S.6414,MALUNGA SECONDARY SCHOOL
S.6415,ANDERSON MSUMBA SECONDARY SCHOOL
S.6416,UMMY MWALIMU SECONDARY SCHOOL
S.6419,ROYAL FAMILY SECONDARY SCHOOL
S.6420,KYOBO SECONDARY SCHOOL
S.6421,KITUMBO SECONDARY SCHOOL
S.6422,CHATEMBO SECONDARY SCHOOL
S.6423,KAZOLE SECONDARY SCHOOL
S.6424,OLD AIRPORT SECONDARY SCHOOL
S.6425,MBUYUNI MODERN SECONDARY SCHOOL
S.6426,UKEREWE SECONDARY SCHOOL
S.6427,KAMISHANGO SECONDARY SCHOOL
S.6428,RULAMA SECONDARY SCHOOL
S.6429,RWAKAHOZA SECONDARY SCHOOL
S.6430,IKUZA SECONDARY SCHOOL
S.6431,BUKAMAGE SECONDARY SCHOOL
S.6432,BUKUNGU SECONDARY SCHOOL
S.6433,KITEME SECONDARY SCHOOL
S.6434,KYEBITEMBE SECONDARY SCHOOL
S.6435,DR. OSCAR KIKOYO SECONDARY SCHOOL
S.6436,NGORIKA SECONDARY SCHOOL
S.6437,MAZINGA SECONDARY SCHOOL
S.6438,UKOMBOZI UMC SECONDARY SCHOOL
S.6444,SONGORO MNYONGE SECONDARY SCHOOL
S.6445,ST. JACOBUS TECHNICAL AND AGRICULTURAL SCIENCE
S.6446,ISIKE SECONDARY SCHOOL
S.6447,KASENGA SECONDARY SCHOOL
S.6448,MATOGOLO SECONDARY SCHOOL
S.6449,RUNYAGA SECONDARY SCHOOL
S.6450,NYAMBITI SECONDARY SCHOOL
S.6451,BASHUNGWA SECONDARY SCHOOL
S.6452,NYAKATORO SECONDARY SCHOOL
S.6453,BUSHANGARO SECONDARY SCHOOL
S.6454,SEMAZINA SECONDARY SCHOOL
S.6455,KANYINDO SECONDARY SCHOOL
S.6456,KIBUMBA SECONDARY SCHOOL
S.6458,MLUMBE SECONDARY SCHOOL
S.6459,SONGWE GIRLS' SECONDARY SCHOOL
S.6460,NKUNGULU SECONDARY SCHOOL
S.6461,KILINDA SECONDARY SCHOOL
S.6462,MAMA KALEMBE SECONDARY SCHOOL
S.6463,KIFUNDA SECONDARY SCHOOL
S.6464,NDEMBO SECONDARY SCHOOL
S.6467,MOUNT KOMBAGULU SECONDARY SCHOOL
S.6468,KASIMA SECONDARY SCHOOL
S.6469,IYAWAYA SECONDARY SCHOOL
S.6470,KAGUNGA SECONDARY SCHOOL
S.6471,MZIHA SECONDARY SCHOOL
S.6472,KILIMANJARO SECONDARY SCHOOL
S.6473,PEMBA SECONDARY SCHOOL
S.6474,KIZIBA SECONDARY SCHOOL
S.6475,DR. KALEMANI SECONDARY SCHOOL
S.6476,NIANJEMA SECONDARY SCHOOL
S.6477,SHUSHILA LADWA SECONDARY SCHOOL
S.6478,NYAKITUNDU SECONDARY SCHOOL
S.6479,KAPHUNYA SECONDARY SCHOOL
S.6480,IKONDA SECONDARY SCHOOL
S.6481,MKALAMA SECONDARY SCHOOL
S.6482,MAKABE SECONDARY SCHOOL
S.6483,NJOGE SECONDARY SCHOOL
S.6484,CHAMKOROMA SECONDARY SCHOOL
S.6485,WHITE ZUBERI SECONDARY SCHOOL
S.6486,KIBAIGWA GIRLS' SECONDARY SCHOOL
S.6487,CHITEGO SECONDARY SCHOOL
S.6488,JOB NDUGAI SECONDARY SCHOOL
S.6489,EMAUS SECONDARY SCHOOL
S.6490,ZIADA SECONDARY SCHOOL
S.6491,ST. IGNATIUS OF LOYOLA  SECONDARY SCHOOL
S.6492,NYAWILE SECONDARY SCHOOL
S.6493,NDULUNGU SECONDARY SCHOOL
S.6494,JANETH MAGUFULI GIRLS' SECONDARY SCHOOL
S.6495,MUUNGANO BOYS' SECONDARY SCHOOL
S.6496,KWABADA SECONDARY SCHOOL
S.6497,KWEMBAGO SECONDARY SCHOOL
S.6498,IKULU SECONDARY SCHOOL
S.6499,MWAKILIMA SECONDARY SCHOOL
S.6500,NJISI SECONDARY SCHOOL
S.6501,SHABAHA SECONDARY SCHOOL
S.6502,FAZILIBUCHA SECONDARY SCHOOL
S.6503,KABUHIMA SECONDARY SCHOOL
S.6504,MTAKUJA GEITA SECONDARY SCHOOL
S.6505,NYAKATO GEITA SECONDARY SCHOOL
S.6506,MIRUMBA SECONDARY SCHOOL
S.6508,BUKOMELA SECONDARY SCHOOL
S.6509,BONDE SECONDARY SCHOOL
S.6510,IMBASENI SECONDARY SCHOOL
S.6511,SHAMBARAI BURKA SECONDARY SCHOOL
S.6512,KOMUGE SECONDARY SCHOOL
S.6513,NYANG'OMBE SECONDARY SCHOOL
S.6514,NAMALAJI SECONDARY SCHOOL
S.6515,SEELA SECONDARY SCHOOL
S.6516,NG'ANZO SECONDARY SCHOOL
S.6517,KISWAGA SECONDARY SCHOOL
S.6518,NKUNGWE SECONDARY SCHOOL
S.6519,NYANTIMBA SECONDARY SCHOOL
S.6520,CHIEF LUKUMBUZYA SECONDARY SCHOOL
S.6521,PANGANI HALISI SECONDARY SCHOOL
S.6522,SUMBAWANGA ISTIQAAMA SECONDARY SCHOOL
S.6524,ILININDA SECONDARY SCHOOL
S.6525,MAZIMBU SECONDARY SCHOOL
S.6526,MABASIMI SECONDARY SCHOOL
S.6527,NYANGABO SECONDARY SCHOOL
S.6528,KIDUGALA DAY SECONDARY SCHOOL
S.6529,SYMPONIA SECONDARY SCHOOL
S.6530,NYAMWAGE SECONDARY SCHOOL
S.6531,BUKWAYA SECONDARY SCHOOL
S.6532,TANGA AMANI SECONDARY SCHOOL
S.6533,ISITA SECONDARY SCHOOL
S.6534,GOODWILL NOVELLUS SECONDARY SCHOOL
S.6535,MSISIMA SECONDARY SCHOOL
S.6536,CHIWACHIWA SECONDARY SCHOOL
S.6537,IKULE SECONDARY SCHOOL
S.6538,MATEMA SECONDARY SCHOOL
S.6539,MIEMBENI GIRLS' SECONDARY SCHOOL
S.6540,MERERA SECONDARY SCHOOL
S.6541,MARGARET SITTA GIRLS' SECONDARY SCHOOL
S.6542,FULWE SECONDARY SCHOOL
S.6543,SEIF GULAMALI SECONDARY SCHOOL
S.6544,UGAKA SECONDARY SCHOOL
S.6545,NSALALA SECONDARY SCHOOL
S.6546,IGALULA MINING SECONDARY SCHOOL
S.6547,KOLOLI SECONDARY SCHOOL
S.6552,VENANCE MABEYO SECONDARY SCHOOL
S.6553,SR. PAULIN BOMMER GIRLS' SECONDARY SCHOOL
S.6554,MARUMBA KASULU SECONDARY SCHOOL
S.6555,MWANGA KASULU SECONDARY SCHOOL
S.6556,MALOWE SECONDARY SCHOOL
S.6557,KILOSAMPEPO SECONDARY SCHOOL
S.6558,NJIWA SECONDARY SCHOOL
S.6559,NYAMHONGOLO SECONDARY SCHOOL
S.6560,SEMBA SECONDARY SCHOOL
S.6561,IGOGWE SECONDARY SCHOOL
S.6562,GININIGA SECONDARY SCHOOL
S.6563,MSUNJULILE SECONDARY SCHOOL
S.6564,LENJULU SECONDARY SCHOOL
S.6565,IMALAMATE SECONDARY SCHOOL
S.6566,NYISANZI SECONDARY SCHOOL
S.6567,MAGRETHMARY SECONDARY SCHOOL
S.6568,RUVU DARAJANI SECONDARY SCHOOL
S.6569,KOLWA SECONDARY SCHOOL
S.6570,MERU SECONDARY SCHOOL
S.6571,AMSHA SECONDARY SCHOOL
S.6572,SAMARIA BONDENI SECONDARY SCHOOL
S.6573,MSOMELA SECONDARY SCHOOL
S.6574,MSANDAKA SECONDARY SCHOOL
S.6575,RWABWERE SECONDARY SCHOOL
S.6576,EDWARD FUMBWE SECONDARY SCHOOL
S.6577,BUGARA SECONDARY SCHOOL
S.6578,KAKANJA SECONDARY SCHOOL
S.6579,BUZURUGA SECONDARY SCHOOL
S.6580,MTEULE SECONDARY SCHOOL
S.6582,ITALE-CHATO SECONDARY SCHOOL
S.6583,BLESSING SECONDARY SCHOOL
S.6584,NURTURY SECONDARY SCHOOL
S.6586,RUGWA BOYS' SECONDARY SCHOOL
S.6591,MKUNDI MLIMANI SECONDARY SCHOOL
S.6592,CATHY HAMMER SECONDARY SCHOOL
S.6593,TUNGI ESTATE SECONDARY SCHOOL
S.6594,DR. NKULLO SECONDARY SCHOOL
S.6595,MKAMA SECONDARY SCHOOL
S.6596,MTEMI CHILOLOMA SECONDARY SCHOOL
S.6597,MAKILAWA SECONDARY SCHOOL
S.6598,BANGULO SECONDARY SCHOOL
S.6599,MOSSI MATONGO SECONDARY SCHOOL
S.6602,KALAMBO GIRLS SECONDARY SCHOOL
S.6603,KISHURO SECONDARY SCHOOL
S.6604,STAR REACHERS GIRLS' AND BOYS' SECONDARY SCHOOL
S.6605,VISIONARY SECONDARY SCHOOL
S.6606,NELSON MEMORIAL SECONDARY SCHOOL
S.6607,QUEEN OF AFRICA SECONDARY SCHOOL
S.6608,KASOTA SECONDARY SCHOOL
S.6612,BEREGA SECONDARY SCHOOL
S.6613,BUYOGA SECONDARY SCHOOL
S.6614,NYAMBOGO SECONDARY SCHOOL
S.6615,BAHI 'B' SECONDARY SCHOOL
S.6616,MPINGA SECONDARY SCHOOL
S.6617,CHAMLINDIMA SECONDARY SCHOOL
S.6618,NYAMTUKUZANHWIGA SECONDARY SCHOOL
S.6619,MAFUMBO SECONDARY SCHOOL
S.6620,KASESE SECONDARY SCHOOL
S.6621,NYABULANDA SECONDARY SCHOOL
S.6622,BUPIGI  SECONDARY SCHOOL
S.6623,MUSHABAGO SECONDARY SCHOOL
S.6624,BURIGI SECONDARY SCHOOL
S.6625,TEMEKE MASASI SECONDARY SCHOOL
S.6626,LUKOBE JUU SECONDARY SCHOOL
S.6627,MINDU BWAWANI SECONDARY SCHOOL
S.6628,NYAMAKOKOTO SECONDARY SCHOOL
S.6629,KITAHANA SECONDARY SCHOOL
S.6630,LUHIRA SECONDARY SCHOOL
S.6631,BRIGHT AFRICAN SECONDARY SCHOOL
S.6632,DOVYA SECONDARY SCHOOL
S.6633,CHEWE SECONDARY SCHOOL
S.6634,SAMILUNGA SECONDARY SCHOOL
S.6635,NJIAPANDA SECONDARY SCHOOL
S.6636,KISUBIU SECONDARY SCHOOL
S.6638,KUMSENGA SECONDARY SCHOOL
S.6639,ULEDI SECONDARY SCHOOL
S.6640,MANAWA SECONDARY SCHOOL
S.6641,MUHAMBWE SECONDARY SCHOOL
S.6642,KILYABOYA SECONDARY SCHOOL
S.6643,MALEZI SECONDARY SCHOOL
S.6644,LUALAJE SECONDARY SCHOOL
S.6645,KATUULA SECONDARY SCHOOL
S.6646,BUSANGWA SECONDARY SCHOOL
S.6647,MWAMANIMBA SECONDARY SCHOOL
S.6648,KIMOBWA SECONDARY SCHOOL
S.6649,MASALINGE SECONDARY SCHOOL
S.6650,ISENGWA SECONDARY SCHOOL
S.6651,MWASHATA SECONDARY SCHOOL
S.6652,DEUS SANGU SECONDARY SCHOOL
S.6653,KILANGALA SECONDARY SCHOOL
S.6654,ZAINABU TELACK SECONDARY SCHOOL
S.6655,KONANNE SECONDARY SCHOOL
S.6656,USENYE SECONDARY SCHOOL
S.6657,MNYETI SECONDARY SCHOOL
S.6658,MPETA  SECONDARY SCHOOL
S.6659,CHIEF ILAGO SECONDARY SCHOOL
S.6660,OLOMITU SECONDARY SCHOOL
S.6661,NEW MANAWA SECONDARY SCHOOL
S.6662,KIUTU SECONDARY SCHOOL
S.6663,MASHIMBA SECONDARY SCHOOL
S.6664,NYONGO SECONDARY SCHOOL
S.6665,ANNA LUPEMBE SECONDARY SCHOOL
S.6666,MKASO SECONDARY SCHOOL
S.6667,TURA DAY SECONDARY SCHOOL
S.6668,KITANDI SECONDARY SCHOOL
S.6669,NHOBORA SECONDARY SCHOOL
S.6670,KEIKEI SECONDARY SCHOOL
S.6671,MPANYANI SECONDARY SCHOOL
S.6672,KAGONGWA SECONDARY SCHOOL
S.6673,KAMUGEGI SECONDARY SCHOOL
S.6674,JERRY MWAGA SECONDARY SCHOOL
S.6675,NYUMBIGWA MPYA SECONDARY SCHOOL
S.6676,CHIEF NSORO SECONDARY SCHOOL
S.6677,LUNYANYWI SECONDARY SCHOOL
S.6678,RUANGWA GIRLS' SECONDARY SCHOOL
S.6679,KIGERA MWIYALE SECONDARY SCHOOL
S.6680,SAMIA SULUHU HASSAN SECONDARY SCHOOL
S.6681,MBWEMKURU SECONDARY SCHOOL
S.6682,KWANYAMA SECONDARY SCHOOL
S.6683,LITEHU MODERN SECONDARY SCHOOL
S.6684,MNDUMBWE SECONDARY SCHOOL
S.6685,NGOME SECONDARY SCHOOL
S.6686,MIKOMA SECONDARY SCHOOL
S.6687,UHAMAKA SECONDARY SCHOOL
S.6688,LUDEWA KWANZA SECONDARY SCHOOL
S.6689,KAWALYOWA SECONDARY SCHOOL
S.6690,LUBONDE SECONDARY SCHOOL
S.6691,MATETEREKA SECONDARY SCHOOL
S.6692,JOSEPH MHAGAMA SECONDARY SCHOOL
S.6693,NYAHUA SECONDARY SCHOOL
S.6694,IBONDO SECONDARY SCHOOL
S.6695,IMAMU ALI SECONDARY SCHOOL
S.6696,AMMAR SECONDARY SCHOOL
S.6697,CARMEL GIRLS' SECONDARY SCHOOL
S.6698,PRECIOUS SECONDARY SCHOOL
S.6699,CAPITAL SECONDARY SCHOOL
S.6700,KIZENGA SECONDARY SCHOOL
S.6701,GIBISHI SECONDARY SCHOOL
S.6702,ILEJE GIRLS' SECONDARY SCHOOL
S.6703,BULEMBO SECONDARY SCHOOL
S.6704,LIPUMBURU SECONDARY SCHOOL
S.6705,SOMANGA SECONDARY SCHOOL
S.6706,NGUNICHILE SECONDARY SCHOOL
S.6707,MANGIRIKITI SEONDARY SCHOOL
S.6708,CHIPONDA SECONDARY SCHOOL
S.6709,SAMIA SULUHU SECONDARY SCHOOL
S.6710,NAISHERO SECONDARY SCHOOL
S.6711,KITEMBEI SECONDARY SCHOOL
S.6712,MWAMBAO KIVINJA SECONDARY SCHOOL
S.6713,LUBUKA SECONDARY SCHOOL
S.6714,MBUTU NZEGA SECONDARY SCHOOL
S.6715,MAJALILA SECONDARY SCHOOL
S.6716,MALUJA SECONDARY SCHOOL
S.6718,MAKONDEKO SECONDARY SCHOOL
S.6719,LIKOMBE SECONDARY SCHOOL
S.6720,NAKAHAKO SECONDARY SCHOOL
S.6721,KITWAI SECONDARY SCHOOL
S.6722,IFULIFU SECONDARY SCHOOL
S.6723,KASISI SECONDARY SCHOOL
S.6724,SARAME SECONDARY SCHOOL
S.6725,BWAI SECONDARY SCHOOL
S.6726,ICHENJEZYA SECONDARY SCHOOL
S.6727,NAMBALA SECONDARY SCHOOL
S.6728,NSENYA SECONDARY SCHOOL
S.6729,HASANGA SECONDARY SCHOOL
S.6730,GALIGALI SECONDARY SCHOOL
S.6731,NG'HAMBI SECONDARY SCHOOL
S.6732,IWONDO SECONDARY SCHOOL
S.6733,CHITEMO SECONDARY SCHOOL
S.6734,GULWE SECONDARY SCHOOL
S.6735,LUMUMA GREEN SECONDARY SCHOOL
S.6736,KAMSISI SECONDARY SCHOOL
S.6737,MKUNWA SECONDARY SCHOOL
S.6738,NAMTUMBUKA SECONDARY SCHOOL
S.6739,CHEREHANI SECONDARY SCHOOL
S.6740,ELIAS KWANDIKWA SECONDARY SCHOOL
S.6741,MCHONJOE SECONDARY SCHOOL
S.6742,MWAMAPULI SECONDARY SCHOOL
S.6743,TUNDWI SONGANI SECONDARY SCHOOL
S.6744,MIZANI SECONDARY SCHOOL
S.6745,EDWARD OLELEKAITA SECONDARY SCHOOL
S.6746,NASA MATUI SECONDARY SCHOOL
S.6747,HIMITI SECONDARY SCHOOL
S.6748,CHILENGWE SECONDARY SCHOOL
S.6749,MARIAN BOY'S MLINGOTINI SECONDARY SCHOOL
S.6750,JISESA SECONDARY SCHOOL
S.6751,SHEKILINDI SEKONDARY SCHOOL
S.6752,MLALO KAYA SECONDARY SCHOOL
S.6753,KIZUKA HILLS SECONDARY SCHOOL
S.6754,RASHIDI KAWAWA SECONDARY SCHOOL
S.6758,JOHNSON EXCELLENCY SECONDARY SCHOOL
S.6759,ISAIAH SAMARITAN SECONDARY SCHOOL
S.6760,HARVARD EAST AFRICA SECONDARY SCHOOL
S.6761,MAKOSE SECONDARY SCHOOL
S.6762,STARON SECONDARY SCHOOL
S.6763,BUKAMILA SECONDARY SCHOOL
S.6764,MAKETE SECONDARY SCHOOL
S.6765,NYASARICHO SECONDARY SCHOOL
S.6766,MKIMBII SECONDARY SCHOOL
S.6767,KAKUMBI SECONDARY SCHOOL
S.6768,DKT. SAMIA SULUHU HASSAN GIRLS SECONDARY SCHOOL
S.6769,MAGU MJINI SECONDARY SCHOOL
S.6770,KITONGO SECONDARY SCHOOL
S.6771,MWILAMVYA MPYA SECONDARY SCHOOL
S.6772,NHINHI SECONDARY SCHOOL
S.6773,ZAJILWA SECONDARY SCHOOL
S.6774,MLENGE SECONDARY SCHOOL
S.6775,MMALE SECONDARY SCHOOL
S.6776,LUBELE SECONDARY SCHOOL
S.6777,IZIWA SECONDARY SCHOOL
S.6778,PARAMAWE SECONDARY SCHOOL
S.6779,BONDENI A  SECONDARY SCHOOL
S.6780,ITETE BEACH SECONDARY SCHOOL
S.6781,KAMUGANZA SECONDARY SCHOOL
S.6782,PHILIPO MULUGO SECONDARY SCHOOL
S.6783,MUFINDI SECONDARY SCHOOL
S.6784,NGWAZI SECONDARY SCHOOL
S.6785,ISAKALILO SECONDARY SCHOOL
S.6786,MCHENGERWA SECONDARY SCHOOL
S.6787,HILLSIDE SECONDARY SCHOOL
S.6788,CHURUKU SECONDARY SCHOOL
S.6789,CHISUNGA SECONDARY SCHOOL
S.6790,MANGI WINGIA  SECONDARY SCHOOL
S.6791,BUKIRA SECONDARY SCHOOL
S.6792,SHINYANGA GIRLS  SECONDARY SCHOOL
S.6793,IKANA SECONDARY SCHOOL
S.6794,BUNIGONZI SECONDARY SCHOOL
S.6795,LUBAGA  SECONDARY SCHOOL
S.6797,NYABAKAMBA SECONDARY SCHOOL
S.6798,MATUNDA  SECONDARY SCHOOL
S.6799,KISANGIRE SECONDARY SCHOOL
S.6800,LUFITA SECONDARY SCHOOL
S.6801,ALMAS MAIGE  SECONDARY SCHOOL
S.6802,MWAMAKONA SECONDARY SCHOOL
S.6803,MAGUHA SECONDARY SCHOOL
S.6804,MHENDA SECONDARY SCHOOL
S.6805,MSAKUZI SECONDARY SCHOOL
S.6806,PANGAWE SECONDARY SCHOOL
S.6807,LINDI GIRLS SECONDARY SCHOOL
S.6808,MKENGWA SECONDARY SCHOOL
S.6809,NYAKAGWE SECONDARY SCHOOL
S.6810,BUZANAKI SECONDARY SCHOOL
S.6811,UJAMAA SECONDARY SCHOOL
S.6812,LWENAZI SECONDARY SCHOOL
S.6813,MUNEKEZI SECONDARY SCHOOL
S.6814,INYALA SECONDARY SCHOOL
S.6815,SALAGULWA SECONDARY SCHOOL
S.6816,MSASA SECONDARY SCHOOL
S.6817,NYAMALELE SECONDARY SCHOOL
S.6818,MGUNGA SECONDARY SCHOOL
S.6819,CHANKUNGU SECONDARY SCHOOL
S.6820,SAMIA GIRLS' SECONDARY SCHOOL
S.6821,DKT. MSONDE-MICHUNGWANI SECONDARY SCHOOL
S.6822,KUNGU SECONDARY SCHOOL
S.6823,MAJIMAJI SECONDARY SCHOOL
S.6824,MPAKATE SECONDARY SCHOOL
S.6825,NYANSALALA SECONDARY SCHOOL
S.6826,MOROTONGA SECONDARY SCHOOL
S.6827,FULANO SECONDARY SCHOOL
S.6828,NTINACHI SECONDARY SCHOOL
S.6829,NYABALASANA SECONDARY SCHOOL
S.6830,NYALUBANGA SECONDARY SCHOOL
S.6831,MSOGEZI SECONDARY SCHOOL
S.6832,MNDEME SECONDARY SCHOOL
S.6833,MKOLANI GEITA SECONDARY SCHOOL
S.6834,KIBISI SECONDARY SCHOOL
S.6835,MJELE SECONDARY SCHOOL
S.6836,BULENGAHASI SECONDARY SCHOOL
S.6837,LAHODA SECONDARY SCHOOL
S.6838,ISIMA SECONDARY SCHOOL
S.6839,NTONO SECONDARY SCHOOL
S.6840,IBONDO CHATO SECONDARY SCHOOL
S.6841,NZERA SECONDARY SCHOOL
S.6842,SASILO SECONDARY SCHOOL
S.6843,NDEWELE SECONDARY SCHOOL
S.6844,SARANDA SECONDARY SCHOOL
S.6845,DR. SELEMAN JAFO SECONDARY SCHOOL
S.6846,JUMAA AWESO  SECONDARY SCHOOL
S.6847,LESHATA SEKONDARY SCHOOL
S.6848,MUHALALA SECONDARY SCHOOL
S.6849,SHAIBU NDEMANGA SECONDARY SCHOOL
S.6850,PHILEMON LUHANJO SECONDARY SCHOOL
S.6851,MESERANI SECONDARY SCHOOL
S.6852,CHIFU MERERE SECONDARY SCHOOL
S.6853,NDEKAI SECONDARY SCHOOL
S.6854,MSWAKINI SECONDARY SCHOOL
S.6855,BUBAKO SECONDARY SCHOOL
S.6856,MIJELEJELE SECONDARY SCHOOL
S.6857,UPOLO SECONDARY SCHOOL
S.6858,ENDAHAGICHANI SECONDARY SCHOOL
S.6859,KOKA SECONDARY SCHOOL
S.6860,VIZIWAZIWA SECONDARY SCHOOL
S.6861,KIVISINI  SECONDARY SCHOOL
S.6862,MISUGUSUGU SECONDARY SCHOOL
S.6863,DAGENO SECONDARY SCHOOL
S.6864,KALAGHE SECONDARY SCHOOL
S.6865,TUMAINI JIPYA GIRLS' SECONDARY SCHOOL
S.6866,KITOBO SECONDARY SCHOOL
S.6867,MPAMAA SECONDARY SCHOOL
S.6868,NEW BAGAMOYO SECONDARY SCHOOL
S.6869,SEKOUTOURE SECONDARY SCHOOL
S.6870,BISHOP  ARNOLD COTEY LUKULEDI GIRLS SEC SCHOOL
S.6872,MELELA MPYA SECONDARY SCHOOL
S.6873,HOMBOZA SECONDARY SCHOOL
S.6874,LIWUNDI SECONDARY SCHOOL
S.6875,JIBONDO SECONDARY SCHOOL
S.6877,TURKISH MAARIF DAR ES SALAAM SECONDARY SCHOOL
S.6878,KILIMANJARO SPRINGS SECONDARY SCHOOL
S.6879,ARCHBISHOP   RUZOKA SECONDARY SCHOOL
S.6880,SHINJI SECONDARY SCHOOL
S.6881,HONEST SECONDARY SCHOOL
S.6882,UFUNGILO SECONDARY SCHOOL
S.6883,SANUBARAY SECONDARY SCHOOL
S.6884,BUYANGE SECONDARY SCHOOL
S.6885,KUMBUKUMBU SECONDARY SCHOOL
S.6886,GODWINI GONDWE SECONDARY SCHOOL
S.6887,KIKONGO SECONDARY SCHOOL
S.6888,MILALAZI SECONDARY SCHOOL
S.6890,ZANKONA SECONDARY SCHOOL
S.6893,IKONDO DAY SECONDARY SCHOOL
S.6894,CHIEF SARJA SECONDARY SCHOOL
S.6895,ISHPONGA SECONDARY SCHOOL
S.6896,KINGILI SECONDARY SCHOOL
S.6897,LOHUMBO SECONDARY SCHOOL
S.6898,MHANGU SECONDARY SCHOOL
S.6899,IGALAMYA SECONDARY SCHOOL
S.6900,SOLWA B SECONDARY SCHOOL
S.6901,IKINDA SECONDARY SCHOOL
S.6902,BUSINDI SECONDARY SCHOOL
S.6903,LUSONGA SECONDARY SCHOOL
S.6904,KIGALYE SECONDARY SCHOOL
S.6905,ST. BERNARD GIRLS' SECONDARY SCHOOL
S.6908,FULL GOSPEL SECONDARY SCHOOL
S.6909,BUSINDE MPYA SECONDARY SCHOOL
S.6910,IBINDI SECONDARY SCHOOL
S.6911,IGATE SECONDARY SCHOOL
S.6912,MAGAONI SECONDARY SCHOOL
S.6914,MANOFU SECONDARY SCHOOL
S.6915,AHMES MBWENI SECONDARY SCHOOL
S.6916,KIZUMBI HILL SECONDARY SCHOOL
S.6917,LUKATA SECONDARY SCHOOL
S.6918,MSASANI ONE SECONDARY SCHOOL
S.6919,LUHARANYONGA SECONDARY SCHOOL
S.6920,MSIMBA DAY SECONDARY SCHOOL
S.6921,IHANDAUMOJA SECONDARY SCHOOL
S.6922,IHEFU SECONDARY SCHOOL
S.6923,KYERWA MODERN SECONDARY SCHOOL
S.6924,MIKA SECONDARY SCHOOL
S.6925,RWANG'ENYI SECONDARY SCHOOL
S.6926,MWANTUNDU SECONDARY SCHOOL
S.6927,BITIMANYANGA SECONDARY SCHOOL
S.6928,MASENHA SECONDARY SCHOOL
S.6929,BENAYA SECONDARY SCHOOL
S.6930,NGUZO SECONDARY SCHOOL
S.6931,KIBUKO SECONDARY SCHOOL
S.6932,CHARTUR SECONDARY SCHOOL
S.6933,ILANGALE SECONDARY SCHOOL
S.6934,DR.MWIGULU NCHEMBA SECONDARY SCHOOL
S.6935,KASHELO SECONDARY SCHOOL
S.6936,BUGANZU SECONDARY SCHOOL
S.6937,BUGELENGA SECONDARY SCHOOL
S.6939,AESHI SECONDARY SCHOOL
S.6940,IKUZI SECONDARY SCHOOL
S.6941,SILOKA SECONDARY SCHOOL
S.6943,NYENGE SECONDARY SCHOOL
S.6944,KIDAWENDUI SECONDARY SCHOOL
S.6945,AMOS MAKALLA SECONDARY SCHOOL
S.6946,BITARE SECONDARY SCHOOL
S.6947,KIGINA SECONDARY SCHOOL
S.6948,MUKABUYE SECONDARY SCHOOL
S.6949,NABUHIMA SECONDARY SCHOOL
S.6951,KITISI SECONDARY SCHOOL
S.6952,KAMALAMPAKA SECONDARY SCHOOL
S.6953,SAID NKUMBA SECONDARY SCHOOL
S.6954,KAZILAMUYAYE  SECONDARY SCHOOL
S.6955,SUNSI SECONDARY SCHOOL
S.6956,JARIBU SECONDARY SCHOOL
S.6957,KARUKEKERE SECONDARY SCHOOL
S.6958,DON CARLO'S CHIKOPELO  SECONDARY SCHOOL
S.6959,ALOYCEOUS SECONDARY SCHOOL
S.6960,ISTIQAAMA NZEGA SECONDARY SCHOOL
S.6961,AYALABE SECONDARY SCHOOL
S.6962,USIMBILI SECONDARY SCHOOL
S.6963,IHENGA SECONDARY SCHOOL
S.6964,MAHARU SECONDARY SCHOOL
S.6965,MTEMI BEDA SECONDARY SCHOOL
S.6966,CARING HANDS SECONDARY SCHOOL
S.6967,DR. SAMIA S. H SECONDARY SCHOOL
S.6968,OLTEPES KILIMO SECONDARY SCHOOL
S.6969,MOMA SECONDARY SCHOOL
S.6973,ST. URSULA MTUMBA GIRLS SECONDARY SCHOOL
S.6974,MLIMANI ASILI SECONDARY SCHOOL
S.6975,MALUGA SECONDARY SCHOOL
S.6977,NYAKAFULU SECONDARY SCHOOL
S.6978,SALI SEMINARY
S.6980,BWAWANI MJINI SECONDARY SCHOOL
S.6982,INYANGA SECONDARY SCHOOL
S.6983,TIRINA SECONDARY SCHOOL
S.6984,KHADIJA NASSIR ALI SECONDARY SCHOOL
S.6985,DR.SAMIA.S.HASSAN SECONDARY SCHOOL
S.6986,MALIASILI SECONDARY SCHOOL
S.6987,MAGOZA FRANKEN SECONDARY SCHOOL
S.6988,LUGWADU SECONDARY SCHOOL
S.6989,VITA KAWAWA SECONDARY SCHOOL
S.6990,OMURUSHAKA SECONDARY SCHOOL
S.6991,IKORO SECONDARY SCHOOL
S.6992,MAGENA SECONDARY SCHOOL
S.6993,IGEKEMAJA SECONDARY SCHOOL
S.6994,MABUKULA SECONDARY SCHOOL
S.6995,MUMANGI SECONDARY SCHOOL
S.6996,NYANGUSA SECONDARY SCHOOL
S.7001,BUGENDI SECONDARY SCHOOL
S.7002,UZEGA SECONDARY SCHOOL
S.7003,BLUESKY SECONDARY SCHOOL
S.7004,ISHOZI SACRED HEART SECONDARY SCHOOL
S.7005,HANEZYE TECHNICAL SECONDARY SCHOOL
S.7006,NOAH AGRO FORESTRY SECONDARY SCHOOL
S.7007,BISHOP KIBIRA SECONDARY SCHOOL
S.7009,SANZATE SECONDARY SCHOOL
S.7010,KATUNDU SECONDARY SCHOOL
S.7011,MWAMAGEMBE SECONDARY SCHOOL
S.7012,KITARAKA SECONDARY SCHOOL
S.7013,SIHA ONE SECONDARY SCHOOL
S.7014,BUGIRE SECONDARY SCHOOL
S.7015,MAKURUNGE COAST SECONDARY SCHOOL
S.7016,DODA SECONDARY SCHOOL
S.7017,KWEKUYU SECONDARY SCHOOL
S.7018,J. NYAMOGA SECONDARY SCHOOL
S.7019,MLANDO SECONDARY SCHOOL
S.7020,STANLEY MBOGWE SECONDARY SCHOOL
S.7021,MSOLWA STATION SECONDARY SCHOOL
S.7022,KIPOTE SECONDARY SCHOOL
S.7023,KILIMAHEWA DAY SECONDARY SCHOOL
S.7024,BIBI TITI MOHAMED SECONDARY SCHOOL
S.7025,DHAHABU SECONDARY SCHOOL
S.7026,MWANZO SECONDARY SCHOOL
S.7027,KASHEKU SECONDARY SCHOOL
S.7028,MWADUI LOHUMBO SECONDARY SCHOOL
S.7029,UFIPA SECONDARY SCHOOL
S.7030,AL-AQABAH SECONDARY SCHOOL
S.7032,MWANZA GIRLS SECONDARY SCHOOL
S.7033,MRITO SECONDARY SCHOOL
S.7034,JAKAYA MRISHO KIKWETE SECONDARY SCHOOL
S.7035,RIDHIWANI KIKWETE SECONDARY SCHOOL
S.7036,MAKUTUPORA HILLS SECONDARY SCHOOL
S.7038,KATANGA SECONDARY SCHOOL
S.7040,MARTIN DES PORES SECONDARY SCHOOL
S.7043,KYEGI SECONDARY SCHOOL
S.7044,ITIMBO SECONDARY SCHOOL
S.7045,KIMUSI SECONDARY SCHOOL
S.7046,SAGINI SECONDARY SCHOOL
S.7047,ANTASS SECONDARY SCHOOL
S.7048,DAR ES SALAAM GIRLS' SECONDARY SCHOOL
S.7049,SINYA SECONDARY SCHOOL
S.7050,MUNDARARA  SECONDARY SCHOOL
S.7053,KANYAMA SECONDARY SCHOOL
S.7054,SAYUSAYU SECONDARY SCHOOL
S.7055,ST.CLARA DE ASSISI SECONDARY SCHOOL
S.7058,MUBUSORO SECONDARY SCHOOL
S.7059,KIRUMI SECONDARY SCHOOL
S.7060,MWANDUITINJE SECONDARY SCHOOL
S.7061,MPETA B SECONDARY SCHOOL
S.7062,MABALANGA SECONDARY SCHOOL
S.7063,NIMROD MKONO SECONDARY SCHOOL
S.7064,NGUNO SECONDARY SCHOOL
S.7065,NJALU SECONDARY SCHOOL
S.7068,BUGABU SECONDARY SCHOOL
S.7069,MICOLIAN GIRLS SECONDARY SCHOOL
S.7070,NICOPOLIS SECONDARY SCHOOL
S.7071,BRIGHT FUTURE SECONDARY SCHOOL
S.7073,KICHONDA SECONDARY SCHOOL
S.7074,IBANDA ISLAMIC SECONDARY SCHOOL
S.7075,DELELI SECONDARY SCHOOL
S.7076,MANUNGU SECONDARY SCHOOL
S.7077,LIWITI SECONDARY SCHOOL
S.7078,MOIVO SECONDARY SCHOOL
S.7079,KILOLAMBWANI SECONDARY SCHOOL
S.7080,NAMBAWALA SECONDARY SCHOOL
S.7081,AMANDUS CHINGUILE SECONDARY SCHOOL
S.7082,NAPE NNAUYE SECONDARY SCHOOL
S.7083,UGERA SECONDARY SCHOOL
S.7084,SALUNDA SECONDARY SCHOOL
S.7085,KAKOLA SECONDARY SCHOOL
S.7086,BABAYUCHEMBA SECONDARY SCHOOL
S.7087,LUBUNGO SECONDARY SCHOOL
S.7088,NYEREGETE SECONDARY SCHOOL
S.7089,KANULA SECONDARY SCHOOL
S.7090,NYAMBILI NYAMBUNDA SECONDARY SCHOOL
S.7091,HUSSEIN BASHE SECONDARY SCHOOL
S.7092,NDIRIGISHI SECONDARY SCHOOL
S.7093,IHUSI SECONDARY SCHOOL
S.7094,NGILIMBA SECONDARY SCHOOL
S.7095,LANGAI SECONDARY SCHOOL
S.7096,SECHEDA SECONDARY SCHOOL
S.7097,KULIMIMKUYUNI SECONDARY SCHOOL
S.7098,NYAHANGA SECONDARY SCHOOL
S.7099,NHWANDE SECONDARY SCHOOL
S.7100,USIMBA SECONDARY SCHOOL
S.7101,MAKOWO SECONDARY SCHOOL
S.7102,KIGANGAMA SECONDARY SCHOOL
S.7103,KYAMIGEGE SECONDARY SCHOOL
S.7104,VENANT DAUD SECONDARY SCHOOL
S.7105,MBUGAYABANG'HYA SECONDARY SCHOOL
S.7106,MWANHUZI SECONDARY SCHOOL
S.7107,IGEGU SECONDARY SCHOOL
S.7108,MBILA SECONDARY SCHOOL
S.7109,NTAHONDI SECONDARY SCHOOL
S.7110,LUCY LAMECK SECONDARY SCHOOL
S.7111,MSANYILA SECONDARY SCHOOL
S.7112,SHIGONGO SECONDARY SCHOOL
S.7113,ENGAWALET SECONDARY SCHOOL
S.7114,NAMTANA SECONDARY SCHOOL
S.7115,KASSONGO SECONDARY SCHOOL
S.7116,MWABONGOSO SECONDARY SCHOOL
S.7117,MSISI GOLD SECONDARY SCHOOL
S.7118,MWABASABI SECONDARY SCHOOL
S.7119,DAKAMA-MASWA SECONDARY SCHOOL
S.7120,IBANDA 'A' SECONDARY SCHOOL
S.7121,BOLISA SECONDARY SCHOOL
S.7123,MAVUJI SECONDARY SCHOOL
S.7124,CHONGOLO SECONDARY  SCHOOL
S.7125,IFINGO SECONDARY SCHOOL
S.7126,CHIPAKA SECONDARY SCHOOL
S.7127,CHIKUNJA SECONDARY SCHOOL
S.7128,IRAMBA SECONDARY SCHOOL
S.7129,MOTHER MARIE EUGENIE MILLERET SECONDARY SCHOOL
S.7130,MAKALAMENGI SECONDARY SCHOOL
S.7131,LINGATO SECONDARY SCHOOL
S.7132,WERU SECONDARY SCHOOL
S.7133,MBOLIBOLI SECONDARY SCHOOL
S.7134,IMARIKA SECONDARY SCHOOL
S.7135,MKALAMA ONE SECONDARY SCHOOL
S.7136,KAPALANGAO SECONDARY SCHOOL
S.7137,ORMELILI SECONDARY SCHOOL
S.7138,MNONGODI SECONDARY SCHOOL
S.7139,MTINIKO SECONDARY SCHOOL
S.7140,SHIMBO MKUZA SECONDARY SCHOOL
S.7141,NYOMBO SECONDARY SCHOOL
S.7142,KABUKU NDANI SECONDARY SCHOOL
S.7143,DR. LAWRANCE GAMA SECONDARY SCHOOL
S.7144,MIYUJI B SECONDARY SCHOOL
S.7145,MLIMANI MURIET SECONDARY SCHOOL
S.7146,MLELE SECONDARY SCHOOL
S.7147,NDOLEZI SECONDARY SCHOOL
S.7148,TUPEVILWE SECONDARY SCHOOL
S.7149,MKANAREDI SECONDARY SCHOOL
S.7150,MAKONDENI SECONDARY SCHOOL
S.7151,YOMBO VITUKA SECONDARY SCHOOL
S.7152,PUNI SECONDARY SCHOOL
S.7154,IMANI THABITI SECONDARY SCHOOL
S.7155,KITANGA KISARAWE SECONDARY SCHOOL
S.7156,IKUBA SECONDARY SCHOOL
S.7157,MESSOMAPYA SECONDARY SCHOOL
S.7158,ITIGI MAJENGO SECONDARY SCHOOL
S.7159,KANEGELE2023 SECONDARY SCHOOL
S.7160,MTAPA SECONDARY SCHOOL
S.7161,LAUTENI KANONI SECONDARY SCHOOL
S.7162,BUGARA MILLENIUM SECONDARY SCHOOL
S.7163,KASHENO SECONDARY SCHOOL
S.7164,NYAMAHANGA MISSION SECONDARY SCHOOL
S.7165,BUTENGWA SECONDARY SCHOOL
S.7166,UYANJO SECONDARY SCHOOL
S.7169,FEDHA SECONDARY SCHOOL
S.7170,DECA BRILLIANT SECONDARY SCHOOL
S.7172,MWAWEJA SECONDARY SCHOOL
S.7173,MHAMAMMOJA SCONDARY SCHOOL
S.7174,NTOMOKO SECONDARY SCHOOL
S.7175,KABINDI SECONDARY SCHOOL
S.7176,LWANJILO SECONDARY SCHOOL
S.7177,NAMILEMBE SECONDARY SCHOOL
S.7178,MKUNGO SECONDARY SCHOOL
S.7179,KABANTANGE SECONDARY SCHOOL
S.7180,TAMBALALE SECONDARY SCHOOL
S.7181,GICHERI SECONDARY SCHOOL
S.7182,NYAGESESE SECONDARY SCHOOL
S.7183,LILONDO SECONDARY SCHOOL
S.7184,GUNATRA SECONDARY SCHOOL
S.7185,ANGELLAH KAIRUKI SECONDARY SCHOOL
S.7186,MISUFINI-GOMA SECONDARY SCHOOL
S.7187,DEUS CARITAS SECONDARY SCHOOL
S.7188,NEW HOPE SECONDARY SCHOOL
S.7189,EPIPHANY  GIRLS SECONDARY SCHOOL
S.7190,DAY SPRING SECONDARY SCHOOL
S.7191,DR. KAENA SECONDARY SCHOOL
S.7192,NSALAGA SECONDARY SCHOOL
S.7193,ISANGALA SECONDARY SCHOOL
S.7194,MURUBANGA SECONDARY SCHOOL
S.7195,MTUNGULU  SECONDARY SCHOOL
S.7196,MADIIRA SECONDARY SCHOOL
S.7197,IGUNGULI  SECONDARY SCHOOL
S.7198,"KIMAGHAI ""A""  SECONDARY SCHOOL"
S.7199,MALOLO  SECONDARY SCHOOL
S.7200,KISENGA SECONDARY SCHOOL
S.7201,MAYEKA SECONDARY SCHOOL
S.7202,KAMBIKATOTO SECONDARY SCHOOL
S.7203,KWAMAGOME SECONDARY SCHOOL
S.7204,SAASHISHA SECONDARY SCHOOL
S.7205,MWAMBOLA SECONDARY SCHOOL
S.7206,BUNDA MJINI SECONDARY SCHOOL
S.7207,DR. SAMIA SULUHU-ISHPONGA SECONDARY SCHOOL
S.7208,MKAPA GIRLS SECONDARY SCHOOL
S.7209,RUKUMBI SECONDARY SCHOOL
S.7210,LYOWA SECONDARY SCHOOL
S.7211,PIDA SECONDARY SCHOOL
S.7212,SHUNGULIBA SECONDARY SCHOOL
S.7213,NYAKADUHA SECONDARY SCHOOL
S.7214,MUUNGANO PACHANI SECONDARY SCHOOL
S.7215,MWASALA  SECONDARY SCHOOL
S.7216,SOLYA SECONDARY SCHOOL
S.7217,MBUGANI KITANDILILO SECONDARY SCHOOL
S.7218,MAVOTA SECONDARY SCHOOL
S.7219,JIDA SECONDARY SCHOOL
S.7220,KONGA SECONDARY SCHOOL
S.7221,LOVUND SECONDARY SCHOOL
S.7222,KWAVAVA SECONDARY SCHOOL
S.7223,FOROFORO SECONDARY SCHOOL
S.7224,MASAIKA SECONDARY SCHOOL
S.7225,LAKE EYASI SECONDARYSCHOOL
S.7226,KAGEGA SECONDARY SCHOOL
S.7227,KILELEMA SECONDARY SCHOOL
S.7228,UGEMBE SECONDARY SCHOOL
S.7229,MIHAYO CHEYO SECONDARY SCHOOL
S.7230,PUMUANI SECONDARY SCHOOL
S.7231,NDEJEMBI  SECONDARY SCHOOL
S.7232,MWALIMU NYERERE CHAMWIMO SECONDARY SCHOOL
S.7233,MITESA SECONDARY SCHOOL
S.7234,KAGERA RIVER GIRLS' SECONDARY SCHOOL
S.7235,MANCHALI GIRLS  SECONDARY SCHOOL
S.7236,KATAVI GIRLS SECONDARY SCHOOL
S.7237,KINGU SECONDARY SCHOOL
S.7238,KASASA SECONDARY SCHOOL
S.7239,NKUHI MTATURU SECONDARY SCHOOL
S.7240,LAKE ITAMBA SECONDARY SCHOOL
S.7241,LEPURKO SECONDARY SCHOOL
S.7242,CHIGELA SECONDARY SCHOOL
S.7243,DR. BATILDA BURIANI GIRLS SECONDARY SCHOOL
S.7244,SASU SECONDARY SCHOOL
S.7245,MAKINGI  SECONDARY SCHOOL
S.7246,KASUNGU  SECONDARY SCHOOL
S.7247,NAMING'ONGO SECONDARY SCHOOL
S.7248,BAGHAI SECONDARY SCHOOL
S.7249,LUPEPO SECONDARY SCHOOL
S.7250,UBUNGO NHC SECONDARY SCHOOL
S.7251,KING'AZI SECONDARY SCHOOL
S.7252,MAZOEZI SECONDARY SCHOOL
S.7253,CHASIMBA SECONDARY SCHOOL
S.7254,CHEMCHEM RUFIJI SECONDARY SCHOOL
S.7255,KIHENZILE SECONDARY SCHOOL
S.7256,RUFIJI SECONDARY SCHOOL
S.7257,MTAKUJA B SECONDARY SCHOOL
S.7258,MTOPESI SECONDARY SCHOOL
S.7259,KASERA SECONDARY SCHOOL
S.7260,AYAMOHE SECONDARY SCHOOL
S.7261,LUKANDE SECONDARY SCHOOL
S.7262,TULINDANE SECONDARY SCHOOL
S.7263,MPUTA SECONDARY SCHOOL
S.7264,NTATUMBILA SECONDARY SCHOOL
S.7265,KAPITA SECONDARY SCHOOL
S.7266,KITUMBALOMO SECONDARY SCHOOL
S.7267,JOSEPHAT KANDEGE SECONDARY SCHOOL
S.7268,KILUNGULE SECONDARY SCHOOL
S.7269,RAPHTA SECONDARY SCHOOL
S.7270,SIKONGE  SECONDARY SCHOOL
S.7272,NANYALA SECONDARY SCHOOL
S.7273,MAGAMBA - MBOZI SECONDARY SCHOOL
S.7275,BUBWEMO SECONDARY SCHOOL
S.7276,MRIJO JUU SECONDARY SCHOOL
S.7277,MSAMBIAZI SECONDARY SCHOOL
S.7278,IZUBA SECONDARY SCHOOL
S.7279,ABRAHAM SAMBILA SECONDARY SCHOOL
S.7280,NGWALA SECONDARY SCHOOL
S.7281,SAMIA MTONGANI SECONDARY SCHOOL
S.7282,MWELANI SECONDARY SCHOOL
S.7283,BULANGWA SECONDARY SCHOOL
S.7284,FADHILA MEMORIAL SECONDARY SCHOOL
S.7286,THE SISTERS OF MARY BOYS TOWN SECONDARY SCHOOL
S.7288,TUWEMACHO SECONDARY SCHOOL
S.7289,KILIMANJARO GIRLS SECONDARY SCHOOL
S.7290,CHIEF SAROTA SECONDARY SCHOOL
S.7291,MWAKIBUGA SECONDARY SCHOOL
S.7292,MARIWANDA SECONDARY SCHOOL
S.7293,INGRI SECONDARY SCHOOL
S.7294,NJOMBE GIRLS' SECONDARY SCHOOL
S.7295,NDOGOWE SECONDARY SCHOOL
S.7296,ST. IDA MPANGA SECONDARY SCHOOL
S.7297,KISWAGO SECONDARY SCHOOL
S.7298,MWANANGWA SECONDARY SCHOOL
S.7299,KWEUMA SECONDARY SCHOOL
S.7300,DR. PHILIP I. MPANGO SECONDARY SCHOOL
S.7301,PROF. ADOLF MKENDA SECONDARY SCHOOL
S.7302,MPANGA TAZARA SECONDARY SCHOOL
S.7303,SEREGETE SECONDARY SCHOOL
S.7304,KISAKI MAJIMOTO SECONDARY SCHOOL
S.7305,MBWEWE SECONDARY SCHOOL
S.7306,SAUNYI SECONDARY SCHOOL
S.7307,MUSAMBARA SECONDARY SCHOOL
S.7308,LIPANGALALA SECONDARY SCHOOL
S.7309,MAPILI SECONDARY SCHOOL
S.7311,UTURO SECONDARY SCHOOL
S.7312,BAMBAKILIFI SECONDARY SCHOOL
S.7313,TINGINYA SECONDARY SCHOOL
S.7314,KUNAMBI SECONDARY SCHOOL
S.7315,SAHWA SECONDARY SCHOOL
S.7316,KANDAHARI SECONDARY SCHOOL
S.7317,STANSLAUS MABULA SECONDARY SCHOOL
S.7318,KAITORO SECONDARY SCHOOL
S.7319,BULALE SECONDARY SCHOOL
S.7320,NDONDO SECONDARY SCHOOL
S.7321,EKWABI MEMORIAL SECONDARY SCHOOL
S.7322,KUBITERERE SECONDARY SCHOOL
S.7323,MTANA SECONDARY SCHOOL
S.7324,NYAGISYA SECONDARY SCHOOL
S.7325,MISHENI SECONDARY SCHOOL
S.7326,SAVANA SECONDARY SCHOOL
S.7328,JERUSALEM MLIMANI SECONDARY SCHOOL
S.7330,NEW VISION SINGIDA SECONDARY SCHOOL
S.7333,MKALI SECONDARY SCHOOL
S.7334,BUGANGO SECONDARY SCHOOL
S.7335,LAJASECONDARY SCHOOL
S.7336,NAMATUNGUTUNGU SECONDARY SCHOOL
S.7337,BUGEGERE SECONDARY SCHOOL
S.7338,KWABASTOLA SECONDARY SCHOOL
S.7339,NKUYU-ITILIMA SECONDARY SCHOOL
S.7340,MAKAZI DAY SECONDARY SCHOOL
S.7341,BUHAMA SECONDARY SCHOOL
S.7343,KAMWANGA SECONDARY SCHOOL
S.7345,KWADOE SECONDARY SCHOOL
S.7346,MPAPAYU SECONDARY SCHOOL
S.7347,BIHARU SECONDARY SCHOOL
S.7348,MIWA SECONDARY SCHOOL
S.7349,TARIMBA ABBAS SECONDARY SCHOOL
S.7350,DKT. PHILIP ISDORY MPANGO SECONDARY SCHOOL
S.7351,KIOMBOI LUTHERAN JUNIOR SEMINARY
S.7352,CHIBOLI  SECONDARY SCHOOL
S.7353,MBALE  SECONDARY SCHOOL
S.7354,KALUMBALEZA SECONDARY SCHOOL
S.7356,BOMBO 'M'  SECONDARY SCHOOL
S.7357,NKELEI MPYA SECONDARY SCHOOL
S.7358,MKUNDI 'M' SECONDARY SCHOOL
S.7359,KINGITI SECONDARY SCHOOL
S.7360,KANYWANGILI SECONDARY SCHOOL
S.7362,MLEMBULE SECONDARY SCHOOL
S.7363,KIDZCARE SECONDARY SCHOOL
S.7366,KAGUNGA GREEN SECONDARY SCHOOL
S.7367,HOPE ADVENTIST SECONDARY SCHOOL
S.7369,RAUDHWA MODERN ISLAMIC SECONDARY SCHOOL
S.7371,KAKOLA KATI SECONDARY SCHOOL
S.7373,KALALANGABO SECONDARY SCHOOL
S.7374,JOSEPH KIZURIRA SECONDARY SCHOOL
S.7375,RUTENGA SECONDARY SCHOOL
S.7376,BUMYENGEJA SECONDARY SCHOOL
S.7377,NYANTOROTORO SECONDARY SCHOOL
S.7378,ISAKA ONE SECONDARY SCHOOL
S.7379,NANDA NEWALA SECONDARY SCHOOL
S.7380,DR SAMIA-LUMYOZI SECONDARY SCHOOL
S.7382,MADOTO SECONDARY SCHOOL
S.7383,MICHENGA SECONDARY SCHOOL
S.7384,ILOMBA 1 SECONDARY SCHOOL
S.7385,MWIKANTSI SECONDARY SCHOOL
S.7387,VUJE SECONDARY SCHOOL
S.7389,HINJU SECONDARY SCHOOL
S.7390,FR. MARIANO SECONDARY SCHOOL
S.7391,CHEMCHEM HUDUMA SECONDARY SCHOOL
S.7392,KIHUNGU SECONDARY SCHOOL
S.7394,BENJAMINI MKAPA NEWALA SECONDARY SCHOOL
S.7397,KYANYA SECONDARY SCHOOL
S.7402,NKULABI SECONDARY SCHOOL
S.7403,MICHESE SECONDARY SCHOOL
S.7404,NEW CHANGANYIKENI SECONDARY SCHOOL
S.7406,MURONGOINE SECONDARY SCHOOL
S.7408,NZUGUNI B SECONDARY SCHOOL
S.7409,ITETEMIA SECONDARY SCHOOL
S.7410,IYOGWE CHAUYA 70 SECONDARY SCHOOL
S.7412,TOLOHA SECONDARY SCHOOL
S.7414,ANTHONY MAVUNDE SECONDARY SCHOOL
S.7416,MESIJA GIRLS SECONDARY SCHOOL
S.7417,SEKEI DAY SECONDARY SCHOOL
S.7418,SALMA RASHID KIKWETE SECONDARY SCHOOL
S.7420,ILUNDA SECONDARY SCHOOL
S.7421,MAKONGORA SECONDARY SCHOOL
S.7422,KILAMSA BEST SECONDARY SCHOOL
S.7423,ORNG'ADIDA SECONDARY SCHOOL
S.7424,EVERLASTING ACADEMY SECONDARY SCHOOL
S.7427,RWANTEGE SECONDARY SCHOOL
S.7428,ILEMERA-MULEBA SECONDARY SCHOOL
S.7429,KASULO SECONDARY SCHOOL
S.7430,IRAMBA KONA SECONDARY SCHOOL
S.7435,NYAKANYASI SECONDARY SCHOOL
S.7436,KABARE SECONDARY SCHOOL
S.7437,SHIRIKISHO SECONDARY SCHOOL
S.7438,MPELUMBE BOKOMNEMELA SECONDARY SCHOOL
S.7440,HEKIMA BORA SECONDARY SCHOOL
S.7441,LUKOLE DAY SECONDARY SCHOOL
S.7446,WANGI SECONDARY SCHOOL
S.7447,LUFU SECONDARY SCHOOL
S.7449,ST. FRANCIS INCLUSIVE SECONDARY SCHOOL
S.7450,HIGH GATE SECONDARY SCHOOL
S.7452,WANANCHI SECONDARY SCHOOL
S.7453,KAZEGUNGA SECONDARY SCHOOL
S.7456,MOUNT HOREBU SECONDARY SCHOOL
S.7457,MWASONGE SECONDARY SCHOOL
S.7458,UGANSA  SECONDARY SCHOOL
S.7459,BAGAMOYO ISLAMIC SECONDARY SCHOOL
S.7461,EAST AFRICA SECONDARY SCHOOL
S.7463,BULYANG'OMBEE SECONDARY SCHOOL
S.7472,KASUGUTI SECONDARY SCHOOL
S.7473,WALAWI SECONDARY SCHOOL
S.7474,EG WHITE SECONDARY SCHOOL
S.7476,GOD SHALOM COMPASSION SECONDARY SCHOOL
S.7477,GOD GIVEN  SECONDARY SCHOOL
S.7478,IMMACULATA MODEL GIRL'S SECONDARY SCHOOL
S.7479,MAFIA IMAAN SECONDARY SCHOOL
S.7486,"MLELA  ""B"" SECONDARY SCHOOL"
S.7487,KATURUKILA SECONDARY SCHOOL
S.7496,ORKOKOLA  SECONDARY SCHOOL
S.7497,LOOVILUKUNY  SECONDARY SCHOOL
S.7498,TANGINI SECONDARY SCHOOL
S.7499,MSANGANI II SECONDARY SCHOOL
S.7500,IGANGITALI SECONDARY SCHOOL
S.7502,GOSHEN MODEL SECONDARY SCHOOL
S.7505,NYARUTUNTU DREAMS SECONDARY SCHOOL
S.7506,COMPETENCE GIRLS ISLAMIC SEMINARY
S.7509,MWASAGELA SECONDARY SCHOOL
S.7512,MATAWALE SECONDARY SCHOOL
S.7513,KANYAMLIMA SECONDARY SCHOOL
S.7517,UMOJA LEGACY SECONDARY SCHOOL
S.7521,CONSOLATA CENTENARY SECONDARY SCHOOL
S.7522,ISSALE SECONDARY SCHOOL
S.7525,MWALO SECONDARY SCHOOL
S.7526,MUGANASHA SECONDARY SCHOOL
S.7533,SHEWA SECONDARY SCHOOL
S.7542,MTEGOWANOTI SECONDARY SCHOOL
S.7573,KIWANGWA MJINI SECONDARY SCHOOL
S.7609,MSSANGE SECONDARY SCHOOL
S.7622,MNENIA SECONDARY SCHOOL
S.7633,MNINDI SECONDARY SCHOOL
S.7706,NALINGU DAY SECONDARY SCHOOL
